citekey,entry_type,title,author,year,journal,doi,url,pages,volume,number,scopus_type,note,open_access_flag,gold_oa,green_oa
Desai2024631,ARTICLE,Heart failure with mildly reduced and preserved ejection fraction: A review of disease burden and remaining unmet medical needs within a new treatment landscape,"Desai, Nihar and Olewinska, Elzbieta and Famulska, Agata and Remuzat, Cécile and Francois, Clément and Folkerts, Kerstin",2024,Heart Failure Reviews,10.1007/s10741-024-10385-y,https://www.scopus.com/pages/publications/85186199365?origin=resultslist,631 - 662,29,3,Article,Cited by: 26; All Open Access; Green Open Access; Hybrid Gold Open Access,True,True,True
Chai2024,ARTICLE,"Identification, screening, and comprehensive evaluation of novel thrombin inhibitory peptides from the hirudo produced using pepsin","Chai, Xiaoyu and Pan, Fulu and Wang, Qianqian and Wang, Xinyu and Li, Xueyan and Qi, Dongying and Yi, Zirong and Liu, Huan and Zhang, Jing and Zhang, Yiming and Pan, Yanli and Liu, Yang and Wang, Guopeng",2024,Frontiers in Pharmacology,10.3389/fphar.2024.1460053,https://www.scopus.com/pages/publications/85210999523?origin=resultslist,,15,,Article,Cited by: 3; All Open Access; Gold Open Access; Green Open Access,True,True,True
Kitazawa2026,ARTICLE,Quantitative method for analyzing the adhesion and migration dynamics of porous microspheres on the cell surfaces using in vitro cultured gastrointestinal epithelial and mucus-secreting cells,"Kitazawa, Takeo and Hatori, Yuta and Takano, Mikihisa and Matsumoto, Akihiro",2026,Results in Materials,10.1016/j.rinma.2026.101021,https://www.scopus.com/pages/publications/105047440569?origin=resultslist,,31,,Article,Cited by: 0; All Open Access; Gold Open Access,True,True,False
Lee202670,ARTICLE,Immunoregulatory protein-hybrid extracellular vesicles via self-loadable backbone cyclization for oral inflammatory bowel disease therapy,"Lee, Yeonju and Yoo, Chaerim and Kim, Kyung-Min and Kim, Sumin and Oh, Yu Kyung and Cho, Sookyung and Kim, Gil-Ran and Choi, Je-Min and Yang, Ji Yeong and Jung, Hyo-Il and Park, Sijin and Lee, Dong Yun and Kim, Young-Pil",2026,Bioactive Materials,10.1016/j.bioactmat.2025.11.036,https://www.scopus.com/pages/publications/105023323332?origin=resultslist,70 - 88,58,,Article,Cited by: 2; All Open Access; Gold Open Access; Green Open Access,True,True,True
Richards2025,ARTICLE,A Remotely Delivered GLP-1RA–Supported Specialist Weight Management Program in Adults Living With Obesity: Retrospective Service Evaluation,"Richards, Rebecca and Whitman, Michael and Wren, Gina and Campion, Peta",2025,JMIR Formative Research,10.2196/72577,https://www.scopus.com/pages/publications/105009338813?origin=resultslist,,9,,Article,Cited by: 3; All Open Access; Gold Open Access; Green Open Access,True,True,True
Zachou2024127,ARTICLE,The role of anti-diabetic drugs in NAFLD. Have we found the Holy Grail? A narrative review,"Zachou, Maria and Flevari, Pagona and Nasiri-Ansari, Narjes and Varytimiadis, Constantinos and Kalaitzakis, Evangelos and Kassi, Eva and Androutsakos, Theodoros",2024,European Journal of Clinical Pharmacology,10.1007/s00228-023-03586-1,https://www.scopus.com/pages/publications/85176132026?origin=resultslist,127 - 150,80,1,Article,Cited by: 30; All Open Access; Green Open Access; Hybrid Gold Open Access,True,True,True
Xu2025,ARTICLE,Semaglutide ameliorates retinal vascular permeability destruction in diabetic retinopathy by AnxA2-mediated MMP-9 activation and basement membrane remodeling,"Xu, Chengye and Meng, Ziyu and Lin, Wenjian and Li, Hongxue and Xu, Qian and Zhao, Kangqi and Chen, Yangwen and Wang, Yan and Zou, Wei and Kuang, Binglin and Kuang, Hongyu",2025,Biomedicine and Pharmacotherapy,10.1016/j.biopha.2025.118409,https://www.scopus.com/pages/publications/105011853155?origin=resultslist,,190,,Article,Cited by: 7; All Open Access; Gold Open Access,True,True,False
Sklepinski2025,ARTICLE,Comparative effectiveness of GLP-1 receptor agonists on cardiovascular outcomes among adults with type 2 diabetes and moderate cardiovascular risk: emulation of a target trial,"Sklepinski, Stacey M. and Deng, Yihong and Swarna, Kavya Sindu and Herrin, Jeph and Polley, Eric C. and Neumiller, Joshua J. and Galindo, Rodolfo J. and Umpierrez, Guillermo E. and Ross, Joseph S. and Borah, Bijan J. and Maron, Bradley A. and Mickelson, Mindy M. and McCoy, Rozalina G.",2025,Diabetes Research and Clinical Practice,10.1016/j.diabres.2025.112910,https://www.scopus.com/pages/publications/105017713764?origin=resultslist,,229,,Article,Cited by: 8; All Open Access; Hybrid Gold Open Access,True,True,False
Goldberg2025,ARTICLE,The Chimeric Peptide (GEP44) Reduces Body Weight and Both Energy Intake and Energy Expenditure in Diet-Induced Obese Rats,"Goldberg, Matvey and Blevins, James E. and Wolden-Hanson, Tami and Elfers, Clinton T. and Chichura, Kylie S. and Ashlaw, Emily F. and den Hartigh, Laura J. and Roth, Christian L. and Doyle, Robert P.",2025,International Journal of Molecular Sciences,10.3390/ijms26073032,https://www.scopus.com/pages/publications/105002293504?origin=resultslist,,26,7,Article,Cited by: 2; All Open Access; Gold Open Access; Green Open Access,True,True,True
Tonon2026,ARTICLE,Liraglutide Modifies Gut Microbiota Without Modulating Doxorubicin-Induced Toxicity in Rats,"Tonon, Carolina R. and Monte, Marina G. and Ballin, Paola S. and Fujimori, Anderson S. S. and Ferreira, Natália F. and Vieira, Nayane M. and Carreira, Lara P. and Rodrigues, Maria A. M. and Rodrigues, Josias and Almeida Junior, Luiz and Di Stasi, Luiz C. and Santos, Andrey and Magro, Daniela O. and Minicucci, Marcos F. and Zornoff, Leonardo A. M. and Okoshi, Marina P. and Paiva, Sergio A. R. and Polegato, Bertha F.",2026,Antioxidants,10.3390/antiox15050538,https://www.scopus.com/pages/publications/105040134614?origin=resultslist,,15,5,Article,Cited by: 0; All Open Access; Gold Open Access; Green Open Access,True,True,True
McEwan202524,ARTICLE,"The health economics of insulin therapy: How do we address the rising demands, costs, inequalities and barriers to achieving optimal outcomes","McEwan, Phil and Evans, Marc",2025,"Diabetes, Obesity and Metabolism",10.1111/dom.16488,https://www.scopus.com/pages/publications/105007541268?origin=resultslist,24 - 35,27,S5,Article,Cited by: 4; All Open Access; Green Open Access; Hybrid Gold Open Access,True,True,True
Coriati202519,ARTICLE,Cystic Fibrosis–related Diabetes: A First Canadian Clinical Practice Guideline,"Coriati, Adèle and Potter, Kathryn Jane and Gilmour, Julie and Lam, Grace Y. and Nichols, Carly and Lands, Larry C. and Doyle, Mary-Anne and Boudreau, Valérie and Alexandre-Heymann, Laure and McKinney, Martha L. and Sherifali, Diana and Senior, Peter and Rabasa-Lhoret, Rémi",2025,Canadian Journal of Diabetes,10.1016/j.jcjd.2024.09.001,https://www.scopus.com/pages/publications/105000935633?origin=resultslist,19 - 28.e16,49,1,Article,Cited by: 25; All Open Access; Hybrid Gold Open Access,True,True,False
Kim2026,ARTICLE,Formulation Engineering of Oral Semaglutide Tablets: Unleashing Gastric Intestinal Permeation with Sodium Caprate,"Kim, Do-Hyub and Hwang, Sung-Kwan and Yoon, Ji-Hyeon and Na, Dong Hee and Park, Young-Joon and Chae, Yoon-Jee and Chang, Ji-Eun and Kim, Joo-Eun",2026,Pharmaceutics,10.3390/pharmaceutics18060680,https://www.scopus.com/pages/publications/105042882083?origin=resultslist,,18,6,Article,Cited by: 1; All Open Access; Gold Open Access; Green Open Access,True,True,True
Li2025,ARTICLE,Pharmacokinetics and pharmacodynamics studies of Relugolix long-acting microcrystalline formulation in male Beagle dogs,"Li, Chunxian and Wang, Jingxian and Wang, Jianxin and Yu, Miao and Zhao, Pei and Yu, Jing and Guo, Xiaohong and Luo, Zhanling and Yang, Xiaolai",2025,European Journal of Pharmaceutical Sciences,10.1016/j.ejps.2025.107245,https://www.scopus.com/pages/publications/105014023762?origin=resultslist,,213,,Article,Cited by: 3; All Open Access; Gold Open Access,True,True,False
Ambrosy2025725,ARTICLE,"Incidence of Heart Failure in Asian American, Native Hawaiian, and Other Pacific Islander Populations","Ambrosy, Andrew P. and Daida, Yihe G. and Parikh, Rishi V. and Tan, Thida C. and Howick, Connor K. and Alexeeff, Stacey E. and Lo, Joan C. and Go, Alan S.",2025,Journal of the American College of Cardiology,10.1016/j.jacc.2025.06.047,https://www.scopus.com/pages/publications/105013669580?origin=resultslist,725 - 734,86,10,Article,Cited by: 4; All Open Access; Green Open Access,True,False,True
Raptis2025,ARTICLE,Permeation Enhancer-based Ionogel Shows Remarkable Potential for Oral Insulin Delivery,"Raptis, Konstantinos and Heade, Joanne and Cunha, Cristiana and van de Weert, Marco and Saaby, Lasse and Rønholt, Stine and Nielsen, Hanne Mørck",2025,Advanced Healthcare Materials,10.1002/adhm.202500946,https://www.scopus.com/pages/publications/105007819982?origin=resultslist,,14,20,Article,Cited by: 9; All Open Access; Green Open Access; Hybrid Gold Open Access,True,True,True
Subedi2026,ARTICLE,Dual-transporter-targeted oral semaglutide nanomicelles enable enhanced intestinal absorption and metabolic reprogramming in obesity and diabetes,"Subedi, Laxman and Bamjan, Arjun Dhwoj and Kim, Eunbin and Phuyal, Susmita and Sapkota, Binaya and Kim, Ki-Taek and Cho, Seung-Sik and Shim, Jung-Hyun and Seo, Jong Bae and Park, Jin Woo",2026,Journal of Controlled Release,10.1016/j.jconrel.2026.115297,https://www.scopus.com/pages/publications/105048698643?origin=resultslist,,399,,Article,Cited by: 0; All Open Access; Hybrid Gold Open Access,True,True,False
Luthfiana2026,ARTICLE,Backbone N-Methylation Improves PPCA-Binding of a Stylissatin A Analogue via Conformational Modulation,"Luthfiana, Dewi and Dakiiwa, Ayumi and Shibata, Takahiro and Kita, Masaki",2026,Chemistry - An Asian Journal,10.1002/asia.70906,https://www.scopus.com/pages/publications/105045705426?origin=resultslist,,21,14,Article,Cited by: 0; All Open Access; Green Open Access,True,False,True
Bian20261000,ARTICLE,Microbiota-driven gut-brain signaling underlies antidepressant effects of a GLP-1 analog,"Bian, Liang and Cai, Yang and Zhang, Yuan and Shen, Ling and Wang, Huijuan and Gao, Feng and Cai, Ningbo and Chen, Wenbo and You, Conghui and Yang, Yurui and Wang, Fang and Yuan, Yonggui and Han, Bing and Yao, Honghong",2026,Cell Host and Microbe,10.1016/j.chom.2026.05.003,https://www.scopus.com/pages/publications/105041138883?origin=resultslist,1000 - 1017.e5,34,6,Article,Cited by: 2; All Open Access; Bronze Open Access,True,False,False
Fredholt20261773,ARTICLE,Impact of sodium caprate dosed as a mini-tablet or suspension on insulin delivery and mucosa histomorphology,"Fredholt, Freja and Heade, Joanne and Rantanen, Jukka and Rønholt, Stine and Nielsen, Hanne Mørck",2026,Drug Delivery and Translational Research,10.1007/s13346-025-01977-8,https://www.scopus.com/pages/publications/105018316403?origin=resultslist,1773 - 1787,16,6,Article,Cited by: 2; All Open Access; Green Open Access; Hybrid Gold Open Access,True,True,True
Young2024,ARTICLE,Medicare Coverage and Patient Out-of-Pocket Costs for Cardiovascular-Kidney-Metabolic Medications,"Young, Grant M. and Bansal, Kannu and Riello, Ralph J. and Clark, Katherine A. A. and Dhruva, Sanket S. and Faridi, Kamil F. and Desai, Nihar R.",2024,JAMA Network Open,10.1001/jamanetworkopen.2024.12437,https://www.scopus.com/pages/publications/85193906740?origin=resultslist,,7,5,Article,Cited by: 12; All Open Access; Gold Open Access; Green Open Access,True,True,True
Yao202519480,ARTICLE,Microdroplet Mass Spectrometry Enables Rapid and Sensitive Measurement of Glucose Homeostasis for Elucidating Mechanism of Drug Action,"Yao, Huifang and Zhou, Dan and VanSickle, Sophie and Zhou, Haihong and McLaren, David G. and Chen, Hao and Previs, Stephen F.",2025,Analytical Chemistry,10.1021/acs.analchem.5c01759,https://www.scopus.com/pages/publications/105035690708?origin=resultslist,19480 - 19488,97,36,Article,Cited by: 2; All Open Access; Green Open Access,True,False,True
Lunati2026,ARTICLE,Case Report: Latent autoimmune diabetes in two young female patients successfully treated with oral semaglutide and basal insulin,"Lunati, Maria Elena and Galesi, Giuseppe and Bernasconi, Davide and Tinari, Camilla and Fiorina, Paolo",2026,Frontiers in Endocrinology,10.3389/fendo.2026.1833794,https://www.scopus.com/pages/publications/105046112499?origin=resultslist,,17,,Article,Cited by: 0; All Open Access; Gold Open Access; Green Open Access,True,True,True
2026S321,ARTICLE,15. Management of Diabetes in Pregnancy: Standards of Care in Diabetes—2026,,2026,Diabetes Care,10.2337/dc26-S015,https://www.scopus.com/pages/publications/105024145695?origin=resultslist,S321 - S338,49,,Article,Cited by: 65; All Open Access; Green Open Access,True,False,True
Dimnjaković2026,ARTICLE,Identifying high-risk combinations of metformin during COVID-19,"Dimnjaković, Jelena and Buble, Tamara and Poljičanin, Tamara and Brborović, Hana and Brađašević, Emanuel and Brborović, Ognjen",2026,PLOS ONE,10.1371/journal.pone.0343979,https://www.scopus.com/pages/publications/105031667310?origin=resultslist,,21,3 March,Article,Cited by: 0; All Open Access; Gold Open Access; Green Open Access,True,True,True
Garvey20261742,ARTICLE,"Oral GLP-1RA TERN-601 for Adults With Obesity/Overweight: Placebo-Controlled, Multiple-Ascending-Dose, Phase 1 and 2 Studies","Garvey, W. Timothy and Rosenstock, Julio and Bays, Harold E. and Denham, Douglas and Kohli, Anita and Haines, Melanie and Jones, Christopher and Kwan, Ellen and Castelloe, Erin and Marmon, Tonya and Kuriakose, Emil and Nelson, Cara",2026,Obesity,10.1002/oby.70271,https://www.scopus.com/pages/publications/105046164819?origin=resultslist,1742 - 1758,34,9,Article,Cited by: 0; All Open Access; Green Open Access; Hybrid Gold Open Access,True,True,True
Kuang2026166,ARTICLE,A comprehensive study using multiple experimental models validated the potential blood pressure reduction effect of rivaroxaban,"Kuang, Hongyu and Li, Kexin and Yang, Hong and Yang, Ke and Zhang, Zhirou and Zhu, Jie and Wei, Jia and Pan, Pei and Chen, Jinghong and Chen, Yihan and Qi, Chang and Du, Huaan",2026,Current Molecular Pharmacology,10.1016/j.cmp.2026.06.001,https://www.scopus.com/pages/publications/105046553948?origin=resultslist,166 - 180,19,1,Article,Cited by: 0; All Open Access; Hybrid Gold Open Access,True,True,False
Zheng2025,ARTICLE,Utilization of Native CRISPR-Cas9 System for Expression of Glucagon-like Peptide-1 in Lacticaseibacillus paracasei,"Zheng, Mumin and Zhang, Shuwen and Wang, Yunna and Xie, Ning and Wang, Xiaodan and Lv, Jiaping and Pang, Xiaoyang and Li, Xu",2025,Foods,10.3390/foods14101785,https://www.scopus.com/pages/publications/105006732213?origin=resultslist,,14,10,Article,Cited by: 1; All Open Access; Gold Open Access; Green Open Access,True,True,True
Dayer20251488,ARTICLE,Comprehensive Access to Semaglutide: Clinical and Economic Implications for Medicare,"Dayer, Victoria W. and Nourhussein, Iman and Kasle, Adam and Hansen, Ryan N. and Navas, Angelo and Sullivan, Sean D.",2025,Value in Health,10.1016/j.jval.2025.07.007,https://www.scopus.com/pages/publications/105013130244?origin=resultslist,1488 - 1496,28,10,Article,Cited by: 4; All Open Access; Green Open Access; Hybrid Gold Open Access,True,True,True
Tian2025,ARTICLE,Semaglutide promotes the proliferation and osteogenic differentiation of bone-derived mesenchymal stem cells through activation of the Wnt/LRP5/β-catenin signaling pathway,"Tian, Yawei and Liu, Huiming and Bao, Xiaoxue and Li, Yukun",2025,Frontiers in Pharmacology,10.3389/fphar.2025.1539411,https://www.scopus.com/pages/publications/105000629902?origin=resultslist,,16,,Article,Cited by: 17; All Open Access; Gold Open Access; Green Open Access,True,True,True
Malgave2025,ARTICLE,"Influence of Buffering Capacity, pH, and Temperature on the Stability of Semaglutide: A Preformulation Study","Malgave, Adarsh and Akbar, Sideequl and Tiwari, Ayushi and Hande, Shamal and Joseph, Anumol and Malayandi, Rajkumar",2025,Journal of Peptide Science,10.1002/psc.70039,https://www.scopus.com/pages/publications/105010001254?origin=resultslist,,31,8,Article,Cited by: 8; All Open Access; Bronze Open Access,True,False,False
Liu2026,ARTICLE,Single-dose pharmacokinetics of sublingual semaglutide in rats,"Liu, Yi and Song, Guiyun and Banov, Daniel and Denison, Jennifer and Davis, Courtaney and Ip, Kendice",2026,European Journal of Pharmaceutical Sciences,10.1016/j.ejps.2025.107406,https://www.scopus.com/pages/publications/105024568218?origin=resultslist,,217,,Article,Cited by: 0; All Open Access; Gold Open Access,True,True,False
Sharma2026,ARTICLE,Worsening Kidney Function and Cardiovascular Outcomes in Type 2 Diabetes and Atherosclerotic Disease,"Sharma, Abhinav and Razaghizad, Amir and Stevens, Susanna R. and Lokhnygina, Yuliya and Bakris, George L. and Green, Jennifer B. and McGuire, Darren K. and Lopes, Renato D. and Buse, John B. and Armstrong, Paul W. and Peterson, Eric D. and Holman, Rury R.",2026,JACC: Advances,10.1016/j.jacadv.2026.102598,https://www.scopus.com/pages/publications/105034671785?origin=resultslist,,5,3,Article,Cited by: 1; All Open Access; Gold Open Access; Green Open Access,True,True,True
Luef2026,ARTICLE,"Study protocol for a 15-year follow-up of a randomized controlled trial on lifestyle intervention in pregnancy: assessing long-term effects on body composition, metabolic traits, and mental health in mothers and offspring","Luef, Birgitte Moeller and Jensen, Nanna Husted and Knorr, Sine and Kristensen, Kurt and Overgaard, Martin and Stentebjerg, Louise Laage and Catalano, Patrick M. and Möller, Sören and Maindal, Helle Terkildsen and Jensen, Dorte Møller and Vinter, Christina Anne",2026,Trials,10.1186/s13063-025-09418-0,https://www.scopus.com/pages/publications/105029871978?origin=resultslist,,27,1,Article,Cited by: 0; All Open Access; Gold Open Access; Green Open Access,True,True,True
Reddiar2024,ARTICLE,Lymphatic uptake of the lipidated and non-lipidated GLP-1 agonists liraglutide and exenatide is similar in rats,"Reddiar, Sanjeevini Babu and Abdallah, Mohammad and Styles, Ian K. and Müllertz, Olivia O. and Trevaskis, Natalie L.",2024,European Journal of Pharmaceutics and Biopharmaceutics,10.1016/j.ejpb.2024.114339,https://www.scopus.com/pages/publications/85193825208?origin=resultslist,,200,,Article,Cited by: 10; All Open Access; Green Open Access; Hybrid Gold Open Access,True,True,True
Palacios2025,ARTICLE,High-velocity delivery of biologics via the gastrointestinal tract by self-pressurized oral capsules,"Palacios, Joshua I. and Wood-Yang, Amy J. and Klavohn, Nicholas and Friesenhahn, Nick and Raman, Nisha and Baker, Nusaiba and Ashby, Grant and Prausnitz, Mark R.",2025,Journal of Controlled Release,10.1016/j.jconrel.2025.113963,https://www.scopus.com/pages/publications/105009908424?origin=resultslist,,385,,Article,Cited by: 6; All Open Access; Green Open Access; Hybrid Gold Open Access,True,True,True
Brayden2026,ARTICLE,The fourth controlled release society workshop on oral peptide administration,"Brayden, David J. and Buckley, Stephen T. and Lewis, Andrew L.",2026,Frontiers in Drug Delivery,10.3389/fddev.2026.1860678,https://www.scopus.com/pages/publications/105043309962?origin=resultslist,,6,,Article,Cited by: 0; All Open Access; Gold Open Access; Green Open Access,True,True,True
Zeng2025,ARTICLE,Smart ultra-long-lasting sequentially triggerable and artfully implantable nozzle system for on-demand drug delivery for chronotherapy,"Zeng, Qi and Gong, Yusheng and Jiao, Wenhao and Xu, Jiarong and Chen, Xiuli and Xu, Rengui and Liu, Yuan and Liang, Xinting and Li, Guanyue and Liu, Jiajing and He, Linxi and Li, Wenhao and Zhang, Xiaoxia and Chen, Xiaoyuan and Chen, Wei",2025,Science Advances,10.1126/sciadv.adv8734,https://www.scopus.com/pages/publications/105009819831?origin=resultslist,,11,26,Article,Cited by: 11; All Open Access; Gold Open Access; Green Open Access,True,True,True
Wood-Yang2025,ARTICLE,Stabilization of Self-Pressurized Gelatin Capsules for Oral Delivery of Biologics,"Wood-Yang, Amy J. and Palacios, Joshua I. and Sankaranarayanan, Abishek and Prausnitz, Mark R.",2025,Pharmaceutics,10.3390/pharmaceutics17091156,https://www.scopus.com/pages/publications/105017061895?origin=resultslist,,17,9,Article,Cited by: 0; All Open Access; Gold Open Access; Green Open Access,True,True,True
Raubenheimer2024,ARTICLE,Sweetening the deal: an infodemiological study of worldwide interest in semaglutide using Google Trends extended for health application programming interface,"Raubenheimer, Jacques Eugene and Myburgh, Pieter Hermanus and Bhagavathula, Akshaya Srikanth",2024,BMC Global and Public Health,10.1186/s44263-024-00095-w,https://www.scopus.com/pages/publications/105010864652?origin=resultslist,,2,1,Article,Cited by: 20; All Open Access; Gold Open Access; Green Open Access,True,True,True
Kumar2026,ARTICLE,"Co-design, implementation, and evaluation of a nested diabetes model of care for adults with cystic fibrosis: a mixed methods pre-post implementation study","Kumar, Shanal and Smith, Daniel and Moore, Vanessa and Matson, Angela",2026,JBI Evidence Implementation,10.1097/XEB.0000000000000551,https://www.scopus.com/pages/publications/105040736378?origin=resultslist,,Publish Ahead of Print,,Article,Cited by: 2; All Open Access; Hybrid Gold Open Access,True,True,False
Sheth2025124,ARTICLE,"Practical Recommendations on Cardiovascular Risk Evaluation in Patients With Psoriasis and Psoriatic Arthritis for Dermatologists, Rheumatologists, and Primary Care Physicians by the Psoriasis and Psoriatic Arthritis Clinics Multicenter Advancement Network","Sheth, Samip and Inestroza, Karla and Merola, Joseph F. and Weber, Brittany and Garshick, Michael",2025,Journal of Psoriasis and Psoriatic Arthritis,10.1177/24755303251337020,https://www.scopus.com/pages/publications/105007038239?origin=resultslist,124 - 130,10,4,Article,Cited by: 6; All Open Access; Green Open Access,True,False,True
Ng2025813,ARTICLE,"Global, regional, and national prevalence of adult overweight and obesity, 1990–2021, with forecasts to 2050: a forecasting study for the Global Burden of Disease Study 2021","Ng, Marie and Gakidou, Emmanuela and Lo, Justin and Abate, Yohannes Habtegiorgis and Abbafati, Cristiana and Abbas, Nasir and Abbasian, Mohammadreza and ElHafeez, Samar Abd and Abdel-Rahman, Wael M. and Abd-Elsalam, Sherief and Abdollahi, Arash and Abdoun, Meriem and Abdulah, Deldar Morad and Abdulkader, Rizwan Suliankatchi and Abdullahi, Auwal and Abedi, Armita and Abeywickrama, Hansani Madushika and Abie, Alemwork and Aboagye, Richard Gyan and Abohashem, Shady and Abtahi, Dariush and Abualruz, Hasan and Abubakar, Bilyaminu and Farha, Rana Kamal Abu and Abukhadijah, Hana J. and Abu-Rmeileh, Niveen M.E. and Aburuz, Salahdein and Abu-Zaid, Ahmed and Adams, Lisa C. and Adane, Mesafint Molla and Addo, Isaac Yeboah and Adedokun, Kamoru Ademola and Adegoke, Nurudeen A. and Adepoju, Abiola Victor Victor and Adesola, Ridwan Olamilekan and Adeyeoluwa, Temitayo Esther and Adiga, Usha and Adnani, Qorinah Estiningtyas Sakilah and Afaghi, Siamak and Afzal, Saira and Afzal, Muhammad Sohail and Agampodi, Thilini Chanchala and Aghamiri, Shahin and Sobrinho, César Agostinis and Agyemang-Duah, Williams and Ahlstrom, Austin J. and Ahmad, Danish and Ahmad, Sajjad and Ahmad, Aqeel and Ahmad, Muayyad M. and Ahmad, Fuzail and Ahmad, Noah and Ahmed, Haroon and Ahmed, Muktar Beshir and Ahmed, Ayman and Ahmed, Meqdad Saleh and Ahmed, Mehrunnisha Sharif and Ahmed, Syed Anees and Ajami, Marjan and Akhtar, Samina and Akkaif, Mohammed Ahmed and Akrami, Ashley E. and Alalwan, Tariq A. and Al-Aly, Ziyad and Alam, Khurshid and Al-Amer, Rasmieh Mustafa and Alansari, Amani and Al-Ashwal, Fahmi Y. and Albashtawy, Mohammed and Aldhaleei, Wafa A. and Alemayehu, Bezawit Abeje and Algammal, Abdelazeem M. and Alhabib, Khalid F. and Al Hamad, Hanadi and Al Hasan, Syed Mahfuz and Alhuwail, Dari and Ali, Rafat and Ali, Abid and Ali, Waad and Ali, Mohammed Usman and Alif, Sheikh Mohammad and Al-Jabi, Samah W. and Aljunid, Syed Mohamed and Alkhatib, Ahmad and Al-Marwani, Sabah and Alomari, Mahmoud A. and Alqahtani, Saleh A. and Mohammad Al-Raddadi, Rajaa M. and Alrawashdeh, Ahmad and Alrimawi, Intima and Alrousan, Sahel Majed and Alshahrani, Najim Z. and Al Ta'ani, Omar and Al Ta'ani, Zain and Altaany, Zaid and Altaf, Awais and Al Thaher, Yazan and Alvis-Guzman, Nelson and Al-Wardat, Mohammad and Al-Worafi, Yaser Mohammed and Aly, Safwat and Aly, Hany and Alzahrani, Hosam and Alzoubi, Abdallah and Alzoubi, Karem H. and Al-Zubayer, Md. Akib and Amiri, Sohrab and Amu, Hubert and Amugsi, Dickson A. and Amusa, Ganiyu Adeniyi and Ananda, Roshan A. and Ancuceanu, Robert and Andrei, Catalina Liliana and Anjana, Ranjit Mohan and Ansari, Sumbul and Ansari, Mohammed Tahir and Antony, Catherine M. and Anuoluwa, Iyadunni Adesola and Anuoluwa, Boluwatife Stephen and Anvari, Saeid and Anwar, Saleha and Anyasodor, Anayochukwu Edward and Apostol, Geminn Louis Carace and Arab, Juan Pablo and Arabloo, Jalal and Arafat, Mosab and Aravkin, Aleksandr Y. and Areda, Demelash and Arifin, Hidayat and Arkew, Mesay and Armocida, Benedetta and Ärnlöv, Johan and Arooj, Mahwish and Artamonov, Anton A. and Artanti, Kurnia Dwi and Arumugam, Ashokan and Asghari-Jafarabadi, Mohammad and Ashraf, Tahira and Asiamah-Asare, Bernard Kwadwo Yeboah and Asrat, Anemaw A. and Astell-Burt, Thomas and Athari, Seyyed Shamsadin and Atorkey, Prince and Atreya, Alok and Aumoldaeva, Zaure Maratovna and Awad, Hamzeh and Awoke, Mamaru Ayenew and Awotidebe, Adedapo Wasiu and Aychiluhm, Setognal Birara and Azargoonjahromi, Ali and Azimi, Amirali and Aziz, Sadat Abdulla and Aziz, Shahkaar and Azzam, Ahmed Y. and Azzolino, Domenico and Azzopardi, Peter S. and Babashahi, Mina and Babu, Giridhara Rathnaiah and Badiye, Ashish D. and Bagheri, Nasser and Bahurupi, Yogesh and Bai, Ruhai and Baig, Atif Amin and Bakkannavar, Shankar M. and Balakrishnan, Senthilkumar and Baltatu, Ovidiu Constantin and Bam, Kiran and Banach, MacIej and Banik, Rajon and Bardhan, Mainak and Barqawi, Hiba Jawdat and Barquera, Simon and Barua, Lingkan and Basharat, Zarrin and Bashir, Shahid and Bastan, Mohammad-Mahdi and Basu, Saurav and Bayat, Reza and Bayih, Mulat Tirfie and Beeraka, Narasimha M. and Begum, Tahmina and Bello, Umar Muhammad and Bello, Abdulrahman Babatunde and Belo, Luis and Bensenor, Isabela M. and Bergami, Maria and Berhe, Kidanemaryam and Berihun, Abiye Assefa and Bhadoria, Ajeet Singh and Bhagavathula, Akshaya Srikanth and Bhala, Neeraj and Bhalla, Jaideep Singh and Bharadwaj, Ravi and Bhardwaj, Pankaj and Bhardwaj, Nikha and Bhaskar, Sonu and Bhat, Ajay Nagesh and Bhattacharjee, Priyadarshini and Bhattacharjee, Shuvarthi and Bhatti, Jasvinder Singh and Bhatti, Gurjit Kaur and Bikov, Andras and Bilgin, Cem and Bisignano, Catherine and Biswas, Bijit and Peroni, Bruno Bizzozero and Bjertness, Espen and Bjørge, Tone and Bolla, Srinivasa Rao and Borhany, Hamed and Bosoka, Samuel Adolf and Bouaoud, Souad and Boyko, Edward J. and Braithwaite, Dejana and Brazo-Sayavera, Javier and Brenner, Hermann and Britton, Gabrielle and Bryazka, Dana and Bugiardini, Raffaele and Bui, Linh Phuong and Busch, Felix and Bustanji, Yasser and Butt, Nadeem Shafique and Butt, Zahid A. and Calina, Daniela and Campos, Luciana Aparecida and Campos-Nonato, Ismael and Cao, Si and Cao, Yin and Capodici, Angelo and Carvalho, Andre F. and Carvalho, Márcia and Catapano, Alberico L. and Cattafesta, Monica and Cattaruzza, Maria Sofia and Cegolon, Luca and Cembranel, Francieli and Cenko, Edina and Cerin, Ester and Cernigliaro, Achille and Chadwick, Joshua and Chakraborty, Chiranjib and Chan, Raymond N.C. and Chang, Jung-Chen and Chattu, Vijay Kumar and Chaudhary, Anis Ahmad and Chaurasia, Akhilanand and Chen, Guangjin and Chen, An-Tian and Chen, Haowei and Cheng, Esther T.W. and Chew, Nicholas W.S. and Chi, Gerald and Chimoriya, Ritesh and Ching, Patrick R. and Choi, Dong-Woo and Chong, Bryan and Chopra, Hitesh and Chopra, Shivani and Chou, Hou In and Choudhari, Sonali Gajanan and Chu, Dinh-Toi and Chung, Sunghyun and Chung, Sheng-Chia and Chutiyami, Muhammad and Cini, Karly I. and Cioffi, Iolanda and Cogen, Rebecca M. and Collado-Mateo, Daniel and Columbus, Alyssa and Conrad, Nathalie and Criqui, Michael H. and Cruz-Martins, Natalia and Cummins, Steven and D'Amico, Emanuele and D'Anna, Lucio and D'Oria, Mario and Dadras, Omid and Dai, Xiaochen and Dalakoti, Mayank and Dandona, Rakhi and Dandona, Lalit and Danpanichkul, Pojsakorn and Darcho, Samuel Demissie and Soltani, Reza Darvishi Cheshmeh and Da Silva, Alanna Gomes and Davletov, Kairat and Delgado-Enciso, Ivan and Denova-Gutiérrez, Edgar and Molla, Meseret Derbew and Dergaa, Ismail and Desale, Aragaw Tesfaw and Devanbu, Vinoth Gnana Chellaiyan and Devegowda, Devananda and Dewan, Syed Masudur Rahman and Dhali, Arkadeep and Dharmaratne, Samath Dhamminda and Dhimal, Meghnath and Dhungel, Bibha and Diaz, Daniel and Dinu, Monica and Dodangeh, Milad and Dohare, Sushil and Dokova, Klara Georgieva and Dolatkhah, Neda and Do Prado, Camila Bruneli and Dorostkar, Fariba and Doshi, Ojas Prakashbhai and Doshi, Rajkumar Prakashbhai and Dowou, Robert Kokou and Dsouza, Viola Savy and Du, Mi and Dumith, Samuel C. and Dumuid, Dorothea and Duncan, Bruce B. and Dutta, Sulagna and Dziedzic, Arkadiusz Marian and Ebrahimi, Alireza and Eftekhari, Behrad and Sedeh, Ashkan Eighaei and Ekholuenetale, Michael and Eladl, Mohamed Ahmed and El Arab, Rabie Adel and El-Ashker, Said and Elbarazi, Iffat and El Bayoumy, Ibrahim Farahat and Elgendy, Islam Y. and Elhadi, Muhammed and El-Huneidi, Waseem and El-Metwally, Ashraf A. and Elmonem, Mohamed A. and Elnaem, Mohamed Hassan and Elsheikh, Randa and Elsohaby, Ibrahim and Eltaha, Chadi and Emeto, Theophilus I. and Eslami, Maysa and Eze, Ugochukwu Anthony and Fadavian, Heidar and Fagbamigbe, Adeniyi Francis and Fakhradiyev, Ildar Ravisovich and Faraji, Seyed Nooreddin and Sofia E Sá Farinha, Carla and Faris, MoezAlIslam Ezzat Mahmoud and Farooque, Umar and Farrokhpour, Hossein and Fasusi, Samuel Aanuoluwapo and Fazeli, Patrick and Fazylov, Timur and Feizkhah, Alireza and Fekadu, Ginenus and Feng, Xiaoqi and Fernandes, João C. and Fernandez-Jimenez, Rodrigo and Ferreira, Nuno and Feyisa, Bikila Regassa and Fischer, Florian and Flood, David and Foigt, Nataliya A. and Folayan, Morenike Oluwatoyin and Fomenkov, Artem Alekseevich and Foroumadi, Roham and Rodrigues, Celia Fortuna and Foschi, Matteo and Fotouhi, Maryam and Francis, Kate Louise and Franklin, Richard Charles and Gába, Aleš and Gadanya, Muktar A. and Gaidhane, Abhay Motiramji and Galali, Yaseen and Gallus, Silvano and Ganesan, Balasankar and Gangachannaiah, Shivaprakash and Espinoza, Wendy Paola Gastélum and Gebregergis, Miglas Welay and Gebremeskel, Teferi Gebru and Getacher, Lemma and Ghadirian, Fataneh and Jolfayi, Amir Ghaffari and Ghamari, Seyyed-Hadi and Ghazy, Ramy Mohamed and Gil, Artyom Urievich and Gill, Tiffany K. and Gnedovskaya, Elena V. and Golechha, Mahaveer and Golinelli, Davide and Grivna, Michal and Grover, Ashna and Guan, Zhongyang and Guan, Shi-Yang and Guarducci, Giovanni and Gubari, Mohammed Ibrahim Mohialdeen and Guha, Avirup and Gunawardane, Damitha Asanga and Guo, Zheng and Gupta, Rajeev and Gupta, Anish Kumar and Gupta, Rahul and Gupta, Sapna and Gupta, Vivek Kumar and Gutiérrez-Murillo, Roberth Steven and Guzman-Esquivel, Jose and Hadi, Najah R. and Hadian, Zahra and Hamdy, Nadia M. and Hameed, Sajid and Hamidi, Samer and Hamiduzzaman, Mohammad and Hanif, Asif and Hanifi, Nasrin and Hankey, Graeme J. and Haq, Allie and Harlianto, Netanja I. and Haro, Josep Maria and Hartono, Risky Kusuma and Hasan, Faizul and Hashempur, Mohammad Hashem and Hasnain, Md Saquib and Hassan, Amr and Hassan, Nageeb and Hassanipour, Soheil and Rad, Afagh Hassanzade and Havmoeller, Rasmus J. and Hay, Simon I. and He, Wen-Qiang and Hebert, Jeffrey J. and Heidari, Golnaz and Hemmati, Mehdi and Hiraike, Yuta and Hoan, Nguyen Quoc and Hoang, Mai and Holla, Ramesh and Hoogar, Praveen and Hopkins, Ashley Mark and Hossain, Alamgir and Hosseinzadeh, Hassan and Hostiuc, Sorin and Hostiuc, Mihaela and Htay, Zin Wai and Hu, Chengxi and Huang, Junjie and Hundie, Tsegaye Gebreyes and Husseiny, Mohamed Ibrahim and Huynh, Hong-Han and Iavicoli, Ivo and Ibrayeva, Anel and Ilesanmi, Olayinka Stephen and Ilic, Irena M. and Ilic, Milena D. and Imam, Mohammad Tarique and Inbaraj, Leeberk Raja and Inok, Arit and Irham, Lalu Muhammad and Islam, Md. Rabiul and Islam, Sheikh Mohammed Shariful and Islam, Rakibul M. and Ismail, Nahlah Elkudssiah and Iso, Hiroyasu and Isola, Gaetano and Ituka, Mosimah Charles and Iwagami, Masao and Iwu-Jaja, Chinwe Juliana and Iyasu, Assefa N. and Vinothini, J. and Jacob, Louis and Jaffar, Shabbar and Jahrami, Haitham and Jain, Akhil and Jairoun, Ammar Abdulrahman and Jakovljevic, Mihajlo and Jalloh, Mohamed Lamrana and Javaid, Syed Sarmad and Jayapal, Sathish Kumar and Jayarajah, Umesh and Jayaram, Shubha and Jebai, Rime and Jebasingh, Felix K. and Jema, Alelign Tasew and Jokar, Mohammad and Jonas, Jost B. and Jose, Jobinse and Joseph, Nitin and Joshua, Charity Ehimwenma and Jozwiak, Jacek Jerzy and Jürisson, Mikk and Kaambwa, Billingsley and Kabir, Ali and Kabir, Zubair and Kakkar, Ashish Kumar and Kalra, Sanjay and Kamarajah, Sivesh Kathir and Kanaan, Saddam Fuad and Kankam, Samuel Berchi and Kanmodi, Kehinde Kazeem and Kapoor, Neeti and Karajizadeh, Mehrdad and Karakasis, Paschalis and Karasneh, Reema A. and Karimi, Yeganeh and Behnagh, Arman Karimi and Kassebaum, Nicholas J. and Kauppila, Joonas H. and Kayode, Gbenga A. and Kehagias, Dimitrios and Kerr, Jessica A. and Keshwani, Ariz and Kesse-Guyot, Emmanuelle and Keykhaei, Mohammad and Khaing, Inn Kynn and Khajuria, Himanshu and Khalili, Pantea and Khalilian, Alireza and Khalis, Mohamed and Khan, Mohammad Jobair and Khan, Maseer and Khan, Nusrat and Khan, Md Abdullah Saeed and Khan, Ajmal and Khan, Moien A.B. and Khanmohammadi, Shaghayegh and Khatab, Khaled and Khatatbeh, Moawiah Mohammad and Khayamzadeh, Maryam and Khidri, Feriha Fatima and Khorashadizadeh, Fatemeh and Khosla, Atulya Aman and Khosravi, Sepehr and Khosrowjerdi, Mahmood and Khubchandani, Jagdish and Khusun, Helda and Kim, Jinho and Kim, Kwanghyun and Kim, Min Seo and Kim, Yun Jin and Kimokoti, Ruth W. and Kisa, Adnan and Kishore, Ladli and Kivimäki, Mika and Kokkorakis, Michail and Kolahi, Ali-Asghar and Kompani, Farzad and Korzh, Oleksii and Kostev, Karel and Laxminarayana, Sindhura Lakshmi Koulmane and Kretchy, Irene Akwo and Krishan, Kewal and Kua, Chong-Han and Defo, Barthelemy Kuate and Kulimbet, Mukhtar and Kulkarni, Vishnutheertha and Kumar, Ashish and Kumar, Vijay and Kumar, G. Anil and Kundu, Satyajit and Kunutsor, Setor K. and Kurmi, Om P. and Kurniasari, Maria Dyah and Kusuma, Dian and Kytö, Ville and Lacey, Ben and Lahariya, Chandrakant and Lai, Daphne Teck Ching and Lai, Hanpeng and Landires, Ivan and Larijani, Bagher and Latief, Kamaluddin and La Vecchia, Carlo and Le, Nhi Huu Hanh and Lee, Munjae and Lee, Sang-Woong and Lee, Wei-Chen and Lee, Seung Won and Lee, Paul H. and Li, Ming-Chieh and Li, Yongze and Li, Weilong and Lim, Stephen S. and Lin, Queran and Lin, Jialing and Lindholm, Daniel and Lindstedt, Paulina A. and Liu, Simin and Llanaj, Erand and López-Gil, Jose Francisco and Lorkowski, Stefan and Lucchetti, Giancarlo and Lugo, Alessandra and Lutambi, Angelina M. and Lv, Lei and Lytvyak, Ellina and Ma, Zheng Feei and MacHoy, Monika and Magaña Gómez, Javier A. and Maghbouli, Nastaran and Mahalleh, Mehrdad and Mahmood, Nozad H. and Mahmoudi, Elham and Maiti, Rituparna and Makris, Konstantinos Christos C. and Malhotra, Kashish and Malik, Ahmad Azam and Malik, Iram and Malta, Deborah Carvalho and Mamun, Abdullah A. and Mansourian, Marjan and Manu, Emmanuel and Marateb, Hamid Reza and Marino, Mirko and Marjani, Abdoljalal and Martinez-Piedra, Ramon and Martini, Santi and Martorell, Miquel and Marzouk, Sammer and Masi, Stefano and Masrouri, Soroush and Mathangasinghe, Yasith and Mathur, Manu Raj and Matozinhos, Fernanda Penido and Matthias, Thushara and Mattiello, Rita and Mazidi, Mohsen and McPhail, Steven M. and Mechili, Enkeleint A. and Mehboob, Riffat and Mehmood, Asim and Mehndiratta, Man Mohan and Mehrabani-Zeinabad, Kamran and Meto, Tesfahun Mekene and Meles, Hadush Negash and Mendoza, Walter and Menezes, Ritesh G. and Mengistie, Emiru Ayalew and Meo, Sultan Ayoub and Mestrovic, Tomislav and Mettananda, Sachith and Mettananda, Chamila Dinushi Kukulege and Micheletti Gomide Nogueira De Sá, Ana Carolina and Miller, Ted R. and Mini, G.K. and Mirrakhimov, Erkin M. and Misganaw, Awoke and Mittal, Madhukar and Mohamed, Ahmed Ismail and Mohamed, Mona Gamal and Mohamed, Nouh Saad and Mohamed, Jama and Mohammad, Taj and Mohammad-Alizadeh-Charandabi, Sakineh and Mohammadzadeh, Ibrahim and Mohammed, Shafiu and Mohammed, Mustapha and Mokdad, Ali H. and Mondello, Stefania and Moni, Mohammad Ali and Moradi, Maryam and Morrison, Shane Douglas and Mossialos, Elias and Motappa, Rohith and Mulita, Francesk and Mullany, Erin C. and Munkhsaikhan, Yanjinlkham and Murillo-Zamora, Efren and Musa, Sani and Mustafa, Ghulam and Muthu, Sathish and Myung, Woojae and Naghavi, Pirouz and Naghavi, Mohsen and Naik, Ganesh R. and Naik, Hiten and Nambi, Gopal and Nangia, Vinay and Nansseu, Jobert Richie and Nascimento, Gustavo G. and Nassar, Mahmoud and Natto, Zuhair S. and Nauman, Javaid and Naureen, Zakira and Navaratna, Samidi Nirasha Kumari and Nayak, Biswa Prakash and Nayon, Md. Fahad Shahariar and Nazri-Panjaki, Athare and Negahdary, Masoud and Negoi, Ruxandra Irina and Negoi, Ionut and Nejadghaderi, Seyed Aria and Nematollahi, Soroush and Nepal, Samata and Netsere, Henok Biresaw and Ngunjiri, Josephine W. and Nguyen, Cuong Tat and Nguyen, Dang and Nguyen, Trang and Nguyen, Duc Hoang and Nguyen, Phuong The and Niazi, Robina Khan and Nieddu, Luciano and Niknam, Mahdieh and Nikoobar, Ali and Nkeck, Jan Rene and Nomura, Shuhei and Noor, Syed Toukir Ahmed and Noreen, Mamoona and Noroozi, Masoud and Nawsherwan and Noubiap, Jean Jacques and Nouri, Mehran and Nri-Ezedi, Chisom Adaobi and Nugen, Fred and Nurrika, Dieta and Nzoputam, Ogochukwu Janet and O'Connell, Erin M. and Oancea, Bogdan and Oguta, James Odhiambo and Oh, In-Hwan and Okati-Aliabad, Hassan and Okekunle, Akinkunmi Paul and Okonji, Osaretin Christabel and Olagunju, Andrew T. and Olalusi, Oladotun Victor and Olanrewaju, Timothy Olusegun and Olasupo, Omotola O. and Oliveira, Glaucia Maria Moraes and Oliveira, Arao Belitardo and Oluwafemi, Yinka Doris and Omar, Hany A. and Bali, Ahmed Omar and Opitz, Marcel and Ordak, Michal and Ortiz, Alberto and Osborne, Augustus and Osman, Wael M.S. and Osman, Alaa A.M. and Osuagwu, Uchechukwu Levi and Otoiu, Adrian and Oumer, Abdu and Ouyahia, Amel and Owolabi, Mayowa O. and Owusu, Irene Amoakoh and Oyebola, Kolapo and Mahesh Padukudru, P.A. and Padron-Monedero, Alicia and Padubidri, Jagadish Rao and Panda, Sujogya Kumar and Panda-Jonas, Songhomitra and Pandey, Anamika and Pandi-Perumal, Seithikurippu R. and Pardhan, Shahina and Parekh, Utsav and Parija, Pragyan Paramita and Parikh, Romil R. and Park, Eun-Cheol and Pashaei, Ava and Passera, Roberto and Patel, Hemal M. and Pathan, Aslam Ramjan and Patoulias, Dimitrios and Patton, George C. and Paudel, Susan and Toroudi, Hamidreza Pazoki and Pensato, Umberto and Peprah, Prince and Pereira, Gavin and Pereira, Marcos and Perianayagam, Arokiasamy and Perico, Norberto and Perna, Simone and Petcu, Ionela-Roxana and Petermann-Rocha, Fanny Emily and Pham, Hoang Nhat and Polibin, Roman V. and Popovic, Djordje S. and Pourghazi, Farzad and Pourshams, Akram and Pradhan, Jalandhar and Pradhan, Pranil Man Singh and Prasad, Manya and Prashant, Akila and Prates, Elton Junio Sady and Putra, I. Gusti Ngurah Edi and Puvvula, Jagadeesh and Qattea, Ibrahim and Qiu, Jia-Yong and Radhakrishnan, Venkatraman and Radojčić, Maja R. and Raggi, Catalina and Rahman, Muhammad Aziz and Rahman, Fryad Majeed and Ur Rahman, Mohammad Hifz and Rahman, Mosiur and Rahmani, Saeed and Rahmanian, Vahid and Rahmawaty, Setyaningrum and Rai, Rajesh Kumar and Raimondo, Ivano and Raj, Jeffrey Pradeep and Rajput, Prashant and Ramadan, Mahmoud Mohammed and Ramasamy, Chitra and Ramasamy, Shakthi Kumaran and Ramazanu, Sheena and Rana, Kritika and Ranabhat, Chhabi Lal and Rao, Mithun and Rao, Sowmya J. and Rashedi, Sina and Rashidi, Mohammad-Mahdi and Rasouli-Saravani, Ashkan and Rathish, Devarajan and Rauniyar, Santosh Kumar and Rautalin, Ilari and Rawaf, David Laith and Rawaf, Salman and Mohamed Redwan, Elrashdy M. Moustafa and Rege, Sanika and Reis-Mendes, Ana and Remuzzi, Giuseppe and Rezaei, Nazila and Rezaeian, Mohsen and Rezazadeh, Hossein and Rhee, Taeho Gregory and Rocha-Gomes, Joao Rocha and Rodrigues, Monica and Rodrigues Da Silva, Thales Philipe and Rodriguez, Jefferson Antonio Buendia and Roever, Leonardo and Rohloff, Peter and Romadlon, Debby Syahru and Rony, Moustaq Karim Khan and Roshandel, Gholamreza and Rout, Himanshu Sekhar and Roy, Nitai and Rwegerera, Godfrey M. and Saad, Aly M.A. and Saber-Ayad, Maha Mohamed and Sabet, Cameron John and Sadarangani, Kabir P. and Saddik, Basema Ahmad and Sadeghi, Masoumeh and Saeb, Mohammad Reza and Saeed, Umar and Moghaddam, Sahar Saeedi and Safi, Sher Zaman and Saghazadeh, Amene and Sagoe, Dominic and Sahebkar, Amirhossein and Sharif-Askari, Fatemeh Saheb and Sahoo, Soumya Swaroop and Sajid, Mirza Rizwan and Salaroli, Luciane B. and Saleh, Mohamed A. and Salem, Marwa Rashad and Salimi, Sohrab and Samodra, Yoseph Leonardo and Samuel, Vijaya Paul and Samy, Abdallah M. and Santhekadur, Prasanna K. and Santric-Milicevic, Milena M. and Saqib, Muhammad Arif Nadeem and Saraswati, Ushasi and Saravanan, Aswini and Sari, Dianis Wulan and Sarkar, Tanmay and Sarmadi, Mohammad and Sarode, Sachin C. and Sarode, Gargi Sachin and Sassano, Michele and Sathian, Brijesh and Saya, Ganesh Kumar and Schinckus, Christophe and Schmidt, Maria Ines and Schuermans, Art and Schutte, Aletta Elisabeth and Sebastian, Sneha Annie and Selvaraj, Siddharthan and Semreen, Mohammad H. and Sendekie, Ashenafi Kibret and Sengupta, Pallav and Senol, Yigit Can and Senthilkumaran, Subramanian and Sepanlou, Sadaf G. and Sethi, Yashendra and Seylani, Allen and Shafie, Mahan and Shah, Sweni and Shah, Syed Mahboob and Shahid, Samiah and Shahrahmani, Fatemeh and Shahwan, Moyad Jamal and Sham, Sunder and Shamim, Muhammad Aaqib and Shams-Beyranvand, Mehran and Shamsi, Anas and Shamsutdinova, Alfiya and Shan, Dan and Shanawaz, Mohd and Shannawaz, Mohammed and Sharath, Medha and Sharfaei, Sadaf and Sharifan, Amin and Sharma, Anupam and Sharma, Ujjawal and Sharma, Manoj and Sharma, Vishal and Sheida, Fateme and Sheikhy, Ali and Shenoy, Rekha Raghuveer and Shetty, Pavanchand H. and Shibuya, Kenji and Shiferaw, Desalegn and Shin, Min-Jeong and Shiri, Rahman and Shittu, Aminu and Shool, Sina and Shorofi, Seyed Afshin and Shrestha, Rajan and Shuval, Kerem and Si, Yafei and Sibuyi, Nicole R.S. and Siddig, Emmanuel Edwar and Siddiqi, Ahmed Kamal and Sikdar, Mithun and Silva, Diego Augusto Santos and Silva, Luís Manuel Lopes Rodrigues and Singh, Surjit and Singh, Jasvinder A. and Singh, Amit and Singh, Harmanjit and Singh, Baljinder and Singh, Kalpana and Singh, Puneetpal and Skryabin, Valentin Yurievich and Skryabina, Anna Aleksandrovna and Smith, Amanda E. and Smith, Georgia and Soliman, Sameh S.M. and Soraneh, Soroush and Sorensen, Reed J.D. and Spartalis, Michael and Srichawla, Bahadar S. and Stachteas, Panagiotis and Starodubova, Antonina V. and Straif, Kurt and Stubbs, Pete and Subramaniyan, Vetriselvan and Odidi, Muritala Odidi Suleiman and Sulkowski, Aleksander and Meo, Anusha Sultan and Sun, Jing and Sun, Zhong and Sunny, Sumam and Swain, Chandan Kumar and Szarpak, Lukasz and Tabarés-Seisdedos, Rafael and Tabatabaei, Seyyed Mohammad and Tabatabaei, Fatemeh Sadat and Malazy, Ozra Tabatabaei and Tabatabai, Shima and Tabche, Celine and Tabish, Mohammad and Taiba, Jabeen and Talic, Stella and Tampa, Mircea and Tamuzi, Jacques Lukenze and Tan, Ker-Kan and Tanwar, Manoj and Tariq, Saba and Tat, Nathan Y. and Tavangar, Seyed Mohammad and Temsah, Reem Mohamad Hani and Temsah, Mohamad-Hani and Teramoto, Masayuki and Terefa, Dufera Rikitu and Tewari, Jay and Thapar, Rekha and Ticoalu, Jansje Henny Vera and Tiruneh, Sofonyas Abebaw and Tiruye, Tenaw Yimer and Titova, Mariya Vladimirovna and Tiwari, Krishna and Tomo, Sojit and Tonelli, Marcello and Touvier, Mathilde and Tovani-Palone, Marcos Roberto and Trabelsi, Khaled and Tran, Mai Thi Ngoc and Tran, Thang Huu and Duc, Nguyen Tran Minh and Trico, Domenico and Trihandini, Indang and Truyen, Thien Tan Tri Tai and Tsatsakis, Aristidis and Tse, Gary and Tsegay, Guesh Mebrahtom and Tumurkhuu, Munkhtuya and Sree Sudha, T.Y. and Tye, Sok Cin and Tyrovolas, Stefanos and Udoakang, Aniefiok John and Ullah, Shahid and Ullah, Saeed and Umair, Muhammad and Umar, Umar Muhammad and Umar, Lawan and Unim, Brigid and Upadhya, Dinesh and Upadhyay, Era and Usman, Jibrin Sammani and Ustunsoz, Damla and Vaithinathan, Asokan Govindaraj and Van Den Eynde, Jef and Varghese, Joe and Vasankari, Tommi Juhani and Vaziri, Siavash and Vellingiri, Balachandar and Venketasubramanian, Narayanaswamy and Verma, Madhur and Verma, Anjul and Verras, Georgios-Ioannis and Vidale, Simone and Villalobos-Daniel, Victor E. and Vinayak, Manish and Vlassov, Vasily and Vos, Theo and Vukovic, Rade and Wahidin, Mugi and Wahiduzzaman, Mohammad and Wang, Yanzhong and Wang, Shu and Wang, Cong and Wang, Xingxin and Wanjau, Mary Njeri and Waqar, Ahmed Bilal and Waqas, Muhammad and Weerakoon, Kosala Gayan and Wei, Fei-Long and Wicaksana, Anggi Lukman and Wickramasinghe, Dakshitha Praneeth and Willeit, Peter and Wojewodzic, Marcin W. and Wonde, Tewodros Eshete and Wongsin, Utoomporn and Xia, Qing and Xie, Wanqing and Xu, Suowen and Xu, Xiaoyue and Yamagishi, Kazumasa and Yano, Yuichiro and Yao, Haiqiang and Yarahmadi, Amir and Yaribeygi, Habib and Yesuf, Subah Abderehim and Yin, Dehui and Yon, Dong Keon and Yonemoto, Naohiro and Yu, Chuanhua and Yuan, Chun-Wei and Yuce, Deniz and Yunusa, Ismaeel and Zaman, Sojib Bin and Zare, Iman and Zastrozhin, Michael and Zeariya, Mohammed G.M. and Zhang, Xiaoyi and Zhang, Liqun and Zhang, Jingya and Zhang, Zhiqiang and Zhang, Casper J.P. and Zheng, David X. and Zheng, Peng and Zhong, Anthony and Zhong, Claire Chenwen and Zhou, Jiayan and Zhu, Bin and Zhumagaliuly, Abzal and Zielińska, Magdalena and Zoghi, Ghazal and Zou, Zhiyong and Zweck, Elric and Zyoud, Sa'ed H. and Murray, Christopher J.L. and Sawyer, Susan M. and Vollset, Stein Emil",2025,The Lancet,10.1016/S0140-6736(25)00355-1,https://www.scopus.com/pages/publications/85219548783?origin=resultslist,813 - 838,405,10481,Article,Cited by: 1075; All Open Access; Green Open Access; Hybrid Gold Open Access,True,True,True
Bai2025,ARTICLE,Novel Aurone Derivative Ameliorates MASH Lipid Metabolism via the AMPK-ACC-PPARα Axis,"Bai, Sule and Zou, Yi and Zhang, Wenyi and Yu, Jiajia and Qie, Zhenzhen and Liu, Zhen and Yu, Peng and Xiang, Cen and Teng, Yuou",2025,International Journal of Molecular Sciences,10.3390/ijms262211099,https://www.scopus.com/pages/publications/105023095341?origin=resultslist,,26,22,Article,Cited by: 6; All Open Access; Gold Open Access,True,True,False
Solis-Herrera202474,ARTICLE,Current Understanding of Sodium N-(8-[2-Hydroxylbenzoyl] Amino) Caprylate (SNAC) as an Absorption Enhancer: The Oral Semaglutide Experience,"Solis-Herrera, Carolina and Kane, Michael P. and Triplitt, Curtis",2024,Clinical Diabetes,10.2337/cd22-0118,https://www.scopus.com/pages/publications/85183027406?origin=resultslist,74 - 86,42,1,Article,Cited by: 46; All Open Access; Green Open Access; Hybrid Gold Open Access,True,True,True
Feng2025,ARTICLE,PEG-PLGA nanoparticles transport across in vitro intestinal epithelial models and show potential for oral delivery of antibodies in inflammatory bowel disease,"Feng, Sa and Raimi-Abraham, Bahijja Tolulope and Vllasaliu, Driton",2025,Journal of Drug Delivery Science and Technology,10.1016/j.jddst.2025.106925,https://www.scopus.com/pages/publications/105002486889?origin=resultslist,,108,,Article,Cited by: 11; All Open Access; Green Open Access; Hybrid Gold Open Access,True,True,True
Wallentowitz2026853,ARTICLE,Maternal obesity and the metabolic syndrome in reproductive health: assessing incretin-based interventions,"Wallentowitz, Luisa and Garcia, Mariana G and Atorrasagasti, Catalina and Harms, Charlotte and Huhn, Evelyn A and Roser, Pia and Verlohren, Stefan and Giesen, Emma M and Blois, Sandra M",2026,Reviews in Endocrine and Metabolic Disorders,10.1007/s11154-026-10053-6,https://www.scopus.com/pages/publications/105039868911?origin=resultslist,853 - 874,27,4,Article,Cited by: 1; All Open Access; Green Open Access; Hybrid Gold Open Access,True,True,True
Seetharaman2025311,ARTICLE,The Promise of Adjunct Medications in Improving Type 1 Diabetes Outcomes: Glucagon-Like Peptide Receptor Agonists,"Seetharaman, Sujatha and Cengiz, Eda",2025,Journal of Diabetes Science and Technology,10.1177/19322968241309896,https://www.scopus.com/pages/publications/85214388549?origin=resultslist,311 - 320,19,2,Article,Cited by: 7; All Open Access; Green Open Access; Hybrid Gold Open Access,True,True,True
Ke2025,ARTICLE,Oral delivery of GLP-1 peptide using recombinant Lactobacillus gasseri for the treatment of type 2 diabetes mellitus,"Ke, Zhiqiang and Ma, Qianqian and Ye, Xiaonan and Jin, Yan and Wang, Yanlin and Zhao, Xinyuan and Su, Zhengding",2025,Microbiology Spectrum,10.1128/spectrum.02828-24,https://www.scopus.com/pages/publications/105012956955?origin=resultslist,,13,8,Article,Cited by: 4; All Open Access; Gold Open Access; Green Open Access,True,True,True
Li2026,ARTICLE,A hybrid system enables plasmid copy number control in yeast,"Li, Anni and Zhao, Qingyang and Yang, Zhunyi and Cheng, Jiesheng and Xu, Dong and Zhang, Yueyao and He, Ting and Zhuo, Bingzhao and Zhao, Xing and Rao, Xiaolin and Wang, Hui and Chen, Lizhu and Luo, Zhouqing",2026,Nature Communications,10.1038/s41467-026-75973-y,https://www.scopus.com/pages/publications/105048512387?origin=resultslist,,17,1,Article,Cited by: 0; All Open Access; Gold Open Access; Green Open Access,True,True,True
Zhang2025,ARTICLE,"Cyclization of the Analgesic α-Conotoxin Vc1.1 With a Non-Natural Linker: Effects on Structure, Stability, and Bioactivity","Zhang, Yuhui and Tae, Han Shen and Adams, David J. and Durek, Thomas and Craik, David J.",2025,Journal of Peptide Science,10.1002/psc.70017,https://www.scopus.com/pages/publications/105003152095?origin=resultslist,,31,6,Article,Cited by: 3; All Open Access; Green Open Access; Hybrid Gold Open Access,True,True,True
Klein2025164,ARTICLE,Glycemic Management and Individualized Diabetes Care in Dialysis-Dependent Kidney Failure,"Klein, Klara R. and Lingvay, Ildiko and Tuttle, Katherine R. and Flythe, Jennifer E.",2025,Diabetes Care,10.2337/dci24-0081,https://www.scopus.com/pages/publications/85216715335?origin=resultslist,164 - 176,48,2,Article,Cited by: 14; All Open Access; Green Open Access,True,False,True
Yu20245423,ARTICLE,Evaluating the oral delivery of GalNAc-conjugated siRNAs in rodents and non-human primates,"Yu, Mikyung and Qin, June and Liu, Xiumin and Ramsden, Diane and Williams, Brian and Zlatev, Ivan and Guenther, Dale and Matsuda, Shigeo and Tymon, Roxanne and Darcy, Justin and Wong, Catrina and Tsung, Jamie and Zawaneh, Peter and Chong, Saeho and Theile, Christopher S and Taneja, Nathan and Rogers, Arlin and Liu, Ju and Castellanos-Rizaldos, Elena and Bond, Sarah and So, Kawai and Denoncourt, Jason and Castoreno, Adam and Manoharan, Muthiah and Wu, Jing-Tao and Fitzgerald, Kevin and Maier, Martin A and Jadhav, Vasant and Nair, Jayaprakash K",2024,Nucleic Acids Research,10.1093/nar/gkae350,https://www.scopus.com/pages/publications/85195709788?origin=resultslist,5423 - 5437,52,10,Article,Cited by: 11; All Open Access; Gold Open Access; Green Open Access,True,True,True
Bajaj2026S183,ARTICLE,Pharmacologic Approaches to Glycemic Treatment: Standards of Care in Diabetes—2026,"Bajaj, Mandeep and McCoy, Rozalina G. and Bellini, Natalie J. and Beverly, Elizabeth A. and Early, Kathaleen Briggs and Echouffo-Tcheugui, Justin B. and Elsayed, Nuha Ali and Everett, Brendan M. and Garg, Rajesh and Laffel, Lori M. and Lal, Rayhan and Matfin, Glenn and Pandya, Naushira and Peters, Anne L. and Pilla, Scott J. and Romeo, Giulio R. and Rosas, Sylvia E. and Segal, Alissa R. and Szmuilowicz, Emily D. and Bannuru, Raveendhara R. and Brown, Florence M. and Callaghan, Brian C. and Das, Sandeep R. and Dixon, Dave L. and Drincic, Andjela and Ebekozien, Osagie and Frykberg, Robert G. and Garg, Sunir J. and Hassanein, Mohamed and Marks, Brynn E. and Murdock, Lisa and Napoli, Nicola and Nelson, Aaron B. and Sadhu, Archana R. and Sanyal, Arun J. and Shukla, Alpana P. and Simmons, Kimber M. and Srinivasan, Shylaja and Tanenbaum, Molly L. and Woodward, Crystal C. and Balapattabi, Kirthikaa and Bennett, Allison K. and Challasivakanaka, Sathyavathi and Kalyani, Rita Rastogi and Pekas, Elizabeth J. and Adams, Alyce S. and Adelman, Ron A. and Agarwal, Shivani and Akturk, Halis K. and Altieri, Martine and Bardsley, Joan K. and de Boer, Ian H. and Bucheit, John D. and Cusi, Kenneth and Dagogo-Jack, Samuel and Dhatariya, Ketan and Dimeglio, Linda A. and Egan, Aoife M. and Fisher, Lawrence and Fridman, Vera and Gaglia, Jason L. and Ganda, Om and Golden, Sherita Hill and Januzzi, James L. and Kashyap, Sangeeta R. and Kehlenbrink, Sylvia and Korytkowski, Mary and Kovacs, Richard J. and Kovesdy, Csaba P. and Lewis, Kristina Henderson and Lipska, Kasia and Longo, Rebecca Rick and Mahmud, Farid H. and Malin, Steven K. and Nóvoa, Yeray and Patti, Mary-Elizabeth and Peek, Monica E. and Phan, Danny and Pinto, Marcus Vinicius R. and Polsky, Sarit and Priyambada, Leena and Reusch, Jane E. B. and Rhee, Connie M. and Rhee, Mary K. and Schumacher, Christine and Seley, Jane Jeffrie and Shah, Viral N. and Siegel, Richard D. and Smart, Carmel and Willis, Holly J. and Young, Clipper F. and Caballero, A. Enrique and Neumiller, Joshua J. and Hess-Fischl, Amy and Aiello, Lloyd Paul and Rewers, Marian and Venkatesh, Kartik and Yacoubian, Alexandra M. and Bonar, Michael and Franklin, Charlie",2026,Diabetes Care,10.2337/dc26-S009,https://www.scopus.com/pages/publications/105024146442?origin=resultslist,S183 - S215,49,,Article,Cited by: 134; All Open Access; Green Open Access,True,False,True
Lee2024,ARTICLE,Nano-anticoagulant based on carrier-free low molecular weight heparin and octadecylamine with an albumin shuttling effect,"Lee, Jae-Hyeon and Lim, Hansol and Ma, Gaeun and Kweon, Seho and Park, Seong Jin and Seo, Minho and Lee, Jun-Hyuck and Yang, Seong-Bin and Jeong, Han-Gil and Park, Jooho",2024,Nature Communications,10.1038/s41467-024-50819-7,https://www.scopus.com/pages/publications/85200927282?origin=resultslist,,15,1,Article,Cited by: 19; All Open Access; Gold Open Access; Green Open Access,True,True,True
Saraiya2024,ARTICLE,An Evaluation of Primary Care Clinician Referrals for Behavioral Weight Loss Counseling,"Saraiya, Veeral M. and Berkowitz, Seth A. and Johnston, Larry F. and Couper, David J. and Sotres-Alvarez, Daniela and Lyons, Kiira M. and Thaxton, Cheyenne K. and Skinner, Harlyn G. and Samuel-Hodge, Carmen D. and Keyserling, Thomas C.",2024,Journal of Primary Care and Community Health,10.1177/21501319241308054,https://www.scopus.com/pages/publications/85212695253?origin=resultslist,,15,,Article,Cited by: 2; All Open Access; Gold Open Access; Green Open Access,True,True,True
Stefanou2024530,ARTICLE,Risk of major adverse cardiovascular events and stroke associated with treatment with GLP-1 or the dual GIP/GLP-1 receptor agonist tirzepatide for type 2 diabetes: A systematic review and meta-analysis,"Stefanou, Maria-Ioanna and Theodorou, Aikaterini and Malhotra, Konark and Aguiar de Sousa, Diana and Katan, Mira and Palaiodimou, Lina and Katsanos, Aristeidis H and Koutroulou, Ioanna and Lambadiari, Vaia and Lemmens, Robin and Giannopoulos, Sotirios and Alexandrov, Andrei V and Siasos, Gerasimos and Tsivgoulis, Georgios",2024,European Stroke Journal,10.1177/23969873241234238,https://www.scopus.com/pages/publications/85186564082?origin=resultslist,530 - 539,9,3,Article,Cited by: 55; All Open Access; Green Open Access,True,False,True
Tian2025,ARTICLE,Dapagliflozin improves diabetic kidney disease by inhibiting ferroptosis through β-hydroxybutyrate production,"Tian, Yan and Zhou, Chenxia and Yan, Qun and Li, Ziyi and Chen, Da and Feng, Bo and Song, Jun",2025,Renal Failure,10.1080/0886022X.2024.2438857,https://www.scopus.com/pages/publications/85213967880?origin=resultslist,,47,1,Article,Cited by: 31; All Open Access; Gold Open Access; Green Open Access,True,True,True
Kenawy2025,ARTICLE,Real-world evidence on the association of novel antidiabetic medication use with cancer risk and protective effects: a systematic review and network meta-analysis,"Kenawy, Ahmed S. and Liu, Yi-Shao and Aiyeolemi, Ayobami and Okoye, Godwin and Park, Chanhyun",2025,Therapeutic Advances in Drug Safety,10.1177/20420986251335214,https://www.scopus.com/pages/publications/105003962644?origin=resultslist,,16,,Article,Cited by: 2; All Open Access; Gold Open Access; Green Open Access,True,True,True
de Oliveira2026,ARTICLE,Position Statement on Cardiometabolic Health Across the Woman's Life Course – 2025,"de Oliveira, Gláucia Maria Moraes and de Almeida, Maria Cristina Costa and Valério, Cynthia Melissa and Giuffrida, Fernando and Espíndola, Larissa Neto and de Oliveira Izar, Maria Cristina and Marques-Santos, Celi and Freire, Claudia Maria Vilas and da Matta Albuquerque, Carlos Japhet and Chagas, Antonio Carlos Pallandri and Précoma, Dalton Bertolim and Mesquita, Evandro Tinoco and Saraiva, José Francisco Kerr and Costa, Maria Elizabeth Navegantes Caetano and de Lemke, Viviana Mello Guzzo and de Lucena, Alexandre Jorge Gomes and Brandão, Andréa Araujo and de Paiva Fagundes, Antonio Aurelio and Macedo, Ariane Vieira Scarlatelli and Polanczyk, Carisi Anne and Leitão, Cristiane Bauermann and Silveira, Daniel Souto and dos Coutinho, Elaine Reis and Nahas, Eliana Aguiar Petri and Alexandre, Elizabeth Regina Giunco and Campana, Erika Maria Gonçalves and Bragança, Erika Olivier Vilela and Colombo, Fernanda Marciano Consolim and de Queiroz Barbosa, Imara Correia and Rivera, Ivan Romero and Kulak, Jaime and Salles, João Eduardo Nunes and de Sá, João Roberto and Soares, José Maria and de Dourado, Larissa Almeida and Moura, Lidia Zytynski and Magalhães, Lucelia Batista Neves Cunha and de Pompei, Luciano Melo and Passaglia, Luiz Guilherme and Assad, Marcelo Heitor Vieira and dos Rodrigues, Marcio Alexandre Hipólito and Rivera, Maria Alayde Mendonça and de Medeiros Lopes, Maria Antonieta Albanez Albuquerque and de Oliveira Paiva, Maria Sanali Moura and de Castro, Marildes Luiza and dos Campos, Milena Santos Barros and de Souza, Olga Ferreira and de Medeiros, Orlando Otávio and Freitas, Rafaela Andrade Penalva and de Carvalho, Regina Coeli Marques and da Silva, Sheyla Cristina Tonheiro Ferro and de Rodrigues, Thais Carvalho Vieira and Avila, Walkiria Samuel and da Silva, Wellington Santana and Nazima, Willyan Issamu and da Costa-Paiva, Lucia Helena Simões and Wender, Maria Celeste Osorio",2026,Revista Brasileira de Ginecologia e Obstetricia,10.61622/rbgo/2025rbgo200,https://www.scopus.com/pages/publications/105023912704?origin=resultslist,,47,,Article,Cited by: 0; All Open Access; Gold Open Access; Green Open Access,True,True,True
Lourie2025,ARTICLE,A novel gene therapy platform for the treatment of type 2 diabetes and obesity,"Lourie, Jared and Goraltchouk, Alex and Hollander, Judith M. and Berger, Nicolas J. and Rosen, H. Grace and Fujishiro, Atsutaro A. and Luppino, Francesco and Seregin, Alexey and Rhym, Luke and Zou, Kai",2025,Molecular Therapy Nucleic Acids,10.1016/j.omtn.2025.102739,https://www.scopus.com/pages/publications/105020949282?origin=resultslist,,36,4,Article,Cited by: 2; All Open Access; Gold Open Access; Green Open Access,True,True,True
Oya2025608,ARTICLE,Effectiveness for adding or switching from other incretin-related drugs to oral semaglutide in type 2 diabetes,"Oya, Junko and Shimizu, Mika and Kubota, Ryo and Suda, Rika and Nagkagami, Tomoko",2025,Journal of Diabetes Investigation,10.1111/jdi.14391,https://www.scopus.com/pages/publications/85212790220?origin=resultslist,608 - 614,16,4,Article,Cited by: 0; All Open Access; Gold Open Access; Green Open Access,True,True,True
Hamza2025339,ARTICLE,TETRADECYL MALTOSIDE AND DIMETHYL-PALMITOYLAMMONIO-PROPANE-SULFONATE AS EFFECTIVE PERMEATION ENHANCERS FOR SALMON CALCITONIN AND PRAMLINTIDE: A COMPARATIVE IN VITRO STUDY ON CACO-2 CELL LINES,"Hamza, Andrei and Prisada, Răzvan-Mihai and Șaramet, Gabriel",2025,Farmacia,10.31925/farmacia.2025.2.9,https://www.scopus.com/pages/publications/105004675128?origin=resultslist,339 - 349,74,2,Article,Cited by: 0; All Open Access; Gold Open Access,True,True,False
Cirnigliaro2024597,ARTICLE,Preliminary observations on the administration of a glucagon-like peptide-1 receptor agonist on body weight and select carbohydrate endpoints in persons with spinal cord injury: A controlled case series,"Cirnigliaro, Christopher M. and La Fountaine, Michael F. and Sauer, Susan J. and Cross, Gregory T. and Kirshblum, Steven C. and Bauman, William A.",2024,Journal of Spinal Cord Medicine,10.1080/10790268.2023.2207064,https://www.scopus.com/pages/publications/85158938203?origin=resultslist,597 - 604,47,4,Article,Cited by: 9; All Open Access; Green Open Access,True,False,True
Karki2026,ARTICLE,A pullulan-based bilayer film for buccal delivery of a GLP-1 peptide analogue,"Karki, Sandeep and Malhotra, Sahil and Ijaz, Muhammad and Rollet, Nicolas and O'Cearbhaill, Eoin D. and Bini, Estela and Brayden, David J.",2026,Carbohydrate Polymers,10.1016/j.carbpol.2026.125064,https://www.scopus.com/pages/publications/105029987702?origin=resultslist,,380,,Article,Cited by: 4; All Open Access; Hybrid Gold Open Access,True,True,False
Frolov202616,ARTICLE,Peptide-Tools–Web Server for Calculating Physicochemical Properties of Peptides,"Frolov, Andrey I. and Morley, Justin and Gomes dos Santos, Ana and Genapathy, Sivaneswary and Ghiandoni, Gian Marco",2026,Journal of Chemical Information and Modeling,10.1021/acs.jcim.5c02296,https://www.scopus.com/pages/publications/105027239113?origin=resultslist,16 - 27,66,1,Article,Cited by: 1; All Open Access; Green Open Access; Hybrid Gold Open Access,True,True,True
Bajaj2026S166,ARTICLE,Obesity and Weight Management for the Prevention and Treatment of Diabetes: Standards of Care in Diabetes-2026,"Bajaj, Mandeep and McCoy, Rozalina G. and Bellini, Natalie J. and Beverly, Elizabeth A. and Early, Kathaleen Briggs and Echouffo-Tcheugui, Justin B. and Elsayed, Nuha Ali and Everett, Brendan M. and Garg, Rajesh and Laffel, Lori M. and Lal, Rayhan and Matfin, Glenn and Pandya, Naushira and Peters, Anne L. and Pilla, Scott J. and Romeo, Giulio R. and Rosas, Sylvia E. and Segal, Alissa R. and Szmuilowicz, Emily D. and Bannuru, Raveendhara R. and Brown, Florence M. and Callaghan, Brian C. and Das, Sandeep R. and Dixon, Dave L. and Drincic, Andjela and Ebekozien, Osagie and Frykberg, Robert G. and Garg, Sunir J. and Hassanein, Mohamed and Marks, Brynn E. and Murdock, Lisa and Napoli, Nicola and Nelson, Aaron B. and Sadhu, Archana R. and Sanyal, Arun J. and Shukla, Alpana P. and Simmons, Kimber M. and Srinivasan, Shylaja and Tanenbaum, Molly L. and Woodward, Crystal C. and Balapattabi, Kirthikaa and Bennett, Allison K. and Challasivakanaka, Sathyavathi and Kalyani, Rita Rastogi and Pekas, Elizabeth J. and Adams, Alyce S. and Adelman, Ron A. and Agarwal, Shivani and Akturk, Halis K. and Altieri, Martine and Bardsley, Joan K. and de Boer, Ian H. and Bucheit, John D. and Cusi, Kenneth and Dagogo-Jack, Samuel and Dhatariya, Ketan and Dimeglio, Linda A. and Egan, Aoife M. and Fisher, Lawrence and Fridman, Vera and Gaglia, Jason L. and Ganda, Om and Golden, Sherita Hill and Januzzi, James L. and Kashyap, Sangeeta R. and Kehlenbrink, Sylvia and Korytkowski, Mary and Kovacs, Richard J. and Kovesdy, Csaba P. and Lewis, Kristina Henderson and Lipska, Kasia and Longo, Rebecca Rick and Mahmud, Farid H. and Malin, Steven K. and Nóvoa, Yeray and Patti, Mary-Elizabeth and Peek, Monica E. and Phan, Danny and Pinto, Marcus Vinicius R. and Polsky, Sarit and Priyambada, Leena and Reusch, Jane E. B. and Rhee, Connie M. and Rhee, Mary K. and Schumacher, Christine and Seley, Jane Jeffrie and Shah, Viral N. and Siegel, Richard D. and Smart, Carmel and Willis, Holly J. and Young, Clipper F. and Caballero, A. Enrique and Neumiller, Joshua J. and Hess-Fischl, Amy and Aiello, Lloyd Paul and Rewers, Marian and Venkatesh, Kartik and Yacoubian, Alexandra M. and Bonar, Michael and Franklin, Charlie",2026,Diabetes Care,10.2337/dc26-S008,https://www.scopus.com/pages/publications/105024146457?origin=resultslist,S166 - S182,49,,Article,Cited by: 58; All Open Access; Bronze Open Access; Green Open Access,True,False,True
Venne2026,ARTICLE,Multicomponent Stapling of Glucagon-Like Peptide-1 Enables Receptor-Guided PROTAC Delivery,"Venne, Jan L. and Krajcovicova, Sona and Davies, Graeme and Bolt, Hannah and Revell, Jefferson and Spring, David R.",2026,Angewandte Chemie - International Edition,10.1002/anie.9595531,https://www.scopus.com/pages/publications/105041558102?origin=resultslist,,65,34,Article,Cited by: 0; All Open Access; Green Open Access; Hybrid Gold Open Access,True,True,True
Steiger2025,ARTICLE,Enzymatic absorption promoters for non-invasive peptide delivery,"Steiger, Marilena Bohley and Steinauer, Angela and Gao, Daniel and Cerrejon, David Klein and Krupke, Hanna and Heussi, Miguel and Merkl, Padryk and Klipp, Alexander and Burger, Michael and Martin-Olmos, Cristina and Leroux, Jean-Christophe",2025,Journal of Controlled Release,10.1016/j.jconrel.2025.113675,https://www.scopus.com/pages/publications/105001994183?origin=resultslist,,382,,Article,Cited by: 8; All Open Access; Green Open Access; Hybrid Gold Open Access,True,True,True
Eczacioglu2025545,ARTICLE,Self-emulsifying drug delivery systems: A comparison of dry and wet reverse micelles,"Eczacioglu, Numan and Postina, Annika and Ebert, Melanie and Laffleur, Flavia and Kali, Gergely and Seybold, Anna and Bernkop-Schnürch, Andreas",2025,Acta Biomaterialia,10.1016/j.actbio.2025.07.027,https://www.scopus.com/pages/publications/105010906314?origin=resultslist,545 - 558,202,,Article,Cited by: 8; All Open Access; Hybrid Gold Open Access,True,True,False
Iriarte-Mesa2026,ARTICLE,Mesoporous Silica Nanoparticles-Based Formulations for Enhanced Oral Delivery of Peptide Drugs: A Case Study on Insulin,"Iriarte-Mesa, Claudia and Juère, Estelle and Bileck, Andrea and Kremsmayr, Thomas and Goodson, Michael L. and Ehrlich, Allison and Hodžić, Adnan and Kunert, Martin and Gerner, Christopher and Kählig, Hanspeter and Marko, Doris and Muttenthaler, Markus and Berry, David and Del Favero, Giorgia and Kleitz, Freddy",2026,Small,10.1002/smll.202513347,https://www.scopus.com/pages/publications/105033851910?origin=resultslist,,22,24,Article,Cited by: 1; All Open Access; Green Open Access; Hybrid Gold Open Access,True,True,True
Wyckoff2025G1,ARTICLE,Preexisting Diabetes and Pregnancy: An Endocrine Society and European Society of Endocrinology Joint Clinical Practice Guideline,"Wyckoff, Jennifer A. and Lapolla, Annunziata and Asias-Dinh, Bernadette D. and Barbour, Linda A. and Brown, Florence M. and Catalano, Patrick M. and Corcoy, Rosa and Di Renzo, Gian Carlo and Drobycki, Nancy and Kautzky-Willer, Alexandra and Murad, M. Hassan and Stephenson-Gray, Melanie and Tabák, Adam G. and Weatherup, Emily and Zera, Chloe and Singh-Ospina, Naykky",2025,European Journal of Endocrinology,10.1093/ejendo/lvaf116,https://www.scopus.com/pages/publications/105010759754?origin=resultslist,G1 - G48,193,1,Article,Cited by: 15; All Open Access; Green Open Access; Hybrid Gold Open Access,True,True,True
Wang2026143,ARTICLE,Hidradenitis suppurativa: a review of hormonal and metabolic interventions,"Wang, Lucy and Gunduz, Hasret and Atak, Mehmet F. and Mendİ, Banu İsmaİl and Farabi, Banu and Marmon, Shoshana",2026,Italian Journal of Dermatology and Venereology,10.23736/S2784-8671.26.08342-8,https://www.scopus.com/pages/publications/105034611257?origin=resultslist,143 - 152,161,2,Article,Cited by: 0; All Open Access; Hybrid Gold Open Access,True,True,False
Zhang2025,ARTICLE,Integrating micro-needle jet injection and sustained GLP-1 therapy with structured feeding: a comprehensive strategy for obesity management,"Zhang, Chen and Long, Luoxin and Hu, Hong and Zhou, Xinjin and Mao, Lindsey F. and Wang, Jing and Zhang, Aoran and Wang, Yuji and Yan, Yi and Mao, Shanhong",2025,Drug Delivery,10.1080/10717544.2025.2557938,https://www.scopus.com/pages/publications/105015552577?origin=resultslist,,32,1,Article,Cited by: 2; All Open Access; Gold Open Access; Green Open Access,True,True,True
Bailey2024,ARTICLE,Duodenal enteroendocrine cells and GIP as treatment targets for obesity and type 2 diabetes,"Bailey, Clifford J. and Flatt, Peter R.",2024,Peptides,10.1016/j.peptides.2024.171168,https://www.scopus.com/pages/publications/85184754943?origin=resultslist,,174,,Article,Cited by: 5; All Open Access; Green Open Access,True,False,True
Lv2025,ARTICLE,Hyaluronic acid-modified epigallocatechin gallate nanoliposomes:Preparation and evaluation of the stability and anticancer activity,"Lv, Jingjing and Ma, Zhiyang and Zhang, Shuting and Gao, Shaodie and Wang, Fang and Li, Dongmei and Zhang, Xiangrong and Sun, Baoshan",2025,Carbohydrate Polymer Technologies and Applications,10.1016/j.carpta.2025.100892,https://www.scopus.com/pages/publications/105008015061?origin=resultslist,,11,,Article,Cited by: 2; All Open Access; Gold Open Access; Green Open Access,True,True,True
Jeong2026,ARTICLE,Morphology-driven zinc oxide biointeractive carriers with biological barrier modulating effects for pulmonary delivery of liraglutide,"Jeong, Jin-Hyuk and Han, Chang-Soo and Kang, Ji-Hyun and Kim, Dong-Wook and Park, Chun-Woong",2026,Journal of Nanobiotechnology,10.1186/s12951-026-04085-y,https://www.scopus.com/pages/publications/105039942090?origin=resultslist,,24,1,Article,Cited by: 1; All Open Access; Gold Open Access,True,True,False
Wu2025,ARTICLE,Swimming exercise induces redox-lipid crosstalk to ameliorate osteoarthritis progression,"Wu, Yubin and Hou, Mingzhuang and Deng, Yaoge and Xia, Xiaowei and Liu, Yang and Yu, Jianfeng and Yu, Chenqi and Yang, Huilin and Zhang, Yijian and Zhu, Xuesong",2025,Redox Biology,10.1016/j.redox.2025.103535,https://www.scopus.com/pages/publications/85217364694?origin=resultslist,,81,,Article,Cited by: 15; All Open Access; Gold Open Access; Green Open Access,True,True,True
Kim2026309,ARTICLE,Toward a Chronic VNS Strategy for Obesity Treatment: Pilot Study on a PFA-Based Neural Interface in Diet-Induced Obese Rabbits,"Kim, Jisung and Kim, Jane Chungyoon and Jeong, Kyoungyun and Lee, Jiseon and Shin, Jiyeon and Yoo, Yie-Ri and Yoo, Jaeun and Lee, Taekyung and Lee, Joowon and Suaning, Gregg J. and Seo, Jong-Mo and Baek, Changhoon and Lee, Hyuk-Joon",2026,IEEE Journal of Translational Engineering in Health and Medicine,10.1109/JTEHM.2026.3708112,https://www.scopus.com/pages/publications/105043683587?origin=resultslist,309 - 319,14,,Article,Cited by: 0; All Open Access; Gold Open Access,True,True,False
Rosenfeld202510S,ARTICLE,Lifestyle Interventions for Treatment and Remission of Type 2 Diabetes and Prediabetes in Adults: A Clinical Practice Guideline From the American College of Lifestyle Medicine,"Rosenfeld, Richard M. and Grega, Meagan L. and Karlsen, Micaela C. and Abu Dabrh, Abd Moain and Aurora, R. Nisha and Bonnet, Jonathan P. and Donnell, Lori and Fitzpatrick, Stephanie L. and Frates, Beth and Joy, Elizabeth A. and Kapustin, Jane F. and Noe, Dawn R. and Panigrahi, Gunadhar and Ram, Arun and Levine Reisner, Lianna S. and Valencia, Willy Marcos and Weatherspoon, Lorraine J. and Weber, Jonathan M. and Staffier, Kara L. and Gulati, Mahima",2025,American Journal of Lifestyle Medicine,10.1177/15598276251325488,https://www.scopus.com/pages/publications/105008217412?origin=resultslist,10S - 131S,19,2_suppl,Article,Cited by: 39; All Open Access; Green Open Access,True,False,True
Liu2024,ARTICLE,Baicalein Ameliorates Insulin Resistance of HFD/STZ Mice Through Activating PI3K/AKT Signal Pathway of Liver and Skeletal Muscle in a GLP-1R-Dependent Manner,"Liu, Na and Cui, Xin and Guo, Tingli and Wei, Xiaotong and Sun, Yuzhuo and Liu, Jieyun and Zhang, Yangyang and Ma, Weina and Yan, Wenhui and Chen, Lina",2024,Antioxidants,10.3390/antiox13101246,https://www.scopus.com/pages/publications/85207684073?origin=resultslist,,13,10,Article,Cited by: 26; All Open Access; Gold Open Access; Green Open Access,True,True,True
Martin2025e41,ARTICLE,2025 Heart Disease and Stroke Statistics: A Report of US and Global Data from the American Heart Association,"Martin, Seth S. and Aday, Aaron W. and Allen, Norrina B. and Almarzooq, Zaid I. and Anderson, Cheryl A.M. and Arora, Pankaj and Avery, Christy L. and Baker-Smith, Carissa M. and Bansal, Nisha and Beaton, Andrea Z. and Commodore-Mensah, Yvonne and Currie, Maria E. and Elkind, Mitchell S.V. and Fan, Wenjun and Generoso, Giuliano and Gibbs, Bethany Barone and Heard, Debra G. and Hiremath, Swapnil and Johansen, Michelle C. and Kazi, Dhruv S. and Ko, Darae and Leppert, Michelle H. and Magnani, Jared W. and Michos, Erin D. and Mussolino, Michael E. and Parikh, Nisha I. and Perman, Sarah M. and Rezk-Hanna, Mary and Roth, Gregory A. and Shah, Nilay S. and Springer, Mellanie V. and St-Onge, Marie-Pierre and Thacker, Evan L. and Urbut, Sarah M. and Van Spall, Harriette G.C. and Voeks, Jenifer H. and Whelton, Seamus P. and Wong, Nathan D. and Wong, Sally S. and Yaffe, Kristine and Palaniappan, Latha P.",2025,Circulation,10.1161/CIR.0000000000001303,https://www.scopus.com/pages/publications/85219328373?origin=resultslist,e41 - e660,151,8,Article,Cited by: 1208; All Open Access; Green Open Access,True,False,True
Huang2025,ARTICLE,Development and validation of machine learning-based diagnostic models using blood transcriptomics for early childhood diabetes prediction,"Huang, Xin and Ouyang, Di and Xie, Weiming and Zhuang, Huawei and Gao, Siyu and Liu, Pan and Guo, Lizhong",2025,Frontiers in Medicine,10.3389/fmed.2025.1636214,https://www.scopus.com/pages/publications/105012033356?origin=resultslist,,12,,Article,Cited by: 1; All Open Access; Gold Open Access; Green Open Access,True,True,True
2025S266,ARTICLE,13. Older adults: Standards of care in diabetes—2025,,2025,Diabetes Care,10.2337/dc25-S013,https://www.scopus.com/pages/publications/85212244714?origin=resultslist,S266 - S282,48,,Article,Cited by: 178; All Open Access; Bronze Open Access; Green Open Access,True,False,True
Pangua20241189,ARTICLE,Mucus-penetrating and permeation enhancer albumin-based nanoparticles for oral delivery of macromolecules: Application to bevacizumab,"Pangua, Cristina and Espuelas, Socorro and Martínez-Ohárriz, María Cristina and Vizmanos, José Luis and Irache, Juan M.",2024,Drug Delivery and Translational Research,10.1007/s13346-023-01454-0,https://www.scopus.com/pages/publications/85174804730?origin=resultslist,1189 - 1205,14,5,Article,Cited by: 17; All Open Access; Green Open Access; Hybrid Gold Open Access,True,True,True
Elad2025864,ARTICLE,Glucagon-Like Peptide-1 Receptor Agonists in Patients With Durable Left Ventricular Assist Devices,"Elad, Boaz and Lee, Changhee and Rahman, Afsana and Rzechorzek, Wojciech and DeFilippis, Ersilia M. and Lotan, Dor and Moeller, Cathrine M. and Valledor, Andrea Fernandez and Rahman, Salwa and Baranowska, Julia and Clerkin, Kevin and Fried, Justin and Yunis, Adil and Yuzefpolskaya, Melana and Colombo, Paolo C. and Kaku, Yuji and Naka, Yoshifumi and Takeda, Koji and Raikhelkar, Jayant and Sayer, Gabriel T. and Uriel, Nir",2025,Artificial Organs,10.1111/aor.14942,https://www.scopus.com/pages/publications/85215610735?origin=resultslist,864 - 871,49,5,Article,Cited by: 4; All Open Access; Bronze Open Access,True,False,False
Xia2024,ARTICLE,An imbalanced GLP-1R/GIPR co-agonist peptide with a site-specific N-terminal PEGylation to maximize metabolic benefits,"Xia, Xuan and Lin, Qianmeng and Zhou, Zhan and Chen, Yongheng",2024,iScience,10.1016/j.isci.2024.109377,https://www.scopus.com/pages/publications/85188019728?origin=resultslist,,27,4,Article,Cited by: 1; All Open Access; Gold Open Access; Green Open Access,True,True,True
Mariam2025,ARTICLE,Computational assessment of the dimeric incretin GLP-1cpGLP-1 reveals the structural bases for its activity,"Mariam, Zamara and Abolhasan, Mohammad Reza and Reynolds, Christopher A. and Yousefi, Reza and Deganutti, Giuseppe",2025,Biochemical and Biophysical Research Communications,10.1016/j.bbrc.2025.152525,https://www.scopus.com/pages/publications/105014004826?origin=resultslist,,781,,Article,Cited by: 0; All Open Access; Green Open Access; Hybrid Gold Open Access,True,True,True
Talay2026,ARTICLE,Patient Outcomes Under Varying Engagement Patterns on Real-World Lifestyle-Supported Pharmacological Weight-Loss Therapy,"Talay, Louis and Petrel, Gerónimo and Ahuja, Neera and Tiroshi, Amit",2026,Obesities,10.3390/obesities6010002,https://www.scopus.com/pages/publications/105031276295?origin=resultslist,,6,1,Article,Cited by: 0; All Open Access; Gold Open Access,True,True,False
Hu2026,ARTICLE,Microtopography enhances intestinal drug absorption via Piezo1-mediated tight junction modulation,"Hu, Yu and Xu, Nan and Li, Xin and Kang, Xiaowo and Bian, Tieyuan and Lin, Junsheng and Tang, Hao and Bao, Yinyin and Zhang, Lu and Yuan, Hongyan and Yao, Mingxi and Jiang, Xingyu and Luo, Zhi",2026,BMEMat,10.1002/bmm2.70052,https://www.scopus.com/pages/publications/105024679186?origin=resultslist,,4,2,Article,Cited by: 0; All Open Access; Gold Open Access,True,True,False
Tayebi2025,ARTICLE,"Technological Innovation in Increasing Sport Access and Participation for People with Disabilities and Inactivity-A Report on 1st Conference USCI (University Sport Consortium International)_November 5-6, 2024","Tayebi, Seyed Morteza and Ghaziani, Fatemeh Ghorbanalizadeh and Suryo Putro, Waskito Aji",2025,Annals of Applied Sport Science,10.61186/aassjournal.1485,https://www.scopus.com/pages/publications/105004770784?origin=resultslist,,13,Special Issue,Article,Cited by: 1; All Open Access; Hybrid Gold Open Access,True,True,False
Flint202535,ARTICLE,The real-life experiences of people living with overweight and obesity: A psychosocial perspective,"Flint, Stuart W. and Vázquez-Velázquez, Verónica and Le Brocq, Sarah and Brown, Adrian",2025,"Diabetes, Obesity and Metabolism",10.1111/dom.16255,https://www.scopus.com/pages/publications/85218826449?origin=resultslist,35 - 47,27,S2,Article,Cited by: 21; All Open Access; Green Open Access; Hybrid Gold Open Access,True,True,True
Maya20252186,ARTICLE,Gestational Weight Gain and Pregnancy Outcomes After GLP-1 Receptor Agonist Discontinuation,"Maya, Jacqueline and Pant, Deepti and Fu, Yiran and James, Kaitlyn and Batlle, Carolina and Hsu, Sarah and Soria-Contreras, Diana C. and Shook, Lydia L. and Mow, Christopher and Hivert, Marie-France and Thaweethai, Tanayott and Powe, Camille E.",2025,JAMA,10.1001/jama.2025.20951,https://www.scopus.com/pages/publications/105023129711?origin=resultslist,2186 - 2196,334,24,Article,Cited by: 47; All Open Access; Green Open Access,True,False,True
Neumiller2025206,ARTICLE,"Kidney Outcomes with Glucagon-Like Peptide-1 Receptor Agonists, Sodium-Glucose Cotransporter 2 Inhibitors, Dipeptidyl Peptidase-4 Inhibitors, and Sulfonylureas in Type 2 Diabetes and Moderate Cardiovascular Risk","Neumiller, Joshua J. and Herrin, Jeph and Swarna, Kavya Sindhu and Polley, Eric C. and Galindo, Rodolfo J. and Umpierrez, Guillermo E. and Deng, Yihong and Ross, Joseph S. and Mickelson, Mindy M. and McCoy, Rozalina G.",2025,Clinical Journal of the American Society of Nephrology,10.2215/CJN.0000000587,https://www.scopus.com/pages/publications/85207701129?origin=resultslist,206 - 217,20,2,Article,Cited by: 10; All Open Access; Green Open Access,True,False,True
Boychenko2024,ARTICLE,Assessment of Adipocyte Transduction Using Different AAV Capsid Variants,"Boychenko, Stanislav and Abdullina, Alina and Laktyushkin, Viktor S. and Brovin, Andrew and Egorov, Alexander D.",2024,Pharmaceuticals,10.3390/ph17091227,https://www.scopus.com/pages/publications/85205073996?origin=resultslist,,17,9,Article,Cited by: 2; All Open Access; Gold Open Access; Green Open Access,True,True,True
Mu20248515,ARTICLE,Re-engineering lysozyme solubility and activity through surfactant complexation,"Mu, Jiaming and Mao, Leran and Andrews, Gavin P. and Carmali, Sheiliza",2024,Materials Advances,10.1039/d4ma00720d,https://www.scopus.com/pages/publications/85206480888?origin=resultslist,8515 - 8523,5,21,Article,Cited by: 6; All Open Access; Gold Open Access; Green Open Access,True,True,True
2024S244,ARTICLE,13. Older Adults: Standards of Care in Diabetes—2024,,2024,Diabetes Care,10.2337/dc24-S013,https://www.scopus.com/pages/publications/85179324986?origin=resultslist,S244 - S257,47,,Article,Cited by: 199; All Open Access; Green Open Access,True,False,True
McCartney2024,ARTICLE,LabrafacTM MC60 is an efficacious intestinal permeation enhancer for macromolecules: Comparisons with Labrasol® ALF in ex vivo and in vivo rat studies,"McCartney, Fiona and Caisse, Philippe and Dumont, Camille and Brayden, David J.",2024,International Journal of Pharmaceutics,10.1016/j.ijpharm.2024.124353,https://www.scopus.com/pages/publications/85197075015?origin=resultslist,,661,,Article,Cited by: 12; All Open Access; Hybrid Gold Open Access,True,True,False
Mikami-Saito2025,ARTICLE,Carnitine Deficiency Caused by Salcaprozic Acid Sodium Contained in Oral Semaglutide in a Patient with Multiple Acyl-CoA Dehydrogenase Deficiency,"Mikami-Saito, Yasuko and Maekawa, Masamitsu and Watanabe, Masahiro and Hosaka, Shinichiro and Takahashi, Kei and Totsune, Eriko and Arai-Ichinoi, Natsuko and Kikuchi, Atsuo and Kure, Shigeo and Katagiri, Hideki and Wada, Yoichi",2025,International Journal of Molecular Sciences,10.3390/ijms26072962,https://www.scopus.com/pages/publications/105002335532?origin=resultslist,,26,7,Article,Cited by: 1; All Open Access; Gold Open Access; Green Open Access,True,True,True
Overgaard2024,ARTICLE,ProtecT-2-D trial protocol: cardiovascular protection in patients with type 2 diabetes and established heart and/or vascular disease at a cardio-metabolic clinic—a randomized controlled trial,"Overgaard, Katrine Schultz and Mohamed, Roda Abdulkadir and Andersen, Thomas Rueskov and Lambrechtsen, Jess and Egstrup, Kenneth and Auscher, Søren",2024,Cardiovascular Diabetology,10.1186/s12933-024-02340-w,https://www.scopus.com/pages/publications/85198041828?origin=resultslist,,23,1,Article,Cited by: 1; All Open Access; Gold Open Access; Green Open Access,True,True,True
Brunzell20266471,ARTICLE,Self-Assembly of a Therapeutic Peptide Surfactant: A Small-Angle X-ray Scattering Study,"Brunzell, Ellen and Sigfridsson, Kalle and Bergström, L. Magnus",2026,Langmuir,10.1021/acs.langmuir.5c06529,https://www.scopus.com/pages/publications/105031576109?origin=resultslist,6471 - 6478,42,8,Article,Cited by: 0; All Open Access; Green Open Access; Hybrid Gold Open Access,True,True,True
Fan2025,ARTICLE,Integrated metabolomic and transcriptome analyses reveal the regulatory mechanisms of partridge tea phenolics-rich extracts on type 2 diabetes mice,"Fan, Ruyan and Li, Songjie and Wei, Youjing and Liu, Yingxin and Wang, Lu",2025,Food Science and Human Wellness,10.26599/FSHW.2024.9250219,https://www.scopus.com/pages/publications/105017612870?origin=resultslist,,14,9,Article,Cited by: 1; All Open Access; Gold Open Access; Green Open Access,True,True,True
Shi2025,ARTICLE,Harnessing the therapeutic potential of bacterial extracellular vesicles via functional peptides,"Shi, Yejiao and Zheng, Zelin and Wang, Wen and Hu, Honggang",2025,Interdisciplinary Medicine,10.1002/INMD.20240125,https://www.scopus.com/pages/publications/105000727873?origin=resultslist,,3,4,Article,Cited by: 12; All Open Access; Gold Open Access; Green Open Access,True,True,True
Oo2025,ARTICLE,Trends in global glucose lowering medication consumption: Insights from pharmaceutical sales data (2010–2021),"Oo, Myo Myo Swe and Jayawardana, Sahan and Campbell, Allen and Aitken, Murray and Patel, Kershaw V. and Nasir, Khuram and Mehra, Mandeep and Mossialos, Elias",2025,PLOS Global Public Health,10.1371/journal.pgph.0005326,https://www.scopus.com/pages/publications/105019239012?origin=resultslist,,5,10 October,Article,Cited by: 1; All Open Access; Gold Open Access; Green Open Access,True,True,True
Niu202592,ARTICLE,Combining SNAC and C10 in oral tablet formulations for gastric peptide delivery: A preclinical and clinical study,"Niu, Zhigao and La Zara, Damiano and Blaabjerg, Lasse and Pessi, Jenni and Raptis, Konstantinos and Toftlev, Anders and Sauter, Max and Christophersen, Philip and Bardonnet, Pierre-Louis and Andersson, Vincent and Wu, Jian Xiong and Brandt, Matthäus and Fan, Li and Wang, Zhuoran and Hubálek, Franta and Wahlund, Per-Olof and Norrman, Mathias and Breusova, Kateryna and Hjaltason, Marie Stine and Mortensen, Nicolai Rytter and Bardtrum, Lars and Nissen, Birgitte and Naelapää, Kaisa and Sassene, Philip Jonas",2025,Journal of Controlled Release,10.1016/j.jconrel.2024.11.078,https://www.scopus.com/pages/publications/85211246446?origin=resultslist,92 - 102,378,,Article,Cited by: 15; All Open Access; Hybrid Gold Open Access,True,True,False
Conlon2024,ARTICLE,Amphibian host-defense peptides with potential for Type 2 diabetes therapy – an updated review,"Conlon, J. Michael and Owolabi, Bosede O. and Flatt, Peter R. and Abdel-Wahab, Yasser H.A.",2024,Peptides,10.1016/j.peptides.2024.171180,https://www.scopus.com/pages/publications/85186692774?origin=resultslist,,175,,Article,Cited by: 10; All Open Access; Green Open Access; Hybrid Gold Open Access,True,True,True
Holt2025,ARTICLE,Optimising cardiac surgery outcomes in people with diabetes: the OCTOPuS pilot feasibility study,"Holt, Richard I. G. and Barnard-Kelly, Katharine and Patel, Mayank and Newland-Jones, Philip and Luthra, Suvitesh and Picot, Jo and Partridge, Helen and Cook, Andrew",2025,Health Technology Assessment,10.3310/POYW3311,https://www.scopus.com/pages/publications/105013688158?origin=resultslist,,29,,Article,Cited by: 0; All Open Access; Gold Open Access; Green Open Access,True,True,True
Bhatti2026,ARTICLE,Dual-targeting strategies for cancer and diabetes: Converging pharmacological pathways and repurposed therapies,"Bhatti, Gurjit Kaur and Ahmed, Ishtiaq and Sehrawat, Abhishek and Sharma, Pushpender Kumar and Kandimalla, Ramesh and Kaura, Kawaljit Singh and Bhatti, Jasvinder Singh",2026,Molecular Aspects of Medicine,10.1016/j.mam.2026.101464,https://www.scopus.com/pages/publications/105032214624?origin=resultslist,,109,,Article,Cited by: 1; All Open Access; Hybrid Gold Open Access,True,True,False
Dang2024524,ARTICLE,Analyzing the Metabolic Destiny of Potentilla discolor Bge. Extract and its Primary Components in Rat Models,"Dang, Yanxin and Du, Menghan and Sun, Xiuxiu and Sun, Zeqi and Liu, Jie and Xie, Minzhen and Chen, Zhouxiu and Gu, Siqi and Wang, Qi and Liu, Guijun",2024,Current Pharmaceutical Analysis,10.2174/0115734129298520240812062841,https://www.scopus.com/pages/publications/85212676797?origin=resultslist,524 - 537,20,7,Article,Cited by: 2; All Open Access; Hybrid Gold Open Access,True,True,False
Li2025,ARTICLE,Correlation between C-peptide and diabetic retinopathy in patients with type 2 diabetes mellitus: a cross-sectional study,"Li, Yujie and Liu, Baixue and Xue, Mengjiao and Zhang, Yi and Jia, Xiaolin and Guo, Keyu and Hao, Weiwei and Dong, Yichen and Li, Qiaohan and Li, Wei and Peng, Xuyan",2025,Scientific Reports,10.1038/s41598-025-19714-z,https://www.scopus.com/pages/publications/105018650548?origin=resultslist,,15,1,Article,Cited by: 0; All Open Access; Gold Open Access; Green Open Access,True,True,True
Iyer2025,ARTICLE,Exogenous oral application of PYY and exendin-4 impacts upon taste-related behavior and taste perception in wild-type mice,"Iyer, Satya and Montmayeur, Jean-Pierre and Zolotukhin, Sergei and Dotson, Cedrick D.",2025,Neuropharmacology,10.1016/j.neuropharm.2025.110408,https://www.scopus.com/pages/publications/105000322372?origin=resultslist,,272,,Article,Cited by: 1; All Open Access; Green Open Access,True,False,True
Lu2025,ARTICLE,Trojan horse-inspired spatiotemporal strategy augments cartilage regeneration by enhancing mitochondrial energy production,"Lu, Yingjie and Liu, Yang and Xia, Xiaowei and Wu, Yubin and Deng, Yaoge and Yu, Chenqi and Yu, Jianfeng and Hou, Mingzhuang and Yang, Huilin and Zhang, Yijian and Zhu, Xuesong",2025,Innovation,10.1016/j.xinn.2025.100913,https://www.scopus.com/pages/publications/105005868302?origin=resultslist,,6,7,Article,Cited by: 16; All Open Access; Gold Open Access; Green Open Access,True,True,True
Yue2025809,ARTICLE,IMPACT OF SEMAGLUTIDE ON DIABETIC RETINOPATHY: A FAERS DATABASE ANALYSIS AND PRECLINICAL STUDY,"Yue, Xinxin and Fu, Yang and Yu, Fei and Yin, Xiaoyan",2025,Acta Poloniae Pharmaceutica - Drug Research,10.32383/appdr/216204,https://www.scopus.com/pages/publications/105033070673?origin=resultslist,809 - 824,82,5,Article,Cited by: 0; All Open Access; Gold Open Access,True,True,False
Guo2026,ARTICLE,PCSK5 promotes angiogenesis and cardiac repair after myocardial infarction,"Guo, Jieyu and Ma, Siyu and Ma, Jinghua and Liu, Ming and Ge, Fei and Wang, Xinhong and Lin, Jiayi and Jiang, Nan and Lin, Xiaoke and Lian, Zhipeng and Zuo, Zheng and Li, Liliang and Cao, Genmao and Li, Yongbo and Wei, Xiangxiang and NG, Xianlong and Zhi, Xiuling and Osto, Elena and Dai, Yuxiang and Li, Jun and Wang, Lixin and Jiang, Hong and Meng, Dan",2026,Nature Communications,10.1038/s41467-026-72148-7,https://www.scopus.com/pages/publications/105043675627?origin=resultslist,,17,1,Article,Cited by: 0; All Open Access; Gold Open Access; Green Open Access,True,True,True
Rao2025,ARTICLE,Enhanced FGF21 Delivery via Neutrophil-Membrane-Coated Nanoparticles Improves Therapeutic Efficacy for Myocardial Ischemia–Reperfusion Injury,"Rao, Zhiheng and Tang, Yuli and Zhu, Jiamei and Lu, Zhenzhen and Chen, Zhichao and Wang, Jiaojiao and Bao, Yuxuan and Mukondiwa, Alan Vengai and Wang, Cong and Wang, Xiaojie and Luo, Yongde and Li, Xiaokun",2025,Nanomaterials,10.3390/nano15050346,https://www.scopus.com/pages/publications/86000567893?origin=resultslist,,15,5,Article,Cited by: 8; All Open Access; Gold Open Access; Green Open Access,True,True,True
Huang2024,ARTICLE,Inflammation-oriented montmorillonite adjuvant enhanced oral delivery of anti-TNF-α nanobody against inflammatory bowel disease,"Huang, Baolian and Yin, Te and Fu, Shuilian and Liu, Lina and Yang, Chen and Zhou, Lulu and Liu, Xing and Zhuang, Hongqin and Cao, Zhiting and Hua, Zichun",2024,Proceedings of the National Academy of Sciences of the United States of America,10.1073/pnas.2320482121,https://www.scopus.com/pages/publications/85203206169?origin=resultslist,,121,37,Article,Cited by: 24; All Open Access; Green Open Access; Hybrid Gold Open Access,True,True,True
Barrett2026,ARTICLE,Evaluation of the experience of people referred under the NHS enhanced service incentive for obesity to the NHS digital weight management programme: a mixed method study,"Barrett, Simon and Haffner, Stella JP. and McSweeney, Lorraine and Rothwell, Charlotte and Fong, Mackenzie and Jebb, Susan A. and Indulkar, Tejal and Taylor, Katharine and Adamson, Ashley J. and Heath, Laura and Aveyard, Paul",2026,BMC Public Health,10.1186/s12889-026-26203-z,https://www.scopus.com/pages/publications/105030306285?origin=resultslist,,26,1,Article,Cited by: 0; All Open Access; Gold Open Access; Green Open Access,True,True,True
Andreenko20257,ARTICLE,"Difficult airways in adults in hospitals (Fourth edition, 2025). Methodological recommendations of the All-Russian public organization “Federation of Anesthesiologists and Reanimatologists”","Andreenko, A.A. and Bratishchev, I.V. and Gavrilov, S.V. and Zaitsev, A.Yu. and Magomedov, M.A. and Pikovsky, V.Yu. and Stadler, V.V. and Stamov, V.I.",2025,Annals of Critical Care,10.21320/1818-474X-2025-3-7-50,https://www.scopus.com/pages/publications/105013135420?origin=resultslist,7 - 50,2025,3,Article,Cited by: 1; All Open Access; Gold Open Access; Green Open Access,True,True,True
MacDonald2025527,ARTICLE,A pilot randomised trial of group versus individual education for obese adults with type 2 insulin dependent diabetes,"MacDonald, Annette and Zhen, Xi May and Ahlenstiel, Golo and Phu, Amy and Wynne, Rochelle",2025,Contemporary Nurse,10.1080/10376178.2025.2515079,https://www.scopus.com/pages/publications/105008309206?origin=resultslist,527 - 546,61,6,Article,Cited by: 1; All Open Access; Green Open Access,True,False,True
Arrick2024481,ARTICLE,Cephalopod-inspired jetting devices for gastrointestinal drug delivery,"Arrick, G. and Sticker, D. and Ghazal, A. and Lu, Y. and Duncombe, T. and Gwynne, D. and Mouridsen, B. and Wainer, J. and Jepsen, J.P.H. and Last, T.S. and Schultz, D. and Hess, K. and Medina De Alba, E. and Min, S. and Poulsen, M. and Anker, C. and Karandikar, P. and Pedersen, H.D. and Collins, J. and Egecioglu, N.E. and Tamang, S. and Cleveland, C. and Ishida, K. and Uhrenfeldt, A.H. and Kuosmanen, J. and Pereverzina, M. and Hayward, A. and Kirk, R.K. and You, S. and Dalsgaard, C.M. and Gunnarsson, S.B. and Patsi, I. and Bohr, A. and Azzarello, A. and Frederiksen, M.R. and Herskind, P. and Li, J. and Roxhed, N. and Rahbek, U.L. and Water, J.J. and Buckley, S.T. and Traverso, G.",2024,Nature,10.1038/s41586-024-08202-5,https://www.scopus.com/pages/publications/85209635066?origin=resultslist,481 - 487,636,8042,Article,Cited by: 60; All Open Access; Green Open Access; Hybrid Gold Open Access,True,True,True
Grymyr2025e012367,ARTICLE,"Long-Term Trajectories of Left Heart Geometry, Mechanics, and Oxygen Demand After Bariatric Surgery","Grymyr, Lisa M.D. and Nadirpour, Saied and Gerdts, Eva and Nedrebø, Bjørn G. and Matre, Knut and Cramariuc, Dana",2025,Circulation: Heart Failure,10.1161/CIRCHEARTFAILURE.124.012367,https://www.scopus.com/pages/publications/105002605037?origin=resultslist,e012367,18,5,Article,Cited by: 3; All Open Access; Green Open Access; Hybrid Gold Open Access,True,True,True
West2025,ARTICLE,"Mas1 Receptor Activation is Necessary and Sufficient to Transduce ACE2 Effect in PAH, But Ang(1-7) Alone is Insufficient","West, James and Talati, Megha and Carrier, Erica and Rathinasabapathy, Anandharajan and Gaidarov, Ibragim and Vigl, Benjamin and Cai, Ying and Jia, Hongpeng and Blackwell, Tom and Gladson, Santhi and Moore, Christie and Shay, Sheila and Sevier, Ethan and Hemnes, Anna",2025,Pulmonary Circulation,10.1002/pul2.70083,https://www.scopus.com/pages/publications/105003160589?origin=resultslist,,15,2,Article,Cited by: 0; All Open Access; Gold Open Access; Green Open Access,True,True,True
Yoon2026,ARTICLE,Quality by Design-Based Formulation Development of an Oral Semaglutide Tablet,"Yoon, Ji-Hyeon and Kim, Do-Hyub and Kim, Joo-Eun",2026,Pharmaceutics,10.3390/pharmaceutics18040440,https://www.scopus.com/pages/publications/105037080793?origin=resultslist,,18,4,Article,Cited by: 2; All Open Access; Gold Open Access; Green Open Access,True,True,True
Tan2025,ARTICLE,PD-L1-Targeting Biomimetic Photoresponsive Thermosensitive Liposomes for Triple-Negative Breast Cancer,"Tan, Manman and Shi, Chengyu and Chi, Guangyi and Su, Xinwan and Liu, Fangzhou and Zhu, Linyu and Cheng, Guangqian and Chen, Xiangyi and Yu, Meng and Chen, Yijian and Wang, Ying and Chen, Yu and Yan, ShuLing and Wu, Wenfei and Yan, Qingfeng and Shao, Jianzhong and Wang, Kai and Liu, Xiangrui and Zhou, Min and Lin, Aifu",2025,Advanced Science,10.1002/advs.202506841,https://www.scopus.com/pages/publications/105012931582?origin=resultslist,,12,41,Article,Cited by: 8; All Open Access; Gold Open Access; Green Open Access,True,True,True
Gong2025,ARTICLE,"Fatty acid conjugated BimBH3 analogues with D‑amino acid substitution as PTPN1 inhibitors with enhanced activity, biostability and orally available potency for the treatment of diabetes","Gong, Liyan and Dong, Guozhen and Zhang, Qianqian and Shi, Yiying and Gu, Zongwen and Yang, Xianmin and Gao, Xiang and Zheng, Yaning and Zhang, Chuanliang",2025,Bioorganic and Medicinal Chemistry,10.1016/j.bmc.2025.118107,https://www.scopus.com/pages/publications/85217977770?origin=resultslist,,121,,Article,Cited by: 2; All Open Access; Green Open Access,True,False,True
Nosair2025,ARTICLE,"Deciphering the efficacy of staphyloxanthin-encapsulated niosomal nanovesicles to attenuate biofilm formation, quorum sensing, and meropenem persistence in Acinetobacter baumannii","Nosair, Ahmed M. and Abdelaziz, Ahmed A. and Abo-Kamar, Amal M. and Al-Madboly, Lamiaa A. and Farghali, Mahmoud H.",2025,BMC Microbiology,10.1186/s12866-025-04507-1,https://www.scopus.com/pages/publications/105024795468?origin=resultslist,,25,1,Article,Cited by: 4; All Open Access; Gold Open Access; Green Open Access,True,True,True
Nie2026381,ARTICLE,Dual rescue mission: P-G3 dendrimer addresses ovarian and neuroendocrine roots of obesity-linked subfertility,"Nie, Yunhan and Kuang, Zhe and Si, Jiqiang and Huang, Yuting and Zeng, Yuqi and Shen, Xi and Liu, Yali and Qiu, Lin and Wang, Li",2026,Journal of Advanced Research,10.1016/j.jare.2025.11.040,https://www.scopus.com/pages/publications/105025166879?origin=resultslist,381 - 398,86,,Article,Cited by: 1; All Open Access; Gold Open Access; Green Open Access,True,True,True
Mao2025,ARTICLE,pH-Responsive EGCG-Metal self-assembly as the carrier for rapid and prolonged insulin delivery,"Mao, Shuifang and Ren, Yanming and Zeng, Yujun and Ye, Xingqian and Tian, Jinhu",2025,Chemical Engineering Journal,10.1016/j.cej.2024.159048,https://www.scopus.com/pages/publications/85213220504?origin=resultslist,,504,,Article,Cited by: 7; All Open Access; Hybrid Gold Open Access,True,True,False
Liu2024,ARTICLE,"The efficacy and safety of beinaglutide alone or in combination with insulin glargine in Chinese patients with type 2 diabetes mellitus who are inadequately controlled with oral antihyperglycemic therapy: A multicenter, open-label, randomized trial","Liu, Xiangyang and Yang, Wenjuan and Liu, Jianrong and Huang, Xinxi and Fang, Yujie and Ming, Jie and Lai, Jingbo and Fu, Jianfang and Ji, Qiuhe and Wang, Li",2024,Journal of Diabetes,10.1111/1753-0407.13483,https://www.scopus.com/pages/publications/85174423274?origin=resultslist,,16,2,Article,Cited by: 9; All Open Access; Gold Open Access; Green Open Access,True,True,True
Jiang2026,ARTICLE,Met@MPDA rejuvenates BMSC energy metabolism to promote bone regeneration in semaglutide-treated obese periodontitis,"Jiang, Ting and Wan, Tian-Hao and Wang, Min-Jie and Zhu, Xue-Qin and Jiang, Yu-Ran and Yang, Feng and Ling, Zhi-Chen and Tan, Xin-Yi and Wang, Jun and Ouyang, Ning-Juan",2026,Materials Today Bio,10.1016/j.mtbio.2026.103231,https://www.scopus.com/pages/publications/105038700254?origin=resultslist,,38,,Article,Cited by: 0; All Open Access; Gold Open Access; Green Open Access,True,True,True
Bapat20251003,ARTICLE,Modification of Peptide and Permeation Enhancer In Vitro Release Rates by Dispersion with a Gel-Forming Polymer,"Bapat, Pradnya and Luy, Sheena Lee and Panchabhai, Neha and Taylor, Lynne S.",2025,Pharmaceutical Research,10.1007/s11095-025-03870-y,https://www.scopus.com/pages/publications/105007330197?origin=resultslist,1003 - 1020,42,6,Article,Cited by: 2; All Open Access; Green Open Access; Hybrid Gold Open Access,True,True,True
2025S181,ARTICLE,9. Pharmacologic approaches to glycemic treatment: Standards of care in diabetes—2025,,2025,Diabetes Care,10.2337/dc25-S009,https://www.scopus.com/pages/publications/85212245712?origin=resultslist,S181 - S206,48,,Article,Cited by: 629; All Open Access; Green Open Access,True,False,True
McCoy2024,ARTICLE,Derivation of an Annualized Claims-Based Major Adverse Cardiovascular Event Estimator in Type 2 Diabetes,"McCoy, Rozalina G. and Swarna, Kavya Sindhu and Deng, Yihong and Herrin, Jeph S. and Ross, Joseph S. and Kent, David M. and Borah, Bijan J. and Crown, William H. and Montori, Victor M. and Umpierrez, Guillermo E. and Galindo, Rodolfo J. and Brito Campana, Juan P. and Mickelson, Mindy M. and Polley, Eric C.",2024,JACC: Advances,10.1016/j.jacadv.2024.100852,https://www.scopus.com/pages/publications/85185573507?origin=resultslist,,3,4,Article,Cited by: 20; All Open Access; Gold Open Access; Green Open Access,True,True,True
Sahin2025371,ARTICLE,Development of a mucoadhesive drug delivery system and its interaction with gastric cells,"Sahin, Ahmet Baki and Karakurt, Serdar and Bilecen, Deniz Sezlev",2025,Beilstein Journal of Nanotechnology,10.3762/BJNANO.16.28,https://www.scopus.com/pages/publications/105000639791?origin=resultslist,371 - 384,16,,Article,Cited by: 6; All Open Access; Gold Open Access; Green Open Access,True,True,True
Bonora2025,ARTICLE,Long-Term Effectiveness of Once-Weekly Semaglutide in Patients With Type 2 Diabetes Previously Treated With Insulin. A Multicentre Real-World Study,"Bonora, Benedetta Maria and Giaccari, Andrea and Consoli, Agostino and Broglio, Fabio and Avogaro, Angelo and Fadini, Gian Paolo",2025,Diabetes/Metabolism Research and Reviews,10.1002/dmrr.70045,https://www.scopus.com/pages/publications/105004080548?origin=resultslist,,41,4,Article,Cited by: 1; All Open Access; Green Open Access; Hybrid Gold Open Access,True,True,True
Iwanishi2025251,ARTICLE,A Male Japanese Patient with Temple Syndrome Complicated by Type 2 Diabetes Mellitus,"Iwanishi, Masanori and Yorifuji, Tohru and Yamamoto, Yukako and Ito-Kobayashi, Jun and Shimatsu, Akira and Kikugawa, Shingo and Kagami, Masayo",2025,Internal Medicine,10.2169/internalmedicine.2743-23,https://www.scopus.com/pages/publications/85214912977?origin=resultslist,251 - 259,64,2,Article,Cited by: 2; All Open Access; Gold Open Access; Green Open Access,True,True,True
Domingues20242917,ARTICLE,Effects of semaglutide-loaded lipid nanocapsules on metabolic dysfunction-associated steatotic liver disease,"Domingues, Inês and Yagoubi, Hafsa and Zhang, Wunan and Marotti, Valentina and Kambale, Espoir K. and Vints, Katlijn and Sliwinska, Malgorzata Alicja and Leclercq, Isabelle A. and Beloqui, Ana",2024,Drug Delivery and Translational Research,10.1007/s13346-024-01576-z,https://www.scopus.com/pages/publications/85190091356?origin=resultslist,2917 - 2929,14,10,Article,Cited by: 14; All Open Access; Green Open Access; Hybrid Gold Open Access,True,True,True
2024S158,ARTICLE,9. Pharmacologic Approaches to Glycemic Treatment: Standards of Care in Diabetes—2024,,2024,Diabetes Care,10.2337/dc24-S009,https://www.scopus.com/pages/publications/85179304010?origin=resultslist,S158 - S178,47,,Article,Cited by: 760; All Open Access; Bronze Open Access; Green Open Access,True,False,True
López-Estévez2026,ARTICLE,Nanoassemblies for oral protein delivery — The case of monoclonals for inflammatory bowel disease,"López-Estévez, Ana M. and Portela, María G. and Piñeiro-Alonso, Laura and Castillo-González, Raquel and Sancho-Temiño, Lucía and Gómez-Lado, Noemí and Codesido, Jessica and García-Otero, Xurxo and Medel, María and Vicent, María J. and Castellanos, Milagros and Aguiar, Pablo and Fernández-Messina, Lola and Fernández-Aceñero, María Jesús and Cruz-Adalia, Aránzazu and Alonso, María José",2026,Journal of Controlled Release,10.1016/j.jconrel.2025.114455,https://www.scopus.com/pages/publications/105022903025?origin=resultslist,,389,,Article,Cited by: 4; All Open Access; Green Open Access; Hybrid Gold Open Access,True,True,True
Spinelli2025,ARTICLE,Amphibian-Derived Peptides as Natural Inhibitors of SARS-CoV-2 Main Protease (Mpro): A Combined In Vitro and In Silico Approach,"Spinelli, Roque and Sanchis, Iván and Rietmann, Álvaro and Húmpola, María Verónica and Siano, Álvaro",2025,Chemistry and Biodiversity,10.1002/cbdv.202403202,https://www.scopus.com/pages/publications/85217527819?origin=resultslist,,22,6,Article,Cited by: 3; All Open Access; Bronze Open Access,True,False,False
Dong2026,ARTICLE,A nose-to-brain axis for spoiled food odor-triggered defensive responses in male mice,"Dong, Wan-Ying and Cheng, Ping-Kai and Miao, Jun-Hao and Shi, Pei and Huang, Ji-Ye and Jin, Yu-Xin and Lou, Qian-Qian and Wang, Haitao and Wang, Zerui and Zhao, Wan and Zhang, Zhi and Wang, Wei and Zhou, Qi-Xin and Zhu, Xia",2026,Nature Communications,10.1038/s41467-025-68057-w,https://www.scopus.com/pages/publications/105029173081?origin=resultslist,,17,1,Article,Cited by: 2; All Open Access; Gold Open Access; Green Open Access,True,True,True
Faconti20251,ARTICLE,Investigation and management of resistant hypertension: British and Irish Hypertension Society position statement,"Faconti, Luca and George, Jacob and Partridge, Sarah and Maniero, Carmen and Sathyanarayanan, Abilash and Kulkarni, Spoorthy and Kapil, Vikas and Petrosino, Alfredo and Lewis, Philip and McCormack, Terry and Poulter, Neil R. and Heagerty, Anthony and Wilkinson, Ian B.",2025,Journal of Human Hypertension,10.1038/s41371-024-00983-6,https://www.scopus.com/pages/publications/85211942570?origin=resultslist,1 - 14,39,1,Article,Cited by: 18; All Open Access; Green Open Access; Hybrid Gold Open Access,True,True,True
Hölscher20251201,ARTICLE,Incretin Hormones GLP-1 and GIP Normalize Energy Utilization and Reduce Inflammation in the Brain in Alzheimer’s Disease and Parkinson’s Disease: From Repurposed GLP-1 Receptor Agonists to Novel Dual GLP-1/GIP Receptor Agonists as Potential Disease-Modifying Therapies,"Hölscher, Christian",2025,CNS Drugs,10.1007/s40263-025-01226-z,https://www.scopus.com/pages/publications/105016191870?origin=resultslist,1201 - 1220,39,12,Article,Cited by: 19; All Open Access; Green Open Access; Hybrid Gold Open Access,True,True,True
Toraih2025,ARTICLE,The Risk of Vestibular Disorders with Semaglutide and Tirzepatide: Findings from a Large Real-World Cohort,"Toraih, Eman A. and Alenezy, Awwad and Hussein, Mohammad H. and Hashmat, Shahmeer and Mummadi, Saitej and Alrawili, Nawaf Farhan and Abdelmaksoud, Ahmed and Fawzy, Manal S.",2025,Biomedicines,10.3390/biomedicines13051049,https://www.scopus.com/pages/publications/105006827555?origin=resultslist,,13,5,Article,Cited by: 2; All Open Access; Gold Open Access; Green Open Access,True,True,True
Rogers2025,ARTICLE,"Oral Tablet Formulations with Lactoferrin, a Cohesive Biomacromolecule","Rogers, True L. and Horton, Andrew J. and Watson, Thomas and Robart, Stephanie and DeFrancesco, Brooklynn and Bishop, Hannah and Tocce, Elizabeth",2025,Pharmaceutics,10.3390/pharmaceutics17091151,https://www.scopus.com/pages/publications/105017090909?origin=resultslist,,17,9,Article,Cited by: 0; All Open Access; Gold Open Access; Green Open Access,True,True,True
Kaplan2024,ARTICLE,"Assessing the state of obesity care: Quality, access, guidelines, and standards","Kaplan, Lee M. and Apovian, Caroline M. and Ard, Jamy D. and Allison, David B. and Aronne, Louis J. and Batterham, Rachel L. and Busetto, Luca and Dicker, Dror and Horn, Deborah B. and Kelly, Aaron S. and Mechanick, Jeffrey I. and Purnell, Jonathan Q. and Ramos-Salas, Ximena",2024,Obesity Science and Practice,10.1002/osp4.765,https://www.scopus.com/pages/publications/85198922875?origin=resultslist,,10,4,Article,Cited by: 18; All Open Access; Gold Open Access; Green Open Access,True,True,True
Pedigo20251007,ARTICLE,Leader-Independent C-Terminal Modification by a Radical S-Adenosyl-l-methionine Maturase Enables Macrocyclic GLP-1-Like Peptides,"Pedigo, Jacob K. and Eastman, Karsten A. S. and Bandarian, Vahe",2025,ACS Bio and Med Chem Au,10.1021/acsbiomedchemau.5c00152,https://www.scopus.com/pages/publications/105024947393?origin=resultslist,1007 - 1015,5,6,Article,Cited by: 2; All Open Access; Gold Open Access; Green Open Access,True,True,True
Gao2026,ARTICLE,Managing Obesity in Individuals with Cardiovascular Disease: Are We Missing the Obvious?,"Gao, Miao and Singh, Tanjot and Ajjan, Ramzi A.",2026,European Cardiology Review,10.15420/ecr.2025.53,https://www.scopus.com/pages/publications/105045548653?origin=resultslist,,21,1,Article,Cited by: 0; All Open Access; Gold Open Access; Green Open Access,True,True,True
Atta2026,ARTICLE,Agrocybe cylindracea polysaccharides and polysaccharides-conditioned fecal microbiota transplantation similarly restore ciprofloxacin-induced microbial dysbiosis and improve intestinal barrier function: a comparative study,"Atta, Aamna and Naveed, Muhammad and Liu, Jinting and Ansari, Immad and Ma, Renzhen and Wang, Xiyu and Feng, Bin",2026,Frontiers in Immunology,10.3389/fimmu.2026.1841989,https://www.scopus.com/pages/publications/105046279750?origin=resultslist,,17,,Article,Cited by: 0; All Open Access; Gold Open Access; Green Open Access,True,True,True
Sandmeier20252146,ARTICLE,Design of self-emulsifying oral delivery systems for semaglutide: reverse micelles versus hydrophobic ion pairs,"Sandmeier, Matthias and Ricci, Fabrizio and To, Dennis and Lindner, Sera and Stengel, Daniel and Schifferle, Michaela and Koz, Saadet and Bernkop-Schnürch, Andreas",2025,Drug Delivery and Translational Research,10.1007/s13346-024-01729-0,https://www.scopus.com/pages/publications/85207000429?origin=resultslist,2146 - 2161,15,6,Article,Cited by: 13; All Open Access; Green Open Access; Hybrid Gold Open Access,True,True,True
Mi20261089,ARTICLE,Tirzepatide retention in iWAT with mesoporous polydopamine encapsulation enhances weight loss through leptin receptor signaling,"Mi, Lin and Li, Tan and Xiang, Xiaoxin and Zhou, Yimin and Xiong, Na and Chen, Yanyu and Chen, Jiaoting and Shang, Sijia and Chen, Shumeng and Cheung, Wai W. and Xiao, Zecong and Chen, Yanming and Wang, Jiahai and Peng, Jun and Shuai, Xintao and Shi, Guojun",2026,Journal of Advanced Research,10.1016/j.jare.2025.09.009,https://www.scopus.com/pages/publications/105016809292?origin=resultslist,1089 - 1104,84,,Article,Cited by: 1; All Open Access; Gold Open Access; Green Open Access,True,True,True
Ebert2026,ARTICLE,Oral (poly)peptide delivery: On the emulsifying properties of inverted lipid phases under gastrointestinal conditions,"Ebert, Melanie Lena and Postina, Annika and Schmidt, Marlene Ramona and Laffleur, Flavia and Kali, Gergely and Bernkop-Schnürch, Andreas",2026,Journal of Controlled Release,10.1016/j.jconrel.2025.114508,https://www.scopus.com/pages/publications/105023833272?origin=resultslist,,390,,Article,Cited by: 1; All Open Access; Hybrid Gold Open Access,True,True,False
Zhang2026,ARTICLE,Microneedle patches deliver targeted GLP-1RAs-loaded nanoparticles for the treatment of rheumatoid arthritis,"Zhang, Hongyu and liu, Yao and Zhang, Shiyu and Wang, Zuli and Zhang, Xia and Zhang, Yang and Zhang, Ji and Liang, Shenju and Li, Changqing and Su, Min and Tian, Zhiqiang and Luo, Liwen",2026,Journal of Nanobiotechnology,10.1186/s12951-026-04261-0,https://www.scopus.com/pages/publications/105034455687?origin=resultslist,,24,1,Article,Cited by: 2; All Open Access; Gold Open Access; Green Open Access,True,True,True
Maung2025,ARTICLE,"Effects of FGF21, soluble TGFBR2, and environmental temperature on metabolic dysfunction in lipodystrophic mice","Maung, Jessica N. and Chen, Yang and Hoose, Keegan S. and Adler, Rose E. and Hariri, Hadla and Dickson, Mia J. and Hetrick, Taryn A. and Ferguson, Gabriel A. and Schill, Rebecca L. and Mori, Hiroyuki and Uranga, Romina M. and Lewis, Kenneth T. and Hermsmeyer, Isabel D.K. and Gilio, Donatella and de Solis, Christopher and Toliver, Amber and Davidsohn, Noah and Oral, Elif A. and MacDougald, Ormond A.",2025,JCI Insight,10.1172/jci.insight.194882,https://www.scopus.com/pages/publications/105014456177?origin=resultslist,,10,16,Article,Cited by: 1; All Open Access; Gold Open Access; Green Open Access,True,True,True
Chen2026,ARTICLE,Novel approach for diabetic wound healing: adipose-derived mesenchymal stromal cells Exo@SPHydrogel combined with laser therapy,"Chen, Weizhi and Hong, Jie and Wei, Yiliu and Ye, Junchen and Wu, Qiaoyi",2026,npj Regenerative Medicine,10.1038/s41536-026-00459-w,https://www.scopus.com/pages/publications/105034376613?origin=resultslist,,11,1,Article,Cited by: 0; All Open Access; Gold Open Access; Green Open Access,True,True,True
Crandall20251101,ARTICLE,The Diabetes Prevention Program and Its Outcomes Study: NIDDK’s Journey Into the Prevention of Type 2 Diabetes and Its Public Health Impact,"Crandall, Jill P. and Dabelea, Dana and Knowler, William C. and Nathan, David M. and Temprosa, Marinella",2025,Diabetes Care,10.2337/dc25-0014,https://www.scopus.com/pages/publications/105009648981?origin=resultslist,1101 - 1111,48,7,Article,Cited by: 28; All Open Access; Bronze Open Access; Green Open Access,True,False,True
Sirinyildiz2025462,ARTICLE,Arbutin as a potential nephroprotective agent: Dose-related effects in renal ischemia–reperfusion injury,"Sirinyildiz, Ferhat and Kavak, Izel and Cetin, Nesibe Kahraman and Keskin, Adem",2025,Biomolecules and Biomedicine,10.17305/bb.2025.13056,https://www.scopus.com/pages/publications/105018645781?origin=resultslist,462 - 470,26,3,Article,Cited by: 2; All Open Access; Gold Open Access; Green Open Access,True,True,True
Song2026,ARTICLE,Interpretable Two-Stage Machine Learning for Early and Full Drug Release Prediction in PLGA Microspheres,"Song, Younghun and Bashyal, Saroj and Cho, Hyuk Jun and Woo, Mi Ran and Kim, Jong Oh and Hwang, Duhyeong",2026,Pharmaceuticals,10.3390/ph19050767,https://www.scopus.com/pages/publications/105040204557?origin=resultslist,,19,5,Article,Cited by: 1; All Open Access; Gold Open Access; Green Open Access,True,True,True
Coombs2025,ARTICLE,Ruvidar®—An Effective Anti-Herpes Simplex Virus Agent,"Coombs, Kevin M. and DuMoulin-White, Roger and Mandel, Arkady",2025,Viruses,10.3390/v17091280,https://www.scopus.com/pages/publications/105017412074?origin=resultslist,,17,9,Article,Cited by: 1; All Open Access; Gold Open Access; Green Open Access,True,True,True
Fasseeh2024,ARTICLE,Framework for developing cost-effectiveness analysis threshold: the case of Egypt,"Fasseeh, Ahmad N. and Korra, Nada and Elezbawy, Baher and Sedrak, Amal S. and Gamal, Mary and Eldessouki, Randa and Eldebeiky, Mariam and George, Mohsen and Seyam, Ahmed and Abourawash, Asmaa and Khalifa, Ahmed Y. and Shaheen, Mayada and Abaza, Sherif and Kaló, Zoltán",2024,Journal of the Egyptian Public Health Association,10.1186/s42506-024-00159-7,https://www.scopus.com/pages/publications/85195377835?origin=resultslist,,99,1,Article,Cited by: 11; All Open Access; Gold Open Access; Green Open Access,True,True,True
Čelutkienė2025,ARTICLE,Counteracting the Mechanisms of Heart Failure is the Most Effective Way to Decongest Patients while Improving Outcomes,"Čelutkienė, Jelena and Mebazaa, Alexandre and Biegus, Jan and Ponikowski, Piotr and Davison, Beth and Cotter, Gad",2025,Cardiac Failure Review,10.15420/cfr.2024.19,https://www.scopus.com/pages/publications/85217473768?origin=resultslist,,11,,Article,Cited by: 1; All Open Access; Gold Open Access; Green Open Access,True,True,True
Ghareb2024247,ARTICLE,"Development, biological evaluation, and molecular modelling of some benzene-sulfonamide derivatives as protein tyrosine phosphatase-1B inhibitors for managing diabetes mellitus and associated metabolic disorders","Ghareb, Nagat and Darwish, Khaled M. and Nafie, Mohamed S. and Elrayess, Ranwa and Abourobe, Noha M. and Fattah, Shaimaa A. and Hazem, Reem M. and Mehanna, Eman T. and Elrayess, Ranza",2024,RSC Medicinal Chemistry,10.1039/d4md00594e,https://www.scopus.com/pages/publications/85207311263?origin=resultslist,247 - 273,16,1,Article,Cited by: 8; All Open Access; Green Open Access,True,False,True
Klein Cerrejon2025875,ARTICLE,Optimized suction patch design for enhanced transbuccal macromolecular drug delivery,"Klein Cerrejon, David and Krupke, Hanna and Gao, Daniel and Paunović, Nevena and Sachs, David and Leroux, Jean-Christophe",2025,Journal of Controlled Release,10.1016/j.jconrel.2025.02.014,https://www.scopus.com/pages/publications/85217892519?origin=resultslist,875 - 891,380,,Article,Cited by: 7; All Open Access; Hybrid Gold Open Access,True,True,False
Kanelli2025,ARTICLE,Enhanced macromolecule bioavailability in rats and pigs using an in situ forming synthetic epithelial lining,"Kanelli, Maria and Yu, Anthony C. and Susilo, Derrian and Petropulos, Olivia and Kadasia, Kadryn and Sandoval, Luis and Hudson, M. Ashley and Sim, Davin and Dial, Caroline and Mena, Maria Buzo and Liang, Jia and Rivera-Delgado, Edgardo and Sepich, Luke and Hollfelder, Kurt and Wright, James and von Erlach, Thomas and Hayward, Alison and Gaspie, Kimberly A. and Barron, Sarah M. and Pombo, Molly and Basani, Raviteja Reddy and Lanchantin, Matthew and Lopes, Aaron and Pizzo, Stephen and Sethuraman, Vasu and Dhanda, Rahul K. and Langer, Robert and Traverso, Giovanni",2025,Journal of Controlled Release,10.1016/j.jconrel.2025.114338,https://www.scopus.com/pages/publications/105021472478?origin=resultslist,,388,,Article,Cited by: 1; All Open Access; Green Open Access,True,False,True
Abdulkarim20251558,ARTICLE,Novel zwitterionic densely charged neutral sulfobetaine polymeric micelles for oral delivery of therapeutic peptides: a proof-of-concept study,"Abdulkarim, Muthanna and Neto, Cátia and Laffleur, Flavia and Ramos-Pérez, Victor and Bernkop-Schnürch, Andreas and Gómez Borros, Salvador and Gumbleton, Mark",2025,RSC Pharmaceutics,10.1039/d4pm00202d,https://www.scopus.com/pages/publications/105018613515?origin=resultslist,1558 - 1579,2,6,Article,Cited by: 3; All Open Access; Gold Open Access,True,True,False
Hao2026,ARTICLE,"Lycium barbarum-Derived Extracellular Vesicles Ameliorate Myocardial Hypertrophy in Heart Failure with Preserved Ejection Fraction, Associated with Reduced Cardiomyocyte Apoptosis","Hao, Wenhao and Zhao, Yuxin and Cui, Huimin and Liu, Andong and Gong, Wei and Wang, Kangling and Lin, Hong and Hao, Lei and Han, Fanfan and Yang, Jianjun",2026,Nutrients,10.3390/nu18152564,https://www.scopus.com/pages/publications/105047084728?origin=resultslist,,18,15,Article,Cited by: 0; All Open Access; Gold Open Access; Green Open Access,True,True,True
Huang2026,ARTICLE,Oral delivery of GLP-1 analogues by recombinant Lactococcus lactis restores pancreatic islet structure through intestinal mucosal absorption in diabetic mice,"Huang, Yuanjian and Lin, Xuancai and Deng, Min and Tang, Yanqing and Li, Simin and Xu, Binyan and Zeng, Weixing and Chen, Zerong and Hou, Xufeng and Lin, Ziqing and Meng, Xiaojing and Bai, Yang and Fan, Hongying and Zeng, Weisen",2026,eBioMedicine,10.1016/j.ebiom.2026.106141,https://www.scopus.com/pages/publications/105029105036?origin=resultslist,,124,,Article,Cited by: 1; All Open Access; Gold Open Access; Green Open Access,True,True,True
Sinézia2024,ARTICLE,Oral delivery of the amylin receptor agonist pramlintide,"Sinézia, Celimar and Sisnande, Tháyna and Icart, Luis Peña and Lima, Luís Maurício T. R.",2024,Peptide Science,10.1002/pep2.24346,https://www.scopus.com/pages/publications/85184258550?origin=resultslist,,116,4,Article,Cited by: 0; All Open Access; Bronze Open Access,True,False,False
Wang202594,ARTICLE,"Racial and ethnic disparities in the uptake of SGLT2is and GLP-1RAs among Medicare beneficiaries with type 2 diabetes and heart failure, atherosclerotic cardiovascular disease and chronic kidney disease, 2013–2019","Wang, Eric and Patorno, Elisabetta and Khosrow-Khavar, Farzin and Crystal, Stephen and Dave, Chintan V.",2025,Diabetologia,10.1007/s00125-024-06321-2,https://www.scopus.com/pages/publications/85208790682?origin=resultslist,94 - 104,68,1,Article,Cited by: 13; All Open Access; Green Open Access; Hybrid Gold Open Access,True,True,True
da Silva Lima2024,ARTICLE,GLP-1 and GIP agonism has no direct actions in human hepatocytes or hepatic stellate cells,"da Silva Lima, Natália and Cabaleiro, Alba and Novoa, Eva and Riobello, Cristina and Knerr, Patrick J. and He, Yantao and Esquinas-Román, Eva M. and González-García, Ismael and Prevot, Vincent and Schwaninger, Markus and Dieguez, Carlos and López, Miguel and Müller, Timo D. and Varela-Rey, Marta and Douros, Jonathan D. and Nogueiras, Ruben",2024,Cellular and Molecular Life Sciences,10.1007/s00018-024-05507-6,https://www.scopus.com/pages/publications/85210591142?origin=resultslist,,81,1,Article,Cited by: 32; All Open Access; Gold Open Access; Green Open Access,True,True,True
Chen2024,ARTICLE,Repurposing a human acetyl-CoA carboxylase inhibitor firsocostat to treat fungal candidiasis alone and in combination,"Chen, Tianyu and Yao, Jing and Quan, Keao and Xu, Jingchen and Hang, Xudong and Tong, Qian and Liu, Genyan and Luo, Peipei and Zeng, Liping and Feng, Ganzhu and Bi, Hongkai",2024,Antimicrobial Agents and Chemotherapy,10.1128/aac.01131-23,https://www.scopus.com/pages/publications/85182091171?origin=resultslist,,68,1,Article,Cited by: 4; All Open Access; Green Open Access,True,False,True
Gao2024,ARTICLE,Pain-free oral delivery of biologic drugs using intestinal peristalsis-actuated microneedle robots,"Gao, Xize and Li, Jiacong and Li, Jing and Zhang, Mingjun and Xu, Jing",2024,Science Advances,10.1126/sciadv.adj7067,https://www.scopus.com/pages/publications/85181849925?origin=resultslist,,10,1,Article,Cited by: 90; All Open Access; Gold Open Access; Green Open Access,True,True,True
Wen2026,ARTICLE,Biopharmaceutical Characterization of Grapiprant Within the BCS Framework Under Canine-Relevant Conditions: Solubility and Caco-2 Permeability Assessment,"Wen, Zeyu and Sun, Xilu and Chen, Sumeng and Meng, Jinyan and Yu, Runlin and Guo, Shuyan and Cao, Xingyuan",2026,Pharmaceutics,10.3390/pharmaceutics18081010,https://www.scopus.com/pages/publications/105048537949?origin=resultslist,,18,8,Article,Cited by: 0; All Open Access; Gold Open Access; Green Open Access,True,True,True
Murphy20254936,ARTICLE,In silico investigations of albumin-GLP-1 receptor agonist complexes for diabetes drug delivery applications,"Murphy, Gillian and Cheung, David and Fitzgerald, Michael and Pandit, Abhay",2025,Computational and Structural Biotechnology Journal,10.1016/j.csbj.2025.11.007,https://www.scopus.com/pages/publications/105021473201?origin=resultslist,4936 - 4942,27,,Article,Cited by: 2; All Open Access; Gold Open Access; Green Open Access,True,True,True
Levi20261545,ARTICLE,How Low Could Semaglutide Prices Fall? An Analysis of Production Cost and Implications for Global Access,"Levi, Jacob and Cross, Samuel and Ramesh, Nydile and Venter, Francois and Hill, Andrew",2026,Obesity,10.1002/oby.70241,https://www.scopus.com/pages/publications/105044307307?origin=resultslist,1545 - 1550,34,8,Article,Cited by: 0; All Open Access; Green Open Access,True,False,True
Valladales-Restrepo202565,ARTICLE,Level of Satisfaction Among Patients Using Insulin Administered by Pen vs Vial/Syringe. An Observational Prospective Study,"Valladales-Restrepo, Luis Fernando and Delgado-Araujo, Ana Camila and Oyuela-Gutiérrez, María Camila and Ospina-Arzuaga, Harrison David and Machado-Alba, Jorge Enrique",2025,Patient Preference and Adherence,10.2147/PPA.S491944,https://www.scopus.com/pages/publications/85215790300?origin=resultslist,65 - 74,19,,Article,Cited by: 1; All Open Access; Gold Open Access; Green Open Access,True,True,True
Ajjan2024426,ARTICLE,Continuous glucose monitoring for the routine care of type 2 diabetes mellitus,"Ajjan, Ramzi A. and Battelino, Tadej and Cos, Xavier and Del Prato, Stefano and Philips, Jean-Christophe and Meyer, Laurent and Seufert, Jochen and Seidu, Samuel",2024,Nature Reviews Endocrinology,10.1038/s41574-024-00973-1,https://www.scopus.com/pages/publications/85189608427?origin=resultslist,426 - 440,20,7,Article,Cited by: 112; All Open Access; Green Open Access,True,False,True
Zhang2025,ARTICLE,GD2TIF cells as a platform for single-dose and long-term delivery of biologics,"Zhang, Guangyue and Yin, Na and Peng, Min",2025,Nature Communications,10.1038/s41467-025-63427-w,https://www.scopus.com/pages/publications/105014870528?origin=resultslist,,16,1,Article,Cited by: 1; All Open Access; Gold Open Access; Green Open Access,True,True,True
Tokgöz2025212,ARTICLE,Activation of the HPA Axis Does Not Explain Nonresponsiveness to GLP-1R Agonist Treatment in Individuals With Type 2 Diabetes,"Tokgöz, Sevilay and Boss, Marti and Jansen, Theodorus J.P. and Meijer, Rick and Frielink, Cathelijne and van Bon, Arianne C. and Tack, Cees J. and de Galan, Bastiaan E. and Gotthardt, Martin",2025,Diabetes,10.2337/db24-0463,https://www.scopus.com/pages/publications/85216606701?origin=resultslist,212 - 222,74,2,Article,Cited by: 6; All Open Access; Green Open Access,True,False,True
Xu2024,ARTICLE,Smart control lipid-based nanocarriers for fine-tuning gut hormone secretion,"Xu, Yining and Michalowski, Cécilia Bohns and Koehler, Jackie and Darwish, Tamana and Guccio, Nunzio and Alcaino, Constanza and Domingues, Inês and Zhang, Wunan and Marotti, Valentina and Van Hul, Matthias and Paone, Paola and Koutsoviti, Melitini and Boyd, Ben J. and Drucker, Daniel J. and Cani, Patrice D. and Reimann, Frank and Gribble, Fiona M. and Beloqui, Ana",2024,Science Advances,10.1126/sciadv.adq9909,https://www.scopus.com/pages/publications/85212660146?origin=resultslist,,10,50,Article,Cited by: 8; All Open Access; Gold Open Access; Green Open Access,True,True,True
Zaykov2024763,ARTICLE,Toward once-monthly insulin therapy via synergy in two pharmacokinetic protractors: Fc-conjugation and fatty acid acylation,"Zaykov, Alexander N. and Gelfanov, Vasily M. and Tagmose, Tina M. and Demozay, Damien and Manfè, Valentina and Rohlfs, Rebecca and Rivir, Marita and Perez-Tilve, Diego and Finan, Brian and DiMarchi, Richard D.",2024,RSC Chemical Biology,10.1039/d4cb00078a,https://www.scopus.com/pages/publications/85197919281?origin=resultslist,763 - 775,5,8,Article,Cited by: 3; All Open Access; Gold Open Access; Green Open Access,True,True,True
Krupke2025,ARTICLE,A biodegradable suction patch for sustainable transbuccal peptide delivery,"Krupke, Hanna and Zoratto, Nicole and Rabut, Lucie and Gao, Daniel and Paunović, Nevena and Klein Cerrejon, David and Dehapiot, Benoit and Leroux, Jean-Christophe",2025,Journal of Controlled Release,10.1016/j.jconrel.2025.113947,https://www.scopus.com/pages/publications/105008440214?origin=resultslist,,384,,Article,Cited by: 6; All Open Access; Green Open Access; Hybrid Gold Open Access,True,True,True
Bailey2025,ARTICLE,"Multifunctional incretin peptides in therapies for type 2 diabetes, obesity and associated co-morbidities","Bailey, Clifford J. and Flatt, Peter R. and Conlon, J. Michael",2025,Peptides,10.1016/j.peptides.2025.171380,https://www.scopus.com/pages/publications/86000669664?origin=resultslist,,187,,Article,Cited by: 26; All Open Access; Hybrid Gold Open Access,True,True,False
Xiong2024,ARTICLE,The Development of a Stable Peptide-Loaded Long-Acting Injection Formulation through a Comprehensive Understanding of Peptide Degradation Mechanisms: A QbD-Based Approach,"Xiong, Yingxin and Wang, Jiawei and Zhou, Xing and Li, Xiaohui",2024,Pharmaceutics,10.3390/pharmaceutics16020266,https://www.scopus.com/pages/publications/85186118044?origin=resultslist,,16,2,Article,Cited by: 5; All Open Access; Gold Open Access; Green Open Access,True,True,True
Shahriar2024194,ARTICLE,Enhancing the Therapeutic Efficacy of GLP-1 for Hyperglycemia Treatment: Overcoming Barriers of Oral Gene Therapy with Taurocholic Acid-Conjugated Protamine Sulfate and Calcium Phosphate,"Shahriar, S. M. Shatil and An, Jeong Man and Surwase, Sachin S. and Lee, Dong Yun and Lee, Yong-Kyu",2024,ACS Nanoscience Au,10.1021/acsnanoscienceau.3c00035,https://www.scopus.com/pages/publications/85189949830?origin=resultslist,194 - 204,4,3,Article,Cited by: 5; All Open Access; Gold Open Access; Green Open Access,True,True,True
Jensen2024,ARTICLE,Peripherally restricted PICK1 inhibitor mPD5 ameliorates pain behaviors in murine inflammatory and neuropathic pain models,"Jensen, Kathrine Louise and Riis Christensen, Nikolaj and Goddard, Carolyn Marie and Jager, Sara Elgaard and Noes-Holt, Gith and Kanneworff, Ida Buur and Jakobsen, Alexander and Jiménez-Fernández, Lucía and Peck, Emily G. and Sivertsen, Line and Baro, Raquel Comaposada and Houser, Grace Anne and Mayer, Felix Paul and Diaz-DelCastillo, Marta and Topp, Marie Løth and Hopkins, Chelsea and Thomsen, Cecilie Dubgaard and Soltan, Ahmed Barakat Ibrahim and Tidemand, Frederik Grønbæk and Arleth, Lise and Heegaard, Anne-Marie and Sørensen, Andreas Toft and Madsen, Kenneth Lindegaard",2024,JCI Insight,10.1172/jci.insight.170976,https://www.scopus.com/pages/publications/85207254369?origin=resultslist,,9,20,Article,Cited by: 2; All Open Access; Gold Open Access; Green Open Access,True,True,True
Tisdale2025e011649,ARTICLE,Racial and Ethnic Differences in Semaglutide Prescriptions for Veterans with Overweight or Obesity in the Veterans Affairs Healthcare System,"Tisdale, Rebecca L. and Beyene, Tariku J. and Tang, Wilson and Heidenreich, Paul and Asch, Steven M. and Yong, Celina M.",2025,Circulation: Cardiovascular Quality and Outcomes,10.1161/CIRCOUTCOMES.124.011649,https://www.scopus.com/pages/publications/85209873836?origin=resultslist,e011649,18,1,Article,Cited by: 5; All Open Access; Green Open Access,True,False,True
Nielsen2025269,ARTICLE,A Bioequivalence Study of Two Formulations of Oral Semaglutide in Healthy Participants,"Nielsen, Mette Søndergaard and Brøndsted, Lise and Kankam, Martin and Morelli, Gaetano and Nguyen, David and Skjøth, Trine Vang and Patted, Usha Rani and van Hout, Marloes",2025,Diabetes Therapy,10.1007/s13300-024-01674-8,https://www.scopus.com/pages/publications/85212707043?origin=resultslist,269 - 287,16,2,Article,Cited by: 9; All Open Access; Gold Open Access; Green Open Access,True,True,True
Khater2026,ARTICLE,Phyllanthus niruri niosomes ameliorate obesity-induced hepatic steatosis in rats via modulating MALAT1/miR-206/GLP-1R signaling and hepatic lipid metabolism,"Khater, Safaa I. and Hussein, Mohamed M. A. and Abdel-Magied, Saydat S. and Lotfy, Marwa M. and khamis, Tarek and Abdelaziz, Sahar and Mostafa, Mahmoud and El-Shaer, Noha Osama and El-Emam, Mahran Mohamed Abd",2026,Biological Research,10.1186/s40659-026-00682-1,https://www.scopus.com/pages/publications/105038049405?origin=resultslist,,59,1,Article,Cited by: 2; All Open Access; Gold Open Access; Green Open Access,True,True,True
Dudun2026,ARTICLE,Enhancing mesenchymal stem cell function with epiregulin in tissue engineering: From tissue regeneration to gut microbiota modulation,"Dudun, Andrei A. and Bonartseva, Garina A. and Bonartsev, Anton P.",2026,World Journal of Stem Cells,10.4252/wjsc.119865,https://www.scopus.com/pages/publications/105048555276?origin=resultslist,,18,7,Article,Cited by: 0; All Open Access; Hybrid Gold Open Access,True,True,False
Panou2025268,ARTICLE,Contraception and Diabetes Mellitus,"Panou, Theodoros and Gouveri, Evanthia and Gerede, Angeliki and Tsikouras, Panagiotis and Papazoglou, Dimitrios and Papanas, Nikolaos",2025,Experimental and Clinical Endocrinology and Diabetes,10.1055/a-2561-9460,https://www.scopus.com/pages/publications/105004064156?origin=resultslist,268 - 277,133,5,Article,Cited by: 2; All Open Access; Bronze Open Access,True,False,False
Feng2026,ARTICLE,Hemodynamic Changes in the Ophthalmic Artery and Their Correlation with Serum Cytokines in Pediatric Diabetic Retinopathy,"Feng, Yun and Wang, Jing and Chen, Ling",2026,Innovative Journal of Pediatrics,10.5812/ijp-163976,https://www.scopus.com/pages/publications/105044508911?origin=resultslist,,36,3,Article,Cited by: 0; All Open Access; Hybrid Gold Open Access,True,True,False
Zhang2025,ARTICLE,"Comparative analysis of organoid, air-liquid interface, and direct infection models for studying pathogen–host interactions in endometrial tissue","Zhang, Xin and Fan, Linyuan and Zhang, Li and Liu, Zhaohui",2025,Scientific Reports,10.1038/s41598-025-93374-x,https://www.scopus.com/pages/publications/105000046594?origin=resultslist,,15,1,Article,Cited by: 8; All Open Access; Gold Open Access; Green Open Access,True,True,True
Ling2025,ARTICLE,Chlorogenic acid modulates mitochondrial damage and mitophagy to repair injured myocardial tissue and cells,"Ling, Hao and Zhang, Yu and Song, Chunli",2025,Frontiers in Pharmacology,10.3389/fphar.2025.1658090,https://www.scopus.com/pages/publications/105018975914?origin=resultslist,,16,,Article,Cited by: 5; All Open Access; Gold Open Access; Green Open Access,True,True,True
Ababei-Bobu2026,ARTICLE,Chitosan-Coated Niosomal Nanocarriers for the Co-Delivery of Glibenclamide and Curcumin in Diabetes Mellitus,"Ababei-Bobu, Andra and Sava, Alexandru and Lupascu, Florentina Geanina and Chirliu, Oana-Maria and Profire, Bianca-Stefania and Turin-Moleavin, Ioana-Andreea and Varganici, Cristian-Dragos and Dascalu, Ioan-Andrei and Pinteala, Tudor and Profire, Lenuta",2026,Polymers,10.3390/polym18040466,https://www.scopus.com/pages/publications/105031305076?origin=resultslist,,18,4,Article,Cited by: 3; All Open Access; Gold Open Access; Green Open Access,True,True,True
Zinzi2026,ARTICLE,Semaglutide Exposure During Pregnancy: Results from the FAERS Database,"Zinzi, Alessia and Gaio, Mario and Mascolo, Annamaria and Pieretti, Gorizio and Cipriani, Mattia and Della Ragione, Joao Marcos and D’Amato, Rossana and Rossi, Francesco and Capuano, Annalisa and Ruggiero, Rosanna",2026,Pharmaceuticals,10.3390/ph19081249,https://www.scopus.com/pages/publications/105048633948?origin=resultslist,,19,8,Article,Cited by: 0; All Open Access; Gold Open Access; Green Open Access,True,True,True
Yu2025,ARTICLE,Design of a novel long-acting insulin analogs by acetylation modification and compared with insulin Icodec,"Yu, Min and Zhang, Chuanzhi and Xu, Hongjiang and Dong, Yuanzhen and Zhu, Hongxiang and Xia, Chunguang and Feng, Jun",2025,Scientific Reports,10.1038/s41598-025-94014-0,https://www.scopus.com/pages/publications/105000258867?origin=resultslist,,15,1,Article,Cited by: 5; All Open Access; Gold Open Access; Green Open Access,True,True,True
Wyckoff20252405,ARTICLE,Preexisting Diabetes and Pregnancy: An Endocrine Society and European Society of Endocrinology Joint Clinical Practice Guideline,"Wyckoff, Jennifer A and Lapolla, Annunziata and Asias-Dinh, Bernadette D and Barbour, Linda A and Brown, Florence M and Catalano, Patrick M and Corcoy, Rosa and Di Renzo, Gian Carlo and Drobycki, Nancy and Kautzky-Willer, Alexandra and Murad, M. Hassan and Stephenson-Gray, Melanie and Tabák, Adam G and Weatherup, Emily and Zera, Chloe and Singh-Ospina, Naykky",2025,Journal of Clinical Endocrinology and Metabolism,10.1210/clinem/dgaf288,https://www.scopus.com/pages/publications/105013159567?origin=resultslist,2405 - 2452,110,9,Article,Cited by: 37; All Open Access; Green Open Access; Hybrid Gold Open Access,True,True,True
Montero20251,ARTICLE,Clinical Practice Guideline for detection and management of diabetic kidney disease: A consensus report by the Spanish Society of Nephrology; [Guía de práctica clínica sobre detección y manejo de la enfermedad renal diabética: documento de consenso de la Sociedad Española de Nefrología],"Montero, Nuria and Oliveras, Laia and Martínez-Castelao, Alberto and Gorriz, José Luis and Soler, María José and Fernández-Fernández, Beatriz and Quero, Maria and García-Carro, Clara and Garcia-Sancho, Paula and Goicoechea, Marian and Gorgojo Martínez, Juan Jose and Molina, Pablo and Puchades, María Jesús and Rodríguez-Espinosa, Diana and Sablón, Nery and Santamaría, Rafael and Navarro-González, Juan Francisco",2025,Nefrologia,10.1016/j.nefroe.2025.04.005,https://www.scopus.com/pages/publications/105002287388?origin=resultslist,1 - 26,45,,Article,Cited by: 11; All Open Access; Gold Open Access; Green Open Access,True,True,True
Naranjani2026,ARTICLE,Mechanics of small intestine motility for oral macromolecular delivery: modelling segmentation versus peristalsis,"Naranjani, Benyamin and Hossain, Shakhawath and Tjakra, Marco and Azhand, Pardis and Bergström, Christel and Sinko, Patrick and Larsson, Per",2026,Drug Delivery,10.1080/10717544.2025.2607779,https://www.scopus.com/pages/publications/105025737112?origin=resultslist,,33,1,Article,Cited by: 4; All Open Access; Gold Open Access; Green Open Access,True,True,True
Lee2025,ARTICLE,Obesity Alters the Vascular Morphology and VEGF-A Signaling in Adipose Tissue,"Lee, Yunjeong and Tukei, Keith Lionel and Fang, Yingye and Kuila, Shobhan and Liu, Xinming and Imoukhuede, Princess I.",2025,FASEB BioAdvances,10.1096/fba.2025-00027,https://www.scopus.com/pages/publications/105005556666?origin=resultslist,,7,6,Article,Cited by: 4; All Open Access; Gold Open Access; Green Open Access,True,True,True
Liu2025881,ARTICLE,"In-vitro metabolite identification for MEDI7219, an oral GLP-1 analog, using LC-MS/MS with CID and EAD approaches","Liu, Kate and Huang, Yue and Wang, Taoqing and Mu, Ruipeng and Rosenbaum, Anton I.",2025,Bioanalysis,10.1080/17576180.2025.2535954,https://www.scopus.com/pages/publications/105013582935?origin=resultslist,881 - 888,17,13,Article,Cited by: 3; All Open Access; Green Open Access,True,False,True
Luo20261009,ARTICLE,Understanding Diabetic Retinopathy Using Multi-Omics Approaches: A Narrative Review; [Memahami Retinopati Diabetes Menggunakan Pendekatan Multi-Omik: Satu Ulasan Naratif],"Luo, Zhanqing and Sadikan, Muhammad Zulfiqah and Jam, Faidruz Azura and Jusoh, Rusdiah Ruzanna and Tong, Xiaohui and Han, Rongchun and Sarian, Murni Nazira and Mediani, Ahmed and Hamezah, Hamizah Shahirah",2026,Sains Malaysiana,10.17576/jsm-2026-5506-06,https://www.scopus.com/pages/publications/105043092242?origin=resultslist,1009 - 1020,55,6,Article,Cited by: 0; All Open Access; Gold Open Access,True,True,False
Lunati20261842,ARTICLE,The use of semaglutide as an add-on therapy in patients with latent autoimmune diabetes in adults,"Lunati, Maria Elena and Cimino, Vincenzo and Bernasconi, Davide and Romano, Cristina and Disoteo, Olga and Rossi, Antonio and Tinari, Camilla and Fiorina, Roberta Maria and Gandolfi, Alessandra and Morpurgo, Paola Silvia and D’Addio, Francesca and Lazzaroni, Elisa and Losurdo, Fabrizio and Pastore, Ida and Molteni, Laura and Berra, Cesare and Ben Nasr, Moufida and Montefusco, Laura and Bucciarelli, Loredana and Fiorina, Paolo",2026,Journal of Clinical Endocrinology and Metabolism,10.1210/clinem/dgag072,https://www.scopus.com/pages/publications/105042129136?origin=resultslist,1842 - 1849,111,7,Article,Cited by: 1; All Open Access; Green Open Access; Hybrid Gold Open Access,True,True,True
Goraltchouk2024,ARTICLE,Development and characterization of a first-in-class adjustable-dose gene therapy system,"Goraltchouk, Alex and Lourie, Jared and Hollander, Judith M. and Grace Rosen, H. and Fujishiro, Atsutaro A. and Luppino, Francesco and Zou, Kai and Seregin, Alexey",2024,Gene,10.1016/j.gene.2024.148500,https://www.scopus.com/pages/publications/85192059679?origin=resultslist,,919,,Article,Cited by: 2; All Open Access; Green Open Access,True,False,True
Huang2026,ARTICLE,SRT1720-loaded exosome-mimetic nanovesicles promote mitophagy via SIRT1/PARKIN activation to ameliorate diabetic cerebral infarction in a preclinical rat model,"Huang, Qifeng and Zhao, Fang and Sun, Bo and Yang, Xie and Chen, Miao",2026,International Journal of Pharmaceutics: X,10.1016/j.ijpx.2026.100639,https://www.scopus.com/pages/publications/105047791672?origin=resultslist,,12,,Article,Cited by: 0; All Open Access; Gold Open Access; Green Open Access,True,True,True
Liu20241548,ARTICLE,Application of the integrated data platform combined with dietary management for adults with diabetes: A prospective randomized controlled trial,"Liu, Xiyu and Wang, Xiaohong and Xie, Mengxun and Cao, Lulu",2024,Journal of Diabetes Investigation,10.1111/jdi.14296,https://www.scopus.com/pages/publications/85201675681?origin=resultslist,1548 - 1555,15,11,Article,Cited by: 1; All Open Access; Gold Open Access; Green Open Access,True,True,True
Singh2026405,ARTICLE,"Diabetes Mellitus: A Comprehensive Review On Pathophysiology, Current Therapeutic Challenges, And Future Perspectives Using PLGA Microspheres","Singh, Abhishek and Pandey, Sushmita and Kandpal, Neeraj and Kashyap, Sidhant and Kumar, Alok and Tyagi, Yogita",2026,International Journal of Drug Delivery Technology,10.25258/ijddt.16.6s.66,https://www.scopus.com/pages/publications/105034794554?origin=resultslist,405 - 415,16,6,Article,Cited by: 0; All Open Access; Bronze Open Access,True,False,False
Karlsen20261825,ARTICLE,Implementing sustainable liver health in Europe: a second EASL–Lancet Commission,"Karlsen, Tom H and Hutchinson, Sharon J and Zelber-Sagi, Shira and Carrieri, Patrizia and Negro, Francesco and Lim, Aaron G and Cecchini, Michele and Dirac, M Ashworth and Murray, Frank and Engebretsen, Eivind and Duffell, Erika and Schomerus, Georg and Voigt, Kristin and Brandtzaeg, Petter Bae and Lerouge, Alienor and Kanavos, Panos and Pani, Luca and Razavi-Shearer, Devin and Eshete, Million Tesfaye and Vuik, Sabine and Leonhard, Anya and McNaughton, Anna L and Yumuk, Volkan and Ivancovsky-Wajcman, Dana and Letourneau, Ian D and Hickman, Matthew and Han, Hannah and Kautz, Achim and Fabrellas, Núria and Spann, Ashley L and Berg, Thomas and Ratziu, Vlad and Gheorghe, Liliana Simona and Mathurin, Philippe and Vickerman, Peter and Shawcross, Debbie L and Paradis, Catherine and Razavi, Homie and Naveira, Marcelo C M and Buti, Maria and Ginès, Pere and Newsome, Philip N and Berzigotti, Annalisa and Guha, Neil and Rutter, Harry and Krag, Aleksander and Burra, Patrizia and Manns, Michael P",2026,The Lancet,10.1016/S0140-6736(26)00138-8,https://www.scopus.com/pages/publications/105038129587?origin=resultslist,1825 - 1890,407,10541,Article,Cited by: 10; All Open Access; Green Open Access,True,False,True
McGlone2024,ARTICLE,Glucagon-based therapy for people with diabetes and obesity: What is the sweet spot?,"McGlone, Emma Rose and Tan, Tricia M.-M.",2024,Peptides,10.1016/j.peptides.2024.171219,https://www.scopus.com/pages/publications/85190550594?origin=resultslist,,176,,Article,Cited by: 9; All Open Access; Hybrid Gold Open Access,True,True,False
2026S89,ARTICLE,5. Facilitating Positive Health Behaviors and Well-being to Improve Health Outcomes: Standards of Care in Diabetes—2026,,2026,Diabetes Care,10.2337/dc26-S005,https://www.scopus.com/pages/publications/105024146511?origin=resultslist,S89 - S131,49,,Article,Cited by: 58; All Open Access; Green Open Access,True,False,True
Schneck2024494,ARTICLE,Population pharmacokinetics of the GIP/GLP receptor agonist tirzepatide,"Schneck, Karen and Urva, Shweta",2024,CPT: Pharmacometrics and Systems Pharmacology,10.1002/psp4.13099,https://www.scopus.com/pages/publications/85185489114?origin=resultslist,494 - 503,13,3,Article,Cited by: 24; All Open Access; Gold Open Access; Green Open Access,True,True,True
Xu2026,ARTICLE,Incorporation of D-amino Acids and Ornithines into Tirzepatide by Biosynthesis in E. Coli,"Xu, Yanli and Fu, Yuxin and Kuipers, Oscar P.",2026,International Journal of Peptide Research and Therapeutics,10.1007/s10989-026-10813-7,https://www.scopus.com/pages/publications/105033505334?origin=resultslist,,32,2,Article,Cited by: 0; All Open Access; Green Open Access; Hybrid Gold Open Access,True,True,True
Cornelissen20262105,ARTICLE,Influence of exercise and nutrition on sarcopenia in cardiovascular disease: a Scientific Statement of the European Association of Preventive Cardiology of the European Society of Cardiology,"Cornelissen, Veronique and Hanssen, Henner and Hurst, Christopher and Knaier, Raphael and Marques-Sule, Elena and Moholdt, Trine and Neunhaeuserer, Daniel and Norman, Kristina and Pedretti, Roberto and Salzwedel, Annett and Savonen, Kai and Bowen, T Scott",2026,European Journal of Preventive Cardiology,10.1093/eurjpc/zwaf432,https://www.scopus.com/pages/publications/105049489950?origin=resultslist,2105 - 2126,33,12,Article,Cited by: 7; All Open Access; Green Open Access,True,False,True
Greydanus2025,ARTICLE,"Opioid use and abuse in adolescents and young adults; dealing with science, laws and ethics: Charming the COBRAS","Greydanus, Donald E. and Nazeer, Ahsan and Patel, Dilip R.",2025,Disease-a-Month,10.1016/j.disamonth.2025.101853,https://www.scopus.com/pages/publications/85214791617?origin=resultslist,,71,3,Article,Cited by: 5; All Open Access; Hybrid Gold Open Access,True,True,False
Singh2024,ARTICLE,Single-Administration Self-Boosting Microneedle Patch for the Treatment of Obesity,"Singh, Parbeen and Vinikoor, Tra and Sharma, Nidhi and Nelson, Nicole and Prasadh, Somasundaram and Oiknine, Ralph and Nguyen, Thanh Duc",2024,Advanced Therapeutics,10.1002/adtp.202400028,https://www.scopus.com/pages/publications/85193629152?origin=resultslist,,7,9,Article,Cited by: 18; All Open Access; Bronze Open Access; Green Open Access,True,False,True
Yu2024,ARTICLE,"The active components of Erzhi wan and their anti-Alzheimer's disease mechanisms determined by an integrative approach of network pharmacology, bioinformatics, molecular docking, and molecular dynamics simulation","Yu, Meng and Shen, Zhongqi and Zhang, Shaozhi and Zhang, Yang and Zhao, Hongwei and Zhang, Longfei",2024,Heliyon,10.1016/j.heliyon.2024.e33761,https://www.scopus.com/pages/publications/85197059526?origin=resultslist,,10,13,Article,Cited by: 8; All Open Access; Gold Open Access; Green Open Access,True,True,True
Al-Awadi2025857,ARTICLE,Are strategies to increase muscle mass and strength as effective in people with type 2 diabetes?,"Al-Awadi, Amina A. and Gray, Stuart R. and Al-Ozairi, Ebaa",2025,Reviews in Endocrine and Metabolic Disorders,10.1007/s11154-025-09947-8,https://www.scopus.com/pages/publications/86000027255?origin=resultslist,857 - 870,26,5,Article,Cited by: 6; All Open Access; Green Open Access; Hybrid Gold Open Access,True,True,True
Wong20256178,ARTICLE,"2FA-Platform Generates Dual Fatty Acid-Conjugated GLP-1 Receptor Agonist TE-8105 with Enhanced Diabetes, Obesity, and NASH Efficacy Compared to Semaglutide","Wong, Mun-Teng and Lin, Pei-Hsuan and Lin, Wei-Chen and Peng, Chi-Jiun and Wright, Jon D. and Lee, Hui-Ju and Chu, Hsing-Mao and Lim, Carmay and Chang, Tse Wen",2025,Journal of Medicinal Chemistry,10.1021/acs.jmedchem.4c02153,https://www.scopus.com/pages/publications/86000156420?origin=resultslist,6178 - 6192,68,6,Article,Cited by: 8; All Open Access; Hybrid Gold Open Access,True,True,False
Holmager2025286,ARTICLE,GLP-1 Receptor Agonists in Overweight and Obese Individuals With Type 1 Diabetes Using an Automated Insulin Delivery Device: A Real-World Study,"Holmager, Pernille and Christensen, Merete Bechmann and Nørgaard, Kirsten and Schmidt, Signe",2025,Journal of Diabetes Science and Technology,10.1177/19322968241289438,https://www.scopus.com/pages/publications/85206896865?origin=resultslist,286 - 291,19,2,Article,Cited by: 9; All Open Access; Green Open Access,True,False,True
Zheng2026,ARTICLE,Designing biomaterial-based oral protein drug-delivery systems for therapeutics,"Zheng, Chenyang and Lin, Xiufei and Zhou, Keyu and Yang, Jing and Sun, Chuchu and Lv, Liangdong",2026,Materials and Design,10.1016/j.matdes.2026.115933,https://www.scopus.com/pages/publications/105034621459?origin=resultslist,,265,,Article,Cited by: 2; All Open Access; Gold Open Access,True,True,False
Nematullah2026579,ARTICLE,Long-Term Safety of Dpp-4 Inhibitors: An Insight from Clinical Trials and Real-World Evidence,"Nematullah, Md and Ansari, Javed Akhtar and Ahmad, Mukhtar and Parveen, Najish and Ahmad, Syed Shadab and Zaidi, Syed Mehdi Hasan",2026,International Journal of Drug Delivery Technology,10.25258/ijddt.16.5s.75,https://www.scopus.com/pages/publications/105034421261?origin=resultslist,579 - 597,16,5,Article,Cited by: 0; All Open Access; Bronze Open Access,True,False,False
Wen2025,ARTICLE,Pharmacokinetics of Tylvalosin Following Intravenous or Oral Administration at Different Doses in Broiler Chickens,"Wen, Zeyu and Chen, Sumeng and Meng, Jinyan and Wu, Qinyao and Yu, Runlin and Xu, Nuoyu and Kong, Jingyuan and Zhang, Lu and Cao, Xingyuan",2025,Veterinary Sciences,10.3390/vetsci12020118,https://www.scopus.com/pages/publications/85218893758?origin=resultslist,,12,2,Article,Cited by: 6; All Open Access; Gold Open Access; Green Open Access,True,True,True
Cheng2026,ARTICLE,Inflammation-triggered self-immolative conjugates enable oral peptide delivery by overcoming gastrointestinal barriers,"Cheng, Juan and Wu, Peng and Li, Chenwen and Han, Ying and Sun, Menglong and Dou, Yin and Chen, Sheng and Zhang, Jianxiang",2026,Science Advances,10.1126/sciadv.aea2989,https://www.scopus.com/pages/publications/105027619052?origin=resultslist,,12,3,Article,Cited by: 5; All Open Access; Gold Open Access; Green Open Access,True,True,True
Chen2026,ARTICLE,Optimized sublingual delivery of dual fatty acid–conjugated GLP-1 receptor agonist TE-8105 produces durable efficacy in diabetic mice,"Chen, Chien-Jen and Wong, Mun-Teng and Yu, Yueh-Hsiang and Chu, Hsing-Mao and Lim, Carmay and Chang, Tse Wen",2026,International Journal of Pharmaceutics,10.1016/j.ijpharm.2026.126752,https://www.scopus.com/pages/publications/105033601630?origin=resultslist,,694,,Article,Cited by: 0; All Open Access; Hybrid Gold Open Access,True,True,False
Douros2025,ARTICLE,A GLP-1 analogue optimized for cAMP-biased signaling improves weight loss in obese mice,"Douros, Jonathan D. and Novikoff, Aaron and DuBois, Barent and Rohlfs, Rebecca and Mokrosinski, Jacek and Hogendorf, Wouter F.J. and Augustin, Robert and Merkestein, Myrte and Egaa Martini, Lene Brandt and Linderoth, Lars and Gerrard, Elliot and Kodra, Janos Tibor and Norlin, Jenny and Roed, Nikolaj Kulahin and Oldenburger, Anouk and Mowery, Stephanie A. and Waldhoer, Maria and Perez-Tilve, Diego and Finan, Brian and Reedtz-Runge, Steffen and Müller, Timo D. and Knerr, Patrick J.",2025,Molecular Metabolism,10.1016/j.molmet.2025.102124,https://www.scopus.com/pages/publications/105013846453?origin=resultslist,,100,,Article,Cited by: 18; All Open Access; Gold Open Access; Green Open Access,True,True,True
McNally2026E249,ARTICLE,Cost-effectiveness of sodium–glucose cotransporter 2 inhibitors and glucagon-like peptide-1 receptor agonists for patients with high cardiovascular risk and type 2 diabetes in Canada,"McNally, Ethan S. and Marques, Pedro and Possik, Elite and Pandya, Ankur and Tsoukas, Michael A. and Mavrakanas, Thomas A. and Dasgupta, Kaberi and Gupta, Nisha and Sharma, Abhinav and Alton Russell, W.",2026,CMAJ. Canadian Medical Association Journal,10.1503/cmaj.250591,https://www.scopus.com/pages/publications/105030892833?origin=resultslist,E249 - E259,198,7,Article,Cited by: 1; All Open Access; Gold Open Access,True,True,False
Zhang2024,ARTICLE,Compaction behavior of freeze-dried and spray-dried trypsin/lactose particulate systems,"Zhang, Chengqian and Frenning, Göran and Radeke, Carmen and Lind, Johan Ulrik and Bjerregaard, Simon and Rantanen, Jukka and Yang, Mingshi",2024,Powder Technology,10.1016/j.powtec.2024.120012,https://www.scopus.com/pages/publications/85198369136?origin=resultslist,,445,,Article,Cited by: 6; All Open Access; Green Open Access; Hybrid Gold Open Access,True,True,True
Xue202511425,ARTICLE,State-Specific Peptide Design Targeting G Protein-Coupled Receptors,"Xue, Yang and Wang, Hong and Li, Jun and Hu, Jianguo and Chen, Zhiyuan and Zheng, Zhi and Liu, Lihang and Zhu, Kunrui and He, Jingzhou and Gong, Huanzhang and Li, Xiangqun and Zhang, Xiaonan and Fang, Xiaomin",2025,Journal of Chemical Information and Modeling,10.1021/acs.jcim.5c00884,https://www.scopus.com/pages/publications/105019919803?origin=resultslist,11425 - 11438,65,20,Article,Cited by: 4; All Open Access; Green Open Access; Hybrid Gold Open Access,True,True,True
2025S86,ARTICLE,5. Facilitating positive health behaviors and well-being to improve health outcomes: Standards of care in diabetes—2025,,2025,Diabetes Care,10.2337/dc25-S005,https://www.scopus.com/pages/publications/85212244410?origin=resultslist,S86 - S127,48,,Article,Cited by: 259; All Open Access; Green Open Access,True,False,True
Dela Ahator2026,ARTICLE,Overcoming barriers to delivery of biologics by novel approaches and advanced delivery systems,"Dela Ahator, Stephen and Franzè, Silvia and Obuobi, Sybil and Anderluzzi, Giulia and Flaten, Gøril Eide and Škalko-Basnet, Nataša",2026,Advanced Drug Delivery Reviews,10.1016/j.addr.2026.115875,https://www.scopus.com/pages/publications/105039256217?origin=resultslist,,234,,Article,Cited by: 7; All Open Access; Green Open Access; Hybrid Gold Open Access,True,True,True
Fukuda2026141,ARTICLE,"Ionic Liquids Composed of Lactic Acid and Trometamol Enhance the Oral Absorption of 10 kDa Dextran, as a Model Compound of Mid-Sized Molecules","Fukuda, Shoichiro and Takata, Haruka and Hayashi, Ryo and Yamamoto, Haruka and Nakae, Takashi and Tatsumi, Noboru and Hamamoto, Hidetoshi and Kobayashi, Shingo and Ando, Hidenori and Ishida, Tatsuhiro",2026,Biological and Pharmaceutical Bulletin,10.1248/bpb.b25-00668,https://www.scopus.com/pages/publications/105028179972?origin=resultslist,141 - 148,49,1,Article,Cited by: 0; All Open Access; Gold Open Access; Green Open Access,True,True,True
Campo2026,ARTICLE,Ivermectin reduces withdrawal-induced alcohol intake in rats: Association with CeA GABAergic enhancement and P2rx4 genetic liability,"Campo, Paola and Qiao, Ran and Doyle, Michelle R. and Munro, Daniel and Johnson, Benjamin B. and Palmer, Abraham A. and Kallupi, Marsida and de Guglielmo, Giordano",2026,Neuropharmacology,10.1016/j.neuropharm.2026.110881,https://www.scopus.com/pages/publications/105029959404?origin=resultslist,,289,,Article,Cited by: 0; All Open Access; Green Open Access; Hybrid Gold Open Access,True,True,True
Tian2025,ARTICLE,Efficacy evaluation and mechanistic investigation of transcutaneous auricular vagus nerve stimulation in enhancing the therapeutic effects of semaglutide and reducing its gastrointestinal side effects: a randomized controlled trial protocol,"Tian, Xinyi and Zhang, Lu and Zhang, Kaiqi and Ge, Xiaolei and Luo, Zhengrong and Zhang, Youwen and Wang, Ge and Zhai, Xu",2025,Frontiers in Neurology,10.3389/fneur.2025.1653900,https://www.scopus.com/pages/publications/105025730756?origin=resultslist,,16,,Article,Cited by: 0; All Open Access; Gold Open Access; Green Open Access,True,True,True
Fifer2024435,ARTICLE,Patient and Healthcare Professional Preferences for Prescription Weight Loss Medications in Australia: Two Discrete Choice Experiments,"Fifer, Simon and Keen, Brittany and Porter, Anna",2024,Patient Preference and Adherence,10.2147/PPA.S446106,https://www.scopus.com/pages/publications/85185674964?origin=resultslist,435 - 454,18,,Article,Cited by: 4; All Open Access; Gold Open Access; Green Open Access,True,True,True
Pinto202428406,ARTICLE,Bioengineered Nanomedicines Targeting the Intestinal Fc Receptor Achieve the Improved Glucoregulatory Effect of Semaglutide in a Type 2 Diabetic Mice Model,"Pinto, Soraia and Viegas, Juliana and Cristelo, Cecília and Pacheco, Catarina and Barros, Sofia and Buckley, Stephen T. and Garousi, Javad and Gräslund, Torbjörn and Santos, Hélder A. and Sarmento, Bruno",2024,ACS Nano,10.1021/acsnano.4c11172,https://www.scopus.com/pages/publications/85205766209?origin=resultslist,28406 - 28424,18,41,Article,Cited by: 16; All Open Access; Green Open Access,True,False,True
Yu2026,ARTICLE,A study to evaluate the impact of PB-119 injection (a pegylated exenatide formulation) on the pharmacokinetic profiles of Digoxin and Warfarin sodium in healthy subjects,"Yu, Yang and Hu, Wang and Zhang, Tonghao and Peng, Yu and Ding, Jiaxiang and Wang, Xiaoni and He, Hongwei and Zhou, Daolei and Han, Dongshuang and Cao, Jie and Cheng, Ning and Zhou, Jinmei and Zhou, Huan",2026,SAGE Open Medicine,10.1177/20503121261424728,https://www.scopus.com/pages/publications/105030671838?origin=resultslist,,14,,Article,Cited by: 1; All Open Access; Gold Open Access; Green Open Access,True,True,True
Ekinci20268242,ARTICLE,Dual Glucagon and GLP-1 Receptor Agonist Survodutide Improves Biomarkers of Beta-Cell Function and Insulin Sensitivity in People With Type 2 Diabetes or Living With Overweight/Obesity,"Ekinci, Elif I. and Maldonado, Sandra González and Unseld, Anna and Martinez, Jorge Arrubla and Hennige, Anita M. and Schoelch, Corinna",2026,"Diabetes, Obesity and Metabolism",10.1111/dom.70861,https://www.scopus.com/pages/publications/105042458755?origin=resultslist,8242 - 8253,28,9,Article,Cited by: 0; All Open Access; Green Open Access,True,False,True
Rodriguez-Valadez2024,ARTICLE,Potential Mediators for Treatment Effects of Novel Diabetes Medications on Cardiovascular and Renal Outcomes: A Meta-Regression Analysis,"Rodriguez-Valadez, José M. and Tahsin, Malak and Masharani, Umesh and Park, Meyeon and Myriam Hunink, M.G. and Yeboah, Joseph and Li, Lihua and Weber, Ellerie and Berkalieva, Asem and Avezaat, Luuk and Max, Wendy and Fleischmann, Kirsten E. and Ferket, Bart S.",2024,Journal of the American Heart Association,10.1161/JAHA.123.032463,https://www.scopus.com/pages/publications/85185614545?origin=resultslist,,13,4,Article,Cited by: 17; All Open Access; Gold Open Access; Green Open Access,True,True,True
Abo-Elenin20252677,ARTICLE,The crucial role of beta-catenin in the osteoprotective effect of semaglutide in an ovariectomized rat model of osteoporosis,"Abo-Elenin, Mohannad Hakam Hamed and Kamel, Rehab and Nofal, Shahira and Ahmed, Amany Ali Eissa",2025,Naunyn-Schmiedeberg's Archives of Pharmacology,10.1007/s00210-024-03378-z,https://www.scopus.com/pages/publications/85203460532?origin=resultslist,2677 - 2693,398,3,Article,Cited by: 18; All Open Access; Green Open Access; Hybrid Gold Open Access,True,True,True
Li2024,ARTICLE,Extracellular vesicles from neural stem cells safeguard neurons in intracerebral hemorrhage by suppressing reactive astrocyte neurotoxicity,"Li, Tianwen and Zhang, Liansheng and Wang, Peng and Yu, Jingyu and Zhong, Junjie and Tang, Qisheng and Zhu, Tongming and Chen, Kezhu and Li, Fengshi and Hong, Pengjie and Wei, Jiachen and Sun, Xicai and Ji, Guangchao and Song, Bin and Zhu, Jianhong",2024,Cell Reports,10.1016/j.celrep.2024.114854,https://www.scopus.com/pages/publications/85207365756?origin=resultslist,,43,10,Article,Cited by: 15; All Open Access; Gold Open Access,True,True,False
Hartsell2026,ARTICLE,Comparative Effectiveness of SGLT2 Inhibitor and GLP-1 Receptor Agonist on Kidney and Cardiovascular Outcomes by Kidney Failure Risk,"Hartsell, Sydney E. and Wei, Guo and Singh, Ravinder and Throolin, Michael and Nevers, McKenna R. and Sarwal, Amara and Derington, Catherine G. and Curtis, Christa and Boucher, Robert E. and Shen, Jincheng and Drakos, Stavros and Greene, Tom and Beddhu, Srinivasan",2026,Journal of the American Society of Nephrology,10.1681/ASN.0000001016,https://www.scopus.com/pages/publications/105034226008?origin=resultslist,,Publish Ahead of Print,,Article,Cited by: 3; All Open Access; Green Open Access,True,False,True
Guo20245,ARTICLE,Guideline for the Management of Diabetes Mellitus in the Elderly in China (2024 Edition),"Guo, Lixin and Xiao, Xinhua",2024,Aging Medicine,10.1002/agm2.12294,https://www.scopus.com/pages/publications/85189541678?origin=resultslist,5 - 51,7,1,Article,Cited by: 48; All Open Access; Gold Open Access; Green Open Access,True,True,True
Bannigan2024,ARTICLE,The Dawn of a New Pharmaceutical Epoch: Can AI and Robotics Reshape Drug Formulation?,"Bannigan, Pauric and Hickman, Riley J. and Aspuru-Guzik, Alán and Allen, Christine",2024,Advanced Healthcare Materials,10.1002/adhm.202401312,https://www.scopus.com/pages/publications/85201382414?origin=resultslist,,13,29,Article,Cited by: 20; All Open Access; Green Open Access; Hybrid Gold Open Access,True,True,True
Catalfamo2025,ARTICLE,“Ozempic Face”: An Emerging Drug-Related Aesthetic Concern and Its Treatment with Endotissutal Bipolar Radiofrequency (RF)—Our Experience,"Catalfamo, Luciano and De Ponte, Francesco Saverio and De Rinaldis, Danilo",2025,Journal of Clinical Medicine,10.3390/jcm14155269,https://www.scopus.com/pages/publications/105013241312?origin=resultslist,,14,15,Article,Cited by: 8; All Open Access; Gold Open Access; Green Open Access,True,True,True
Rosseel2026,ARTICLE,"Small intestinal compared with colonic short-chain fatty acid delivery drives distinct systemic concentrations and endocrine responses in humans: a randomized, crossover trial","Rosseel, Riet and Vandermeulen, Greet and Dehau, Tessa and Verbeke, Kristin",2026,American Journal of Clinical Nutrition,10.1016/j.ajcnut.2026.101470,https://www.scopus.com/pages/publications/105048289599?origin=resultslist,,124,4,Article,Cited by: 0; All Open Access; Green Open Access; Hybrid Gold Open Access,True,True,True
Xu2025,ARTICLE,"Live birth following multimodal therapy in a patient with asherman’s syndrome, recurrent pregnancy loss, and polycystic ovarian syndrome: a case report and literature review","Xu, Qin and Li, Luyu and Li, Bo and Tang, Zouying and Ma, Yaxian and Tao, Limei and Ma, Rui and Zhuan, Li",2025,Contraception and Reproductive Medicine,10.1186/s40834-025-00384-1,https://www.scopus.com/pages/publications/105012857607?origin=resultslist,,10,1,Article,Cited by: 0; All Open Access; Gold Open Access; Green Open Access,True,True,True
Yao2026,ARTICLE,Maternal gestational diabetes mellitus leads to adverse growth patterns and disease risk in offspring in vivo: evidence from cross-generational effects on gut microbiota,"Yao, Ting and Xiong, Yan and Hu, Qiang and Chen, Yuhan and Li, Dan and Yan, Jiai and Yang, Ju and Wang, Yingyu and Cao, Hong and Zhang, Feng and Zhuang, Ruijuan and Sun, Jing",2026,BMC Microbiology,10.1186/s12866-025-04591-3,https://www.scopus.com/pages/publications/105031682137?origin=resultslist,,26,1,Article,Cited by: 0; All Open Access; Gold Open Access; Green Open Access,True,True,True
Kim2025,ARTICLE,Impact of diabetes on the progression of Alzheimer's disease via trajectories of amyloid–tau–neurodegeneration (ATN) biomarkers,"Kim, Eun Woo and Kim, Keun You and Kim, Eosu",2025,"Journal of Nutrition, Health and Aging",10.1016/j.jnha.2024.100444,https://www.scopus.com/pages/publications/85211345985?origin=resultslist,,29,2,Article,Cited by: 9; All Open Access; Gold Open Access; Green Open Access,True,True,True
Milluzzo2024,ARTICLE,Efficacy of a phone reminder to improve adherence to post-partum glucose tolerance testing after gestational diabetes and clinical predictors of post-partum follow-up compliance,"Milluzzo, Agostino and Manuella, Lucia and Frittitta, Lucia and Sciacca, Laura",2024,Diabetes Research and Clinical Practice,10.1016/j.diabres.2024.111653,https://www.scopus.com/pages/publications/85189820911?origin=resultslist,,210,,Article,Cited by: 0; All Open Access; Hybrid Gold Open Access,True,True,False
Hamza20241342,ARTICLE,A COMPARATIVE STUDY OF FOUR PERMEATION ENHANCERS FOR INCREASING THE TRANSPORT OF SALMON CALCITONIN ON CACO-2 CELL LINES,"Hamza, Andrei and Șaramet, Gabriel",2024,Farmacia,10.31925/farmacia.2024.6.13,https://www.scopus.com/pages/publications/85214791267?origin=resultslist,1342 - 1352,72,6,Article,Cited by: 1; All Open Access; Gold Open Access,True,True,False
Li2026573,ARTICLE,Liraglutide Promoted Osteogenic Differentiation of Dental Pulp Stem Cells via H3K18 Lactylation-Dependent DSPP Activation,"Li, Ruixue and Zhang, Jing and Song, Xixi and Han, Lulu and Yao, Mingyan",2026,Tissue Engineering and Regenerative Medicine,10.1007/s13770-026-00801-9,https://www.scopus.com/pages/publications/105033242194?origin=resultslist,573 - 582,23,4,Article,Cited by: 2; All Open Access; Green Open Access,True,False,True
Singh2026,ARTICLE,The ocular surface in type 2 diabetes: pathophysiology and impact of anti-diabetic drugs,"Singh, Indumathi and Poynten, Ann M. and Krishnan, Arun V. and Willcox, Mark D.P. and Markoulli, Maria",2026,Progress in Retinal and Eye Research,10.1016/j.preteyeres.2025.101417,https://www.scopus.com/pages/publications/105023512101?origin=resultslist,,110,,Article,Cited by: 6; All Open Access; Hybrid Gold Open Access,True,True,False
Miller2024398,ARTICLE,Detection and Intervention: Use of Continuous Glucose Monitoring in the Early Stages of Type 2 Diabetes,"Miller, Eden and Miller, Kevin",2024,Clinical Diabetes,10.2337/cd23-0077,https://www.scopus.com/pages/publications/85202040269?origin=resultslist,398 - 407,42,3,Article,Cited by: 14; All Open Access; Green Open Access,True,False,True
Dahl-Larsen2025,ARTICLE,Patient experiences with group consultations when treated with semaglutide for obesity: A qualitative case study in a Danish general practice,"Dahl-Larsen, Rasmus and Jakobsen, P.R. and Søndergaard, Jens and Henriksen, Jan Erik and Assing Hvidt, Elisabeth",2025,BMJ Open,10.1136/bmjopen-2024-093357,https://www.scopus.com/pages/publications/105011858154?origin=resultslist,,15,7,Article,Cited by: 4; All Open Access; Gold Open Access; Green Open Access,True,True,True
Zhao2026,ARTICLE,Significance of neuroendocrine systems and the gut-brain axis (GBA) in the regulation of obesity,"Zhao, Hanwei and Li, Yaqing and Cheng, Ran and Wang, Ye and Ma, Liyuan and Chen, Wenge",2026,PeerJ,10.7717/peerj.20400,https://www.scopus.com/pages/publications/105028179393?origin=resultslist,,14,,Article,Cited by: 1; All Open Access; Gold Open Access; Green Open Access,True,True,True
Dangi2025592,ARTICLE,Development and Characterization of Modified Release Dosage Form Utilizing Semaglutide,"Dangi, Aanchal and Sharma, Komal",2025,International Journal of Drug Delivery Technology,10.25258/ijddt.15.2.28,https://www.scopus.com/pages/publications/105027817436?origin=resultslist,592 - 599,15,2,Article,Cited by: 0; All Open Access; Bronze Open Access,True,False,False
L’hostellier2026,ARTICLE,"Doravirine versus dolutegravir-based regimen in antiretroviral treatment-naive people living with HIV-1 (ANRS0392s ELDORADO): protocol for an international, open-label, randomised, non-inferiority, phase III trial","L’hostellier, Anthony and Kouanfack, Charles and Chazallon, Corine and Wagner-Cardoso, Sandra and Eholie, Serge Paul and Banze, Neiva and Halue, Guttiga and Capeau, Jacqueline and Delaugerre, Constance and Moh, Raoul and Bonnet, Fabrice and Mfeukeu Kuate, Liliane and Jaquet, Antoine and Perazzo, Hugo and Bernard, Charlotte and Bastard, Jean-Philippe and Goldwirt, Lauriane and Vilquin, Paul and Nhassengo, Pedroso Pedro and Lavalée, Margot and Minvielle, Nicolas and Dodd, P.J. and Marcy, Olivier and Molina, Jean-Michel and Grinsztejn, Beatriz and Sellier, Pierre O.",2026,BMJ Open,10.1136/bmjopen-2025-110560,https://www.scopus.com/pages/publications/105029607263?origin=resultslist,,16,2,Article,Cited by: 2; All Open Access; Gold Open Access; Green Open Access,True,True,True
Klonoff20243128,ARTICLE,Risks of peri- and postoperative complications with glucagon-like peptide-1 receptor agonists,"Klonoff, David C. and Kim, Sun H. and Galindo, Rodolfo J. and Joseph, Jeffery I. and Garrett, Valerie and Gombar, Saurabh and Aaron, Rachel E. and Tian, Tiffany and Kerr, David",2024,"Diabetes, Obesity and Metabolism",10.1111/dom.15636,https://www.scopus.com/pages/publications/85193072029?origin=resultslist,3128 - 3136,26,8,Article,Cited by: 43; All Open Access; Bronze Open Access; Green Open Access,True,False,True
Sun2025,ARTICLE,Effects of semaglutide on metabolism and gut microbiota in high-fat diet-induced obese mice,"Sun, Luyan and Shang, Bingqing and Lv, Suyuan and Liu, Guolong and Wu, Qiu and Geng, Yue",2025,Frontiers in Pharmacology,10.3389/fphar.2025.1562896,https://www.scopus.com/pages/publications/105008762976?origin=resultslist,,16,,Article,Cited by: 28; All Open Access; Gold Open Access; Green Open Access,True,True,True
Palasantzas2026,ARTICLE,Assessing Nutraceuticals for Hepatic Steatosis: A Standardized In Vitro Approach,"Palasantzas, Victoria E. J. M. and Struik, Dicky and Bos, Trijnie and Withoff, Sebo and Fu, Jingyuan and Jonker, Johan W. and Hoogerland, Joanne A.",2026,Nutrients,10.3390/nu18030388,https://www.scopus.com/pages/publications/105029932520?origin=resultslist,,18,3,Article,Cited by: 2; All Open Access; Gold Open Access; Green Open Access,True,True,True
Kim2025,ARTICLE,Effective Oral Delivery of Teriparatide Using Organoclay—Polymethacrylate Nanocomposites for Osteoporosis Therapy,"Kim, Gyu Lin and Kang, Yeon Ju and Seo, Soo Hwa and Jeon, Jiwoon and Han, Hyo-Kyung",2025,Pharmaceutics,10.3390/pharmaceutics17111450,https://www.scopus.com/pages/publications/105023078550?origin=resultslist,,17,11,Article,Cited by: 1; All Open Access; Gold Open Access; Green Open Access,True,True,True
Bays2024,ARTICLE,"Obesity, dyslipidemia, and cardiovascular disease: A joint expert review from the Obesity Medicine Association and the National Lipid Association 2024","Bays, Harold Edward and Kirkpatrick, Carol and Maki, Kevin C. and Toth, Peter P. and Morgan, Ryan T. and Tondt, Justin and Christensen, Sandra Michelle and Dixon, Dave and Jacobson, Terry A.",2024,Obesity Pillars,10.1016/j.obpill.2024.100108,https://www.scopus.com/pages/publications/85192215161?origin=resultslist,,10,,Article,Cited by: 76; All Open Access; Gold Open Access; Green Open Access,True,True,True
Xie2026,ARTICLE,A gut-liver lipid flux checkpoint mediates FAHFA protection from MASLD,"Xie, Hao and Cheng, Hong Sheng and Ng, Jia Xun Jarryl and Zhang, Shuang and Kim, Joseph Han Sol and Tan, Soon Heng and Tan, Choon-Hong and Tan, Nguan Soon",2026,Pharmacological Research,10.1016/j.phrs.2025.108085,https://www.scopus.com/pages/publications/105027096116?origin=resultslist,,224,,Article,Cited by: 5; All Open Access; Gold Open Access; Green Open Access,True,True,True
Ziebarth2024,ARTICLE,Oral Delivery of Liraglutide-Loaded Zein/Eudragit-Chitosan Nanoparticles Provides Pharmacokinetic and Glycemic Outcomes Comparable to Its Subcutaneous Injection in Rats,"Ziebarth, Jeferson and da Silva, Letícia Marina and Lorenzett, Ariane Krause Padilha and Figueiredo, Ingrid Delbone and Carlstrom, Paulo Fernando and Cardoso, Felipe Nunes and de Freitas, André Luiz Ferreira and Baviera, Amanda Martins and Mainardes, Rubiana Mara",2024,Pharmaceutics,10.3390/pharmaceutics16050634,https://www.scopus.com/pages/publications/85194085907?origin=resultslist,,16,5,Article,Cited by: 24; All Open Access; Gold Open Access; Green Open Access,True,True,True
Hirotsu2025,ARTICLE,Exploring factors predicting the effectiveness of oral semaglutide in Japanese individuals with type 2 diabetes switching from dipeptidyl peptidase 4 inhibitors: a pilot study,"Hirotsu, Takao and Taniguchi, Kanta and Nishimura, Rimei",2025,Frontiers in Clinical Diabetes and Healthcare,10.3389/fcdhc.2025.1520389,https://www.scopus.com/pages/publications/105001878636?origin=resultslist,,6,,Article,Cited by: 1; All Open Access; Gold Open Access; Green Open Access,True,True,True
Elmorsy2026,ARTICLE,Bioresponsive gelatin-coated silk fibroin nanoparticles enhance roxadustat therapy in experimental pulmonary fibrosis,"Elmorsy, Elsayed A. and Saber, Sameh and Alsalloom, Abdulaziz A. and Al-Nafeesah, Abdullah and Khodeir, Mostafa M. and Alolayan, Abdullah and Alhomaidi, Adel and Alorini, Mohammed and Abdel-Hamed, Mohamed R. and Amer, Maha M. and Eltayeb, Huda and Ahmed, Syed Suhail and El Adle Khalaf, Noura and Hamza, Eman and Abdel-Aal, Ebtehal M. and El-Sayed, Abdelrahman and Y. Kira, Ahmed",2026,Frontiers in Pharmacology,10.3389/fphar.2026.1921860,https://www.scopus.com/pages/publications/105047789553?origin=resultslist,,17,,Article,Cited by: 0; All Open Access; Gold Open Access; Green Open Access,True,True,True
Lee2025,ARTICLE,Preparation and Therapeutic Evaluation of Engineered Semaglutide and Statin–Lipid Conjugate-Based Nanoparticle,"Lee, Kyeong-Ju and Yang, Seong-Bin and Lee, Jae-Hyeon and Seo, Bison and Won, Hyung-Sik and Park, Jooho",2025,Pharmaceutics,10.3390/pharmaceutics17040480,https://www.scopus.com/pages/publications/105003550068?origin=resultslist,,17,4,Article,Cited by: 5; All Open Access; Gold Open Access; Green Open Access,True,True,True
Yao2026,ARTICLE,Adipose-targeted microneedle patch co-delivering semaglutide and rosiglitazone unlocks adipose browning efficacy for obesity therapy,"Yao, Weiqin and Wang, Jiawen and Zeng, Xuan and Chen, Weihai and Zhang, Xianzheng",2026,Nano Research,10.26599/NR.2026.94908852,https://www.scopus.com/pages/publications/105047517728?origin=resultslist,,19,9,Article,Cited by: 0; All Open Access; Gold Open Access,True,True,False
Walker2026,ARTICLE,Bitter hop nutraceutical stimulates fat mass loss while preserving muscle mass in a cohort of individuals with overweight or obesity receiving diet and exercise advice,"Walker, Edward and Lo, Kim and Smirk, Isabel and Spence, Marry Rose and Dinnan, Hannah and Martell, Sheridan and Lomiwes, Dominic",2026,Obesity Pillars,10.1016/j.obpill.2026.100299,https://www.scopus.com/pages/publications/105044774263?origin=resultslist,,19,,Article,Cited by: 0; All Open Access; Gold Open Access; Green Open Access,True,True,True
Ashraf2026,ARTICLE,GLP-1 receptor agonist adjunct therapy stabilises Ramadan dysglycaemia in insulin-treated diabetes: a CGM-based study,"Ashraf, Tanveer and Lessan, Nader",2026,Diabetes Research and Clinical Practice,10.1016/j.diabres.2026.113369,https://www.scopus.com/pages/publications/105041509680?origin=resultslist,,238,,Article,Cited by: 0; All Open Access; Hybrid Gold Open Access,True,True,False
Sasset2026,ARTICLE,DNA-based delivery of incretin receptor agonists using MYO Technology leads to durable weight loss in a diet-induced obesity model,"Sasset, Linda and Cameron, Andrew D. and Sussman, Carleigh and Rubinelli, Luisa and Maji, Debnath and Miller, Robert and Thompson, Andy and Campbell, Delcora and Walker, Melanie R. and Drozdz, Marek M. and Liberatore, Rachel A.",2026,Molecular Therapy Nucleic Acids,10.1016/j.omtn.2026.102946,https://www.scopus.com/pages/publications/105038900419?origin=resultslist,,37,2,Article,Cited by: 0; All Open Access; Gold Open Access; Green Open Access,True,True,True
Subedi2025637,ARTICLE,An oral liraglutide nanomicelle formulation conferring reduced insulin-resistance and long-term hypoglycemic and lipid metabolic benefits,"Subedi, Laxman and Bamjan, Arjun Dhwoj and Phuyal, Susmita and Shim, Jung-Hyun and Cho, Seung-Sik and Seo, Jong Bae and Chang, Kwan-Young and Byun, Youngro and Kweon, Seho and Park, Jin Woo",2025,Journal of Controlled Release,10.1016/j.jconrel.2024.12.039,https://www.scopus.com/pages/publications/85212978427?origin=resultslist,637 - 655,378,,Article,Cited by: 19; All Open Access; Hybrid Gold Open Access,True,True,False
Jin2026,ARTICLE,To investigate the effect of a high-fat diet on pharmacokinetics/renal function/RAAS-related parameters after a single dose of empagliflozin in healthy Chinese adults,"Jin, Yi and Zhao, Wenyan and Li, Qian and Ding, Sunqi and Tian, Shuangshuang and Han, Zhaodi and Wu, Hui and Bai, Lu and Liao, Hui",2026,BMC Pharmacology and Toxicology,10.1186/s40360-026-01099-y,https://www.scopus.com/pages/publications/105033507155?origin=resultslist,,27,1,Article,Cited by: 0; All Open Access; Gold Open Access; Green Open Access,True,True,True
Yin2025,ARTICLE,Efficacy of GLP-1 Receptor Agonist-Based Therapies on Cardiovascular Events and Cardiometabolic Parameters in Obese Individuals Without Diabetes: A Meta-Analysis of Randomized Controlled Trials,"Yin, Yue and Zhang, Minghan and Cao, Qiuyu and Lin, Lin and Lu, Jieli and Bi, Yufang and Chen, Yuhong",2025,Journal of Diabetes,10.1111/1753-0407.70082,https://www.scopus.com/pages/publications/105002446781?origin=resultslist,,17,4,Article,Cited by: 22; All Open Access; Gold Open Access; Green Open Access,True,True,True
Min2026,ARTICLE,Intravenous Everolimus Formulation (Sapu003) for Clinical Trials,"Min, Sheng-Hao and Forero, Kevin and Putnam, William and Anderson, Jonathan and Hoff, Robert and Lopp, John and Trieu, Vuong and Ho, Kwun and Lee, Cynthia",2026,International Journal of Molecular Sciences,10.3390/ijms27135775,https://www.scopus.com/pages/publications/105045251486?origin=resultslist,,27,13,Article,Cited by: 0; All Open Access; Gold Open Access; Green Open Access,True,True,True
Dreshaj2025406,ARTICLE,Medicinal Plants as Powerful and Efficient Sources of Diabetes Treatment Compared to Medicinal Insulins: Case Study Dukagjin Region in Kosovo,"Dreshaj, Arber and Veseli, Donika and Dreshaj, Altin and Bajraktari, Florim",2025,International Journal of Drug Delivery Technology,10.25258/ijddt.15.2.5,https://www.scopus.com/pages/publications/105027764856?origin=resultslist,406 - 415,15,2,Article,Cited by: 0; All Open Access; Bronze Open Access,True,False,False
Genton2026,ARTICLE,Challenges of nutritional support in patients with diabetes: A position paper of the ESPEN special interest group,"Genton, Laurence and Sanz, Miguel Leon and Arvanitakis, Marianna and Ballesteros-Pomar, María D. and Bally, Lia and Barazzoni, Rocco and Bétry, Cécile and Burgos, Rosa and Cuerda, Cristina and Hadefi, Alia and Klek, Stanislav and Mahmutovic, Meliha and Quilliot, Didier and Rubin, Diana and Schneider, Stéphane M. and Serlie, Mireille J. and Collet, Tinh-Hai",2026,Clinical Nutrition,10.1016/j.clnu.2025.106550,https://www.scopus.com/pages/publications/105027040742?origin=resultslist,,56,,Article,Cited by: 1; All Open Access; Green Open Access; Hybrid Gold Open Access,True,True,True
Kim2026,ARTICLE,Engineered polymer micelles with tunable gas release for effective reduction of local fat deposits,"Kim, Choonggu and Lee, Yun-chan and Lee, In Young and Jeong, Eun Ju and Lee, Kuen Yong",2026,Biomedicine and Pharmacotherapy,10.1016/j.biopha.2026.119767,https://www.scopus.com/pages/publications/105044499259?origin=resultslist,,202,,Article,Cited by: 0; All Open Access; Gold Open Access,True,True,False
Moss2026,ARTICLE,Incretin therapy and obesity: current and future pharmacologic possibilities,"Moss, Emory and Hawk, Kennedy and Lollis, Kathrine and Clements, Jennifer N.",2026,Canadian Journal of Physiology and Pharmacology,10.1139/cjpp-2025-0151,https://www.scopus.com/pages/publications/105029128892?origin=resultslist,,104,,Article,Cited by: 1; All Open Access; Hybrid Gold Open Access,True,True,False
Fagan2025,ARTICLE,Direct compression peptide tablets: insights into the importance of permeation enhancer processibility and peptide stability,"Fagan, A. and Bateman, L.M. and O'Mahony, M. and Crean, A.M. and O'Shea, J.P.",2025,International Journal of Pharmaceutics,10.1016/j.ijpharm.2025.126257,https://www.scopus.com/pages/publications/105018685023?origin=resultslist,,685,,Article,Cited by: 0; All Open Access; Hybrid Gold Open Access,True,True,False
Lund2026,ARTICLE,Assessment of greenhouse gas emission of type 2 diabetes management in adults: a modelling study in the UK,"Lund, Niels and Maslova, Ekaterina and Chen, Jieling and Giannini, Julia and Soro, Mar and Culligan, Ian and Richards, Glyn and Taneja, Loveleen and Varghese, Shanky and Li, Yuxin and Xu, Weiwei and Gonzalez, Jose and Valentim, Joice and Tour, Priscille de La and Adshead, Fiona and Moore, Keith and Puggina, Anna",2026,BMJ Open,10.1136/bmjopen-2025-106299,https://www.scopus.com/pages/publications/105028091788?origin=resultslist,,16,1,Article,Cited by: 1; All Open Access; Gold Open Access; Green Open Access,True,True,True
Wang2026569,ARTICLE,Clusterin Drives Fiber Endocytosis by Mesothelial Cells to Resolve Liver Fibrosis,"Wang, Minjun and Chen, Fei and Gao, Junling and Liu, Qinggui and Li, Zhixuan and Kong, Qingjie and Liu, Yanfang and Pang, Yan and Wang, Zijun and Zhou, Ye and Zhang, Liyuan and Jia, Kaiwei and Lu, Shan and Liu, Shanrong and Yuan, Jihang and He, Xing and Liu, Hui and Li, Xiang and Hou, Jin",2026,Gastroenterology,10.1053/j.gastro.2025.08.022,https://www.scopus.com/pages/publications/105024590748?origin=resultslist,569 - 583,170,3,Article,Cited by: 15; All Open Access; Hybrid Gold Open Access,True,True,False
Lee2024546,ARTICLE,"Long-term safety study of the highly absorbable curcumin formulation TS-P1 in healthy Japanese adults: a randomized, placebo-controlled, double-blind, parallel-group comparative study","Lee, Hyunjin and Kuwabara, Yoshitaka and Hirose, Akiko and Makino, Yuji and Hashimoto, Kyohei and Sakata, Misaki and Watanabe, Tadashi",2024,Functional Foods in Health and Disease,10.31989/ffhd.v14i7.1396,https://www.scopus.com/pages/publications/85201092253?origin=resultslist,546 - 563,14,7,Article,Cited by: 0; All Open Access; Gold Open Access,True,True,False
Milanović20242466,ARTICLE,TAAR1 agonist ulotaront delays gastric emptying of solids in patients with schizophrenia and concurrent metabolic syndrome with prediabetes,"Milanović, Snežana and Dedic, Nina and Lew, Robert and Burton, Duane and Koblan, Kenneth S. and Camilleri, Michael and Hopkins, Seth C.",2024,"Diabetes, Obesity and Metabolism",10.1111/dom.15569,https://www.scopus.com/pages/publications/85189522717?origin=resultslist,2466 - 2475,26,6,Article,Cited by: 6; All Open Access; Hybrid Gold Open Access,True,True,False
Prada Brichtova20259152,ARTICLE,Observation of unique stable nano-assemblies of a lipidated glucagon-like peptide 1 analogue,"Prada Brichtova, Eva and Gomes Dos Santos, Ana L. and Jackson, Sophie E.",2025,Soft Matter,10.1039/d5sm00801h,https://www.scopus.com/pages/publications/105023959673?origin=resultslist,9152 - 9161,21,47,Article,Cited by: 2; All Open Access; Hybrid Gold Open Access,True,True,False
Thorens20241027,ARTICLE,Building the Glucagon-Like Peptide-1 Receptor Brick by Brick: Revisiting a 1993 Diabetes Classic by Thorens et al,"Thorens, Bernard and Hodson, David J.",2024,Diabetes,10.2337/dbi24-0025,https://www.scopus.com/pages/publications/85196890245?origin=resultslist,1027 - 1031,73,7,Article,Cited by: 2; All Open Access; Green Open Access,True,False,True
Tocharus2024,ARTICLE,Hypoglycemic Ability of Sericin-Derived Oligopeptides (SDOs) from Bombyx mori Yellow Silk Cocoons and Their Physiological Effects on Streptozotocin (STZ)-Induced Diabetic Rats,"Tocharus, Chainarong and Sutheerawattananonda, Manote",2024,Foods,10.3390/foods13142184,https://www.scopus.com/pages/publications/85199666852?origin=resultslist,,13,14,Article,Cited by: 13; All Open Access; Gold Open Access; Green Open Access,True,True,True
Mastaitis2025,ARTICLE,GDF8 and activin A blockade protects against GLP-1–induced muscle loss while enhancing fat loss in obese male mice and non-human primates,"Mastaitis, Jason W. and Gomez, Daniel and Raya, José G. and Li, Diana and Min, Soo and Stec, Michael and Kleiner, Sandra and McWilliams, Toya and Altarejos, Judith Y. and Murphy, Andrew J. and Yancopoulos, George D. and Sleeman, Mark W.",2025,Nature Communications,10.1038/s41467-025-59485-9,https://www.scopus.com/pages/publications/105004898389?origin=resultslist,,16,1,Article,Cited by: 41; All Open Access; Gold Open Access; Green Open Access,True,True,True
Levy2026,ARTICLE,A Text Messaging–Based Program to Transition From Basal Insulin to Glucagon-Like Peptide-1 Receptor Agonists in Safety-Net Diabetes Care: Pilot Quality Improvement Intervention Study,"Levy, Natalie and Nerlino, Katie and Bongalos, Sherlane and Dasilva, Alex and Uzor, Chinye and Liang, Ying Jie and Sonubi, Olubunmi",2026,JMIR Formative Research,10.2196/76993,https://www.scopus.com/pages/publications/105036229982?origin=resultslist,,10,,Article,Cited by: 0; All Open Access; Gold Open Access; Green Open Access,True,True,True
Wright2024754,ARTICLE,Initiating GLP-1 Therapy in Combination with FreeStyle Libre Provides Greater Benefit Compared with GLP-1 Therapy Alone,"Wright, Eugene E. and Roberts, Gregory J. and Chuang, Joyce S. and Nabutovsky, Yelena and Virdi, Naunihal and Miller, Eden",2024,Diabetes Technology and Therapeutics,10.1089/dia.2024.0015,https://www.scopus.com/pages/publications/85195048159?origin=resultslist,754 - 762,26,10,Article,Cited by: 18; All Open Access; Hybrid Gold Open Access,True,True,False
Daniell2025,ARTICLE,Evaluation of Biologics ACE2/Ang(1–7) Encapsulated in Plant Cells for FDA Approval: Safety and Toxicology Studies,"Daniell, Henry and Wakade, Geetanjali and Nair, Smruti K. and Singh, Rahul and Emanuel, Steven A. and Brock, Barry and Margulies, Kenneth B.",2025,Pharmaceutics,10.3390/pharmaceutics17010012,https://www.scopus.com/pages/publications/85216118735?origin=resultslist,,17,1,Article,Cited by: 11; All Open Access; Gold Open Access; Green Open Access,True,True,True
Roy2025607,ARTICLE,Crystallographic and physicochemical characterization of salcaprozoic acid: A structural basis for SNAC-enabled drug delivery systems,"Roy, Parag and Waddell, Paul G. and Dey, Rajdeep and Kavanagh, Oisin N.",2025,Acta Crystallographica Section C: Structural Chemistry,10.1107/S2053229625008691,https://www.scopus.com/pages/publications/105020979383?origin=resultslist,607 - 613,81,,Article,Cited by: 0; All Open Access; Green Open Access; Hybrid Gold Open Access,True,True,True
Wang2024,ARTICLE,Bitter-tasting drugs tune GDF15 and GLP-1 expression via bitter taste or motilin receptors in the intestine of patients with obesity,"Wang, Qian and Farhadipour, Mona and Thijs, Theo and Ruilova Sosoranga, Emily and Van der Schueren, Bart and Ceulemans, Laurens J. and Deleus, Ellen and Lannoo, Matthias and Tack, Jan and Depoortere, Inge",2024,Molecular Metabolism,10.1016/j.molmet.2024.102002,https://www.scopus.com/pages/publications/85201450110?origin=resultslist,,88,,Article,Cited by: 12; All Open Access; Gold Open Access; Green Open Access,True,True,True
Merino-Torres2024785,ARTICLE,Cost-Utility of Real-Time Continuous Glucose Monitoring versus Self-Monitoring of Blood Glucose in People with Insulin-Treated Type 2 Diabetes in Spain,"Merino-Torres, Juan Francisco and Ilham, Sabrina and Alshannaq, Hamza and Pollock, Richard F. and Ahmed, Waqas and Norman, Gregory J.",2024,ClinicoEconomics and Outcomes Research,10.2147/CEOR.S483459,https://www.scopus.com/pages/publications/85209808611?origin=resultslist,785 - 797,16,,Article,Cited by: 7; All Open Access; Gold Open Access; Green Open Access,True,True,True
Hennessy2026229,ARTICLE,Cost-Effectiveness of Semaglutide for Secondary Prevention of Cardiovascular Disease in US Adults,"Hennessy, Susan and Penko, Joanne and Bellows, Brandon K. and Coxson, Pamela G. and Boylan, Ross and Sims, Kendra D. and Beatty, Alexis and Inoue, Kosuke and Shi, Ivy and Decker, Sérgio R. R. and Khan, Sadiya S. and Yeh, Robert W. and Moran, Andrew E. and Kazi, Dhruv S.",2026,JAMA Cardiology,10.1001/jamacardio.2025.5243,https://www.scopus.com/pages/publications/105029859354?origin=resultslist,229 - 238,11,3,Article,Cited by: 5; All Open Access; Green Open Access,True,False,True
McMackin2026,ARTICLE,"JAK4D, a first-in-class thyrotropin-releasing hormone analogue, reverses scopolamine-induced memory deficits","McMackin, Roisin and Price, Smita and Slator, Gillian R. and Hardiman, Orla and Kelly, Julie A.",2026,Brain Communications,10.1093/braincomms/fcag006,https://www.scopus.com/pages/publications/105029014744?origin=resultslist,,8,1,Article,Cited by: 0; All Open Access; Gold Open Access; Green Open Access,True,True,True
Abd El-Aziz2025,ARTICLE,Matcha mitigates metabolic and inflammatory disturbances induced by high-fat-sucrose diets in rats,"Abd El-Aziz, Nourhan M. and Elbakatoshy, Marwa R. and Farrage, Ebtehal A. and Zannou, Oscar and Tahergorabi, Reza and Khalifah, Ayman M. and Aminzare, Majid and Shehata, Mohamed G.",2025,Journal of Functional Foods,10.1016/j.jff.2025.107112,https://www.scopus.com/pages/publications/105022841465?origin=resultslist,,135,,Article,Cited by: 2; All Open Access; Gold Open Access,True,True,False
Kuo202513465,ARTICLE,"Dissecting Hidden Liraglutide Oligomerization Pathways via Direct Mass Technology, Electron-Capture Dissociation, and Molecular Dynamics","Kuo, Syuan-Ting and Xi, Zhenyu and Cong, Xiao and Yan, Xin and Russell, David H.",2025,Analytical Chemistry,10.1021/acs.analchem.5c01851,https://www.scopus.com/pages/publications/105008711111?origin=resultslist,13465 - 13473,97,25,Article,Cited by: 3; All Open Access; Green Open Access; Hybrid Gold Open Access,True,True,True
Weber2024677,ARTICLE,"Evaluation of the Effects of Meal Type and Acid-Reducing Agents on the Pharmacokinetics of Cilofexor, a Selective Nonsteroidal Farnesoid X Receptor Agonist","Weber, Elijah J. and Younis, Islam R. and Wang, Lulu and Xiao, Deqing and Barchuk, William T. and Othman, Ahmed A.",2024,Clinical Pharmacology in Drug Development,10.1002/cpdd.1384,https://www.scopus.com/pages/publications/85185272670?origin=resultslist,677 - 687,13,6,Article,Cited by: 0; All Open Access; Hybrid Gold Open Access,True,True,False
Woo202511843,ARTICLE,Fabrication and Preclinical Evaluation of Hyaluronic Acid/Aminoclay Nanocomposite Microneedles for Noninvasive Delivery of Semaglutide in Anti-Obesity Therapy,"Woo, Chang Rim and Kim, Gyu Lin and Han, Hyo-Kyung",2025,International Journal of Nanomedicine,10.2147/IJN.S544952,https://www.scopus.com/pages/publications/105017512572?origin=resultslist,11843 - 11858,20,,Article,Cited by: 4; All Open Access; Gold Open Access; Green Open Access,True,True,True
Balantekin2024,ARTICLE,The emerging role of glucagon-like peptide 1 in binge eating,"Balantekin, Katherine N. and Kretz, Martin J. and Mietlicki-Baase, Elizabeth G.",2024,Journal of Endocrinology,10.1530/JOE-23-0405,https://www.scopus.com/pages/publications/85193456857?origin=resultslist,,262,1,Article,Cited by: 38; All Open Access; Green Open Access,True,False,True
Williams2025285,ARTICLE,Pharmacological management of binge eating disorder,"Williams, Andrew M.",2025,Mental Health Clinician,10.9740/MHC.2025.12.285,https://www.scopus.com/pages/publications/105036306984?origin=resultslist,285 - 297,15,6,Article,Cited by: 0; All Open Access; Gold Open Access; Green Open Access,True,True,True
de Freitas Queiroz Barros2026625,ARTICLE,From diet to hypothalamic dysfunction: Neuroanatomical and hormonal integration of the microbiota-hypothalamus-adipose tissue axis,"de Freitas Queiroz Barros, Helena Dias and Casagrande, Breno Picin and Araújo, Diana Dias and Mutran, Thais Antonio Jose and Telles, Monica Marques and Estadella, Debora and Pisani, Luciana Pellegrini",2026,Reviews in Endocrine and Metabolic Disorders,10.1007/s11154-026-10038-5,https://www.scopus.com/pages/publications/105036521191?origin=resultslist,625 - 643,27,3,Article,Cited by: 2; All Open Access; Green Open Access; Hybrid Gold Open Access,True,True,True
Paddu20242255,ARTICLE,Weight maintenance on cost-effective antiobesity medications after 1 year of GLP-1 receptor agonist therapy: a real-world study,"Paddu, Nina U. and Lawrence, Brianna and Wong, Sydnee and Poon, Sabrina J. and Srivastava, Gitanjali",2024,Obesity,10.1002/oby.24177,https://www.scopus.com/pages/publications/85209795223?origin=resultslist,2255 - 2263,32,12,Article,Cited by: 21; All Open Access; Green Open Access; Hybrid Gold Open Access,True,True,True
Yu2025187,ARTICLE,The GIP receptor activates futile calcium cycling in white adipose tissue to increase energy expenditure and drive weight loss in mice,"Yu, Xinxin and Chen, Shiuhwei and Funcke, Jan-Bernd and Straub, Leon G. and Pirro, Valentina and Emont, Margo P. and Droz, Brian A. and Collins, Kyla AI. and Joung, Chanmin and Pearson, Mackenzie J. and James, Corey M. and Babu, Gopal J. and Efthymiou, Vissarion and Vernon, Ashley and Patti, Mary Elizabeth and An, Yu A. and Rosen, Evan D. and Coghlan, Matthew P. and Samms, Ricardo J. and Scherer, Philipp E. and Kusminski, Christine M.",2025,Cell Metabolism,10.1016/j.cmet.2024.11.003,https://www.scopus.com/pages/publications/85213082630?origin=resultslist,187 - 204.e7,37,1,Article,Cited by: 58; All Open Access; Green Open Access,True,False,True
Qiao2025,ARTICLE,An oral engineered cerium-peptide composite microsphere inhibits inflammatory bowel disease and reverses chronic fibrosis​​,"Qiao, Wenyu and Yang, Luling and Liu, Yu and Zhang, Huaiyuan and Zheng, Zhihuan and Gu, Tianheng and Zhu, Jiaxi and Hu, Xinyi and Li, Gangze and Zhang, Yuxia and Xiao, Meng and Zhang, Lin",2025,Journal of Nanobiotechnology,10.1186/s12951-025-03859-0,https://www.scopus.com/pages/publications/105026323896?origin=resultslist,,23,1,Article,Cited by: 2; All Open Access; Gold Open Access; Green Open Access,True,True,True
Mazzolai20243538,ARTICLE,"2024 ESC Guidelines for the management of peripheral arterial and aortic diseases : Developed by the task force on the management of peripheral arterial and aortic diseases of the European Society of Cardiology (ESC Endorsed by the European Association for Cardio-Thoracic Surgery (EACTS, the European Reference Network on Rare Multisystemic Vascular Diseases (VASCERN, and the European Society of Vascular Medicine (ESVM)","Mazzolai, Lucia and Teixido-Tura, Gisela and Lanzi, Stefano and Boc, Vinko and Bossone, Eduardo and Brodmann, Marianne and Bura-Rivière, Alessandra and De Backer, Julie and Deglise, Sebastien and Della Corte, A. and Heiss, Christian and Kałużna-Oleksy, Marta and Kurpas, Donata and Mceniery, Carmel M and Mirault, Tristan and Pasquet, Agnes A and Pitcher, Alex and Schaubroeck, Hannah A. I and Schlager, Oliver and Sirnes, Per Anton and Sprynger, Muriel G and Stabile, Eugenio and Steinbach, Françoise and Thielmann, Matthias and Van Kimmenade, Roland R. J and Venermo, Maarit and Rodriguez-Palomares, Jose F. and Gimelli, Alessia and Ricco, Jean-Baptiste and Arbelo, Elena and Behrendt, Christian-Alexander and Böhm, Michael and Borger, Michael A and Brida, Margarita and Buccheri, Sergio and Buchanan, Gill Louise and Christersson, Christina and De Borst, Gert J and De Carlo, Marco and Gottardi, Roman and Hanna, Lydia and Hinterbuchner, Lynne and Ibanez, Borja and Ikonomidis, Ignatios and James, Stefan and Kahan, Thomas and Kallenbach, Klaus and Køber, Lars and Koskinas, Konstantinos C and Madaric, Juraj and Maurel, Blandine and McEvoy, John William and Meltzer, Gil and Mihaylova, Borislava and Mindham, Richard and Mozos, Ioana and Nielsen, Jens Cosedis and Prescott, Eva and Rakisheva, Amina and Rantner, Barbara and Rocca, Bianca and Rossello, Xavier and Schmid, Jean Paul and Staub, Daniel and Steiner, Sabine and Sudano, Isabella and Teraa, Martin and Vaartjes, Ilonca and Vidal-Perez, Rafael and Vrints, Christiaan and Zeppenfeld, Katja and Bouzid, Mohammed El Amine and Tsaturyan, Arsen A and Karth, Georg Delle and Samadov, Fuad and Bondue, Antoine and Begić, Alden and Petrov, Ivo and Kirhmajer, Majda Vrkic and Georghiou, Georgios P and Procházka, Pavel and Rasmussen, Torsten B and Sadek, Yasser A and Truusalu, Jaagup and Saari, Petri and Jondeau, Guillaume and Tiefenbacher, Christiane and Stamatelopoulos, Kimon and Kolossváry, Endre and Laxdal, Elín Hanna and Monaghan, Monica and Koslowsky, Jonathan and Indolfi, Ciro and Kospanov, Nursultan and Ibrahimi, Pranvera and Lunegova, Olga and Rudzitis, Ainars and Berūkštis, Andrius and Lottermoser, Katja and Caruana, Maryanne and Zainab, Raissuni and Bosevski, Marijan and Samstad, Stein and Timoteo, Ana Teresa and Chioncel, Ovidiu Dragomir and Pavesi, Pier Camillo and Rasiova, Maria and Jug, Borut and Gomez, Ariana González and Righini, Marc and Tarmiz, Amine and Tutar, Eralp and Sokolov, Maksym and Baigent, Colin and Neubeck, Lis and Witkowski, Adam",2024,European Heart Journal,10.1093/eurheartj/ehae179,https://www.scopus.com/pages/publications/85205043306?origin=resultslist,3538 - 3700,45,36,Article,Cited by: 988; All Open Access; Green Open Access,True,False,True
Chen2025,ARTICLE,Cell-specific mRNA delivery via nanobody-functionalized lipid nanoparticles,"Chen, Linglong and Van Der Weken, Hans and Zwaenepoel, Olivier and Okkelman, Irina A. and Aelvoet, Justine and Van Denberghe, Emma and Gettemans, Jan and Dmitriev, Ruslan I. and De Geest, Bruno G. and Cox, Eric and Devriendt, Bert",2025,Journal of Controlled Release,10.1016/j.jconrel.2025.114365,https://www.scopus.com/pages/publications/105020255071?origin=resultslist,,388,,Article,Cited by: 8; All Open Access; Green Open Access; Hybrid Gold Open Access,True,True,True
Swift20241547,ARTICLE,Real-World Treatment Patterns Among Patients with Type 2 Diabetes Mellitus Initiating Treatment with Oral Semaglutide,"Swift, Caroline and Frazer, Monica S. and Gronroos, Noelle N. and Sargent, Andrew and Leszko, Michael and Buysman, Erin and Alvarez, Sara and Dunn, Tyler J. and Noone, Josh and Guevarra, Mico",2024,Diabetes Therapy,10.1007/s13300-024-01589-4,https://www.scopus.com/pages/publications/85192466061?origin=resultslist,1547 - 1559,15,7,Article,Cited by: 2; All Open Access; Gold Open Access; Green Open Access,True,True,True
Sun2025,ARTICLE,Advances and challenges in research methods on oral absorption mechanisms of nano-formulations,"Sun, Shu-jun and Liu, Yi-Tong and Nie, Jin-Yu and Hu, Zheng-Yang and Liu, Ze-Rong and Chen, Hao and Hua, Yong-zhi and Feng, Shan and Yi, Tao and Zhang, Ji-Fen",2025,PeerJ,10.7717/peerj.20032,https://www.scopus.com/pages/publications/105021240378?origin=resultslist,,13,,Article,Cited by: 5; All Open Access; Gold Open Access; Green Open Access,True,True,True
Jendle20252311,ARTICLE,Cost-Utility of Real-Time Continuous Glucose Monitoring Versus Self-monitoring of Blood Glucose in People with Insulin-Treated Type 2 Diabetes in Sweden,"Jendle, Johan and Ilham, Sabrina and Alshannaq, Hamza and Matuoka, Jessica Y. and Pollock, Richard F. and Ahmed, Waqas and Norman, Gregory J.",2025,Diabetes Therapy,10.1007/s13300-025-01811-x,https://www.scopus.com/pages/publications/105020440339?origin=resultslist,2311 - 2331,16,12,Article,Cited by: 1; All Open Access; Gold Open Access; Green Open Access,True,True,True
De Meyer2026e0120,ARTICLE,Preoperative fasting guidelines: A narrative review,"De Meyer, Maud and Romero, Carolina S. and Van de Velde, Marc",2026,Journal of Historical Pragmatics,10.1097/EA9.0000000000000120,https://www.scopus.com/pages/publications/105046760338?origin=resultslist,e0120,5,4,Article,Cited by: 0; All Open Access; Gold Open Access; Green Open Access,True,True,True
Im2026,ARTICLE,Overcoming Gastric Barriers for Oral Peptide Delivery: QbD-Based Development of Sodium Caprate-Enabled Tirzepatide Tablets,"Im, Seokhyun and Lee, Ji-Yoon and Kim, Joo-Eun",2026,Pharmaceutics,10.3390/pharmaceutics18070826,https://www.scopus.com/pages/publications/105045745408?origin=resultslist,,18,7,Article,Cited by: 0; All Open Access; Gold Open Access; Green Open Access,True,True,True
Sonne2026,ARTICLE,Generation and characterisation of a humanised GLP-1 receptor mouse model for translational drug development,"Sonne, Nina and Roque, Micaela and Zachariassen, Line Fisker and Porsgaard, Trine and Pors, Susanne E. and Cavalera, Michele and Jones, Christopher and Osborn, Olivia and Thorbek, Ditte Dencker and Riis, Malene Lundgaard and Feigh, Michael and Quinn, Kevin and Gaidarov, Ibragim and Anthony, Todd and Hansen, Henrik H. and Tozzi, Marco",2026,eBioMedicine,10.1016/j.ebiom.2026.106121,https://www.scopus.com/pages/publications/105027772142?origin=resultslist,,124,,Article,Cited by: 7; All Open Access; Gold Open Access; Green Open Access,True,True,True
Berselli2024,ARTICLE,Therapeutic Peptides and Proteins: Stabilization Challenges and Biomedical Applications by Means of Nanodelivery Systems,"Berselli, Elisa and Coccolini, Carlotta and Tosi, Giovanni and Gökçe, Evren H. and Oliveira, M. Beatriz P. P. and Fathi, Faezeh and Krambeck, Karolline and Souto, Eliana B.",2024,International Journal of Peptide Research and Therapeutics,10.1007/s10989-024-10592-z,https://www.scopus.com/pages/publications/85186433054?origin=resultslist,,30,2,Article,Cited by: 15; All Open Access; Green Open Access; Hybrid Gold Open Access,True,True,True
Li2025,ARTICLE,Transdermal Semaglutide Administration in Mice: Reduces Body Weight by Suppressing Appetite and Enhancing Metabolic Rate,"Li, Wenjing and Cai, Ruilin and Yin, Binxin and Zhou, Yingying and Dong, Xinyuan and Li, Wenting and Wen, Jing",2025,Biology,10.3390/biology14050575,https://www.scopus.com/pages/publications/105006680470?origin=resultslist,,14,5,Article,Cited by: 4; All Open Access; Gold Open Access; Green Open Access,True,True,True
Keith20245601,ARTICLE,Energy Landscapes and Structural Ensembles of Glucagon-like Peptide-1 Monomers,"Keith, Alasdair D. and Brichtová, Eva Přáda and Barber, Jack G. and Wales, David J. and Jackson, Sophie E. and Röder, Konstantin",2024,Journal of Physical Chemistry B,10.1021/acs.jpcb.4c01794,https://www.scopus.com/pages/publications/85195255543?origin=resultslist,5601 - 5611,128,23,Article,Cited by: 5; All Open Access; Green Open Access; Hybrid Gold Open Access,True,True,True
Sillassen2025,ARTICLE,The adverse effects associated with semaglutide use in patients at increased risk of cardiovascular events: a systematic review with meta-analysis and Trial Sequential Analysis,"Sillassen, Christina Dam Bjerregaard and Petersen, Johanne Juul and Faltermeier, Pascal and Yucel, Delal and Siddiqui, Faiza and Andersen, Rebecca Kjær and Graever, Leonardo and Bjerg, Jonas Leth and Kamp, Caroline Barkholt and Grand, Johannes and Dominguez, Helena and Frølich, Anne and Gæde, Peter and Gluud, Christian and Mathiesen, Ole and Jakobsen, Janus Christian",2025,BMC Medicine,10.1186/s12916-025-04486-0,https://www.scopus.com/pages/publications/105022761514?origin=resultslist,,23,1,Article,Cited by: 3; All Open Access; Gold Open Access; Green Open Access,True,True,True
Talay2024181,ARTICLE,Patient Satisfaction with an Australian Digital Weight-Loss Service: A Comparative Retrospective Analysis,"Talay, Louis and Vickers, Matt and Wu, Sally",2024,Telemedicine Reports,10.1089/tmr.2024.0023,https://www.scopus.com/pages/publications/85198638326?origin=resultslist,181 - 186,5,1,Article,Cited by: 3; All Open Access; Gold Open Access; Green Open Access,True,True,True
Chew2024,ARTICLE,Type 2 diabetes mellitus and cardiometabolic outcomes in metabolic dysfunction-associated steatotic liver disease population,"Chew, Nicholas W.S. and Pan, Xin Hui and Chong, Bryan and Chandramouli, Chanchal and Muthiah, Mark and Lam, Carolyn S.P.",2024,Diabetes Research and Clinical Practice,10.1016/j.diabres.2024.111652,https://www.scopus.com/pages/publications/85190895593?origin=resultslist,,211,,Article,Cited by: 53; All Open Access; Green Open Access,True,False,True
Fagan20253999,ARTICLE,Impact of Permeation Enhancers on the Release of Insulin from Tablets in Biorelevant Media,"Fagan, Andrew and Bateman, Lorraine M. and Crean, Abina M. and O’Shea, Joseph P. and Taylor, Lynne S.",2025,Molecular Pharmaceutics,10.1021/acs.molpharmaceut.5c00249,https://www.scopus.com/pages/publications/105008305976?origin=resultslist,3999 - 4008,22,7,Article,Cited by: 8; All Open Access; Green Open Access; Hybrid Gold Open Access,True,True,True
Colazo20251366,ARTICLE,siRNA conjugate with high albumin affinity and degradation resistance for delivery and treatment of arthritis in mice and guinea pigs,"Colazo, Juan M. and Keech, Megan C. and Shah, Veeraj and Hoogenboezem, Ella N. and Lo, Justin H. and Francini, Nora and Cassidy, Nina T. and Yu, Fang and Sorets, Alexander G. and McCune, Joshua T. and DeJulius, Carlisle R. and Cho, Hongsik and Michell, Danielle L. and Maerz, Tristan and Vickers, Kacey C. and Gibson-Corley, Katherine N. and Hasty, Karen A. and Crofford, Leslie J. and Cook, Rebecca S. and Duvall, Craig L.",2025,Nature Biomedical Engineering,10.1038/s41551-025-01376-x,https://www.scopus.com/pages/publications/105005103646?origin=resultslist,1366 - 1383,9,8,Article,Cited by: 18; All Open Access; Green Open Access; Hybrid Gold Open Access,True,True,True
Tentolouris20266347,ARTICLE,GLP-1 Receptor Agonist Therapy and Cardiorenal Outcomes in Type 1 Diabetes: A Propensity-Matched Real-World Analysis,"Tentolouris, Anastasios and Filippatos, Charalampos and Tepetes, Nikolaos-Iason and Gavriatopoulou, Maria and Terpos, Evangelos and Briasoulis, Alexandros and Stamatelopoulos, Kimon and Filippatos, Theodosios",2026,"Diabetes, Obesity and Metabolism",10.1111/dom.70841,https://www.scopus.com/pages/publications/105038155789?origin=resultslist,6347 - 6357,28,7,Article,Cited by: 2; All Open Access; Green Open Access; Hybrid Gold Open Access,True,True,True
Kim2024,ARTICLE,Enhanced Oral Efficacy of Semaglutide via an Ionic Nanocomplex with Organometallic Phyllosilicate in Type 2 Diabetic Rats,"Kim, Gyu Lin and Song, Jae Geun and Han, Hyo-Kyung",2024,Pharmaceutics,10.3390/pharmaceutics16070886,https://www.scopus.com/pages/publications/85199652007?origin=resultslist,,16,7,Article,Cited by: 17; All Open Access; Gold Open Access; Green Open Access,True,True,True
Chu20244674,ARTICLE,Real-world impact of adding a glucagon-like peptide-1 receptor agonist compared with basal insulin on metabolic targets in adults living with type 2 diabetes and chronic kidney disease already treated with a sodium-glucose co-transporter-2 inhibitor: The Impact GLP-1 CKD study,"Chu, Lisa and Bradley, Ryan M. and Auerbach, Pernille and Abitbol, Alexander",2024,"Diabetes, Obesity and Metabolism",10.1111/dom.15834,https://www.scopus.com/pages/publications/85200673217?origin=resultslist,4674 - 4683,26,10,Article,Cited by: 9; All Open Access; Hybrid Gold Open Access,True,True,False
Chavanelle2025,ARTICLE,Totum-448 Improves MASLD and Modulates Microbiota in Hamsters: Dose–Response Study and Effects of Supplementation Cessation,"Chavanelle, Vivien and Vallier, Marie and Otero, Yolanda F. and Ripoche, Doriane and Le Joubioux, Florian and Maugard, Thierry and Ennequin, Gaël and Hervieu, Valérie and Peltier, Sébastien and Sirvent, Pascal",2025,Food Science and Nutrition,10.1002/fsn3.70904,https://www.scopus.com/pages/publications/105014899208?origin=resultslist,,13,9,Article,Cited by: 1; All Open Access; Green Open Access; Hybrid Gold Open Access,True,True,True
Ali2025,ARTICLE,Reduced insulin use and diabetes complications upon introduction of SGLT-2 inhibitors and GLP1-receptor agonists in low- and middle-income countries: A microsimulation,"Ali, Mohammed K. and Aryal, Krishna K. and Atun, Rifat and Bahendeka, Silver K. and Bärnighausen, Till and Basu, Sanjay and Beran, David H. and Bicaba, Brice W. and Bovet, Pascal and Brant, Luisa Campos Caldeira and Damasceno, Albertino and Davies, Justine and Flood, David and Geldsetzer, Pascal and Gurung, Mongal S. and Guwatudde, David and Houehanou, Corine and Jorgensen, Jutta M.A. and Karki, Khem B. and Oh, Sylvia Kehlenbrink and Lipska, Kasia and Luo, Jing and Malta, Deborah C. and Manne-Goehler, Jen and Martins, Joao S. and Mayige, Mary T. and Moghaddam, Sahar Saeedi and Mwalim, Omar and Mwangi, Kibachio Joseph and Norov, Bolormaa and Sibai, Abla Mehio and Teufel, Felix and Theilmann, Michaela and Vollmer, Sebastian and Yudkin, John S. and Zhumadilov, Zhaxybay",2025,PLoS Medicine,10.1371/journal.pmed.1004559,https://www.scopus.com/pages/publications/105002785136?origin=resultslist,,22,4 April,Article,Cited by: 3; All Open Access; Gold Open Access; Green Open Access,True,True,True
Ou2026,ARTICLE,Post-marketing safety of tarlatamab in small cell lung cancer based on FAERS and WHO-VigiAccess with SHAP-based interpretable machine learning analysis of immune-related adverse events,"Ou, Yingyong and Zhong, Xianxian and Mei, Mei and Gu, Xiao and Luo, Shanshan and Chen, Gaoyu and Xie, Xuqin and Sun, Desheng",2026,Frontiers in Pharmacology,10.3389/fphar.2026.1844248,https://www.scopus.com/pages/publications/105044512442?origin=resultslist,,17,,Article,Cited by: 0; All Open Access; Gold Open Access; Green Open Access,True,True,True
Birro2025,ARTICLE,Unlocking the potential of microfluidic assisted formulation of exenatide-loaded solid lipid nanoparticles,"Birro, Büşra Arpaç and Pesce, Cristiano and Tognetti, Francesco and Fragassi, Agnese and Casagrande, Lisa and Garofalo, Mariangela and Salmaso, Stefano and Caliceti, Paolo",2025,International Journal of Pharmaceutics,10.1016/j.ijpharm.2025.125686,https://www.scopus.com/pages/publications/105005206799?origin=resultslist,,678,,Article,Cited by: 2; All Open Access; Green Open Access; Hybrid Gold Open Access,True,True,True
Deák2026,ARTICLE,Optimizing Self-Emulsifying Drug Delivery Systems for the Oral Delivery of a Hydrophobic Ion-Paired Lysozyme Complex,"Deák, Martin and Aslan, Nur and Ramadan, Eslam and Kristó, Katalin and Katona, Gábor and Sovány, Tamás",2026,Pharmaceutics,10.3390/pharmaceutics18020275,https://www.scopus.com/pages/publications/105031304489?origin=resultslist,,18,2,Article,Cited by: 1; All Open Access; Gold Open Access; Green Open Access,True,True,True
Meléndez-Martínez2024,ARTICLE,Bioprospection of rattlesnake venom peptide fractions with anti-adipose and anti-insulin resistance activity in vitro,"Meléndez-Martínez, David and Ortega-Hernández, Erika and Reza-Zaldívar, Edwin Estefan and Carbajal-Saucedo, Alejandro and Arnaud-Franco, Gustavo and Gatica-Colima, Ana and Plenge-Tellechea, Luis Fernando and Antunes-Ricardo, Marilena and Jacobo-Velázquez, Daniel A. and Mayolo-Deloisa, Karla and Lozano, Omar and Rito-Palomares, Marco and Benavides, Jorge",2024,Toxicon: X,10.1016/j.toxcx.2024.100209,https://www.scopus.com/pages/publications/85205317108?origin=resultslist,,24,,Article,Cited by: 2; All Open Access; Gold Open Access; Green Open Access,True,True,True
Jiang2026607,ARTICLE,FAP-targeted gastrodin nanoparticles in responsive hydrogel alleviate cardiac fibrosis via fibroblast metabolic reprogramming,"Jiang, Yongliang and Li, Hao and Yang, Lin and Niu, Shiwei and Zheng, Qi and Yang, Ping and Li, Limei and Yin, Gaosheng and Li, Shuangxiu and Shi, Hongdong and Sun, Lin and Lu, Di",2026,Bioactive Materials,10.1016/j.bioactmat.2026.02.052,https://www.scopus.com/pages/publications/105034674335?origin=resultslist,607 - 622,62,,Article,Cited by: 0; All Open Access; Gold Open Access; Green Open Access,True,True,True
Mullins2024361,ARTICLE,"Tirzepatide Immunogenicity on Pharmacokinetics, Efficacy, and Safety: Analysis of Data From Phase 3 Studies","Mullins, Garrett R. and Hodsdon, Michael E. and Li, Ying Grace and Anglin, Greg and Urva, Shweta and Schneck, Karen and Bardos, Jennifer N. and Martins, Ricardo Fonseca and Brown, Katelyn and Calderon, Boris",2024,Journal of Clinical Endocrinology and Metabolism,10.1210/clinem/dgad532,https://www.scopus.com/pages/publications/85182954154?origin=resultslist,361 - 369,109,2,Article,Cited by: 23; All Open Access; Green Open Access; Hybrid Gold Open Access,True,True,True
Khan2026,ARTICLE,"Intranasal delivery of Semaglutide using a thermoresponsive PNPHO nanocarrier: formulation development, characterization and biological evaluation","Khan, Tanisha Tabassum Sayka and Wong, Chun Yuen Jerry and Sheikh, Zara and Fathi, Ali and Maleknia, Simin and Oveissi, Farshad and Abrams, Terence and van der Hoven, Julia and Altena, Amy and Johnson, Emily and Eastwood, Zoe and Murray, Michael and Suman, Julie and Tietz, Ole and Ong, Hui Xin and Traini, Daniela",2026,International Journal of Pharmaceutics,10.1016/j.ijpharm.2026.127363,https://www.scopus.com/pages/publications/105049122272?origin=resultslist,,703,,Article,Cited by: 0; All Open Access; Hybrid Gold Open Access,True,True,False
Liang20252557,ARTICLE,Evaluation of Luteolin Nanosuspensions on Pharmacokinetics of Atorvastatin: Drug-Drug Interactions Using Rat Models,"Liang, You and Sun, Bo and Yang, Min and Meng, Xiaona and Wang, Meng and Yang, Lijuan and Ai-Hamyari, Bandar and Zhang, Yuqian and Shen, Yutong and Meng, Shengnan",2025,International Journal of Nanomedicine,10.2147/IJN.S492141,https://www.scopus.com/pages/publications/86000315394?origin=resultslist,2557 - 2573,20,,Article,Cited by: 5; All Open Access; Gold Open Access; Green Open Access,True,True,True
Charchar202423,ARTICLE,Lifestyle management of hypertension: International Society of Hypertension position paper endorsed by the World Hypertension League and European Society of Hypertension,"Charchar, Fadi J. and Prestes, Priscilla R. and Mills, Charlotte and Ching, Siew Mooi and Neupane, Dinesh and Marques, Francine Z. and Sharman, James E. and Vogt, Liffert and Burrell, Louise M. and Korostovtseva, Lyudmila and Zec, Manja and Patil, Mansi and Schultz, Martin G. and Wallen, Matthew P. and Renna, Nicolás F. and Islam, Sheikh Mohammed Shariful and Hiremath, Swapnil and Gyeltshen, Tshewang and Chia, Yook-Chin and Gupta, Abhinav and Schutte, Aletta E. and Klein, Britt and Borghi, Claudio and Browning, Colette J. and Czesnikiewicz-Guzik, Marta and Lee, Hae-Young and Itoh, Hiroshi and Miura, Katsuyuki and Brunström, Mattias and Campbell, Norm R.C. and Akinnibossun, Olutope Arinola and Veerabhadrappa, Praveen and Wainford, Richard D. and Kruger, Ruan and Thomas, Shane A. and Komori, Takahiro and Ralapanawa, Udaya and Cornelissen, Véronique A. and Kapil, Vikas and Li, Yan and Zhang, Yuqing and Jafar, Tazeen H. and Khan, Nadia and Williams, Bryan and Stergiou, George and Tomaszewski, MacIej",2024,Journal of Hypertension,10.1097/HJH.0000000000003563,https://www.scopus.com/pages/publications/85174338943?origin=resultslist,23 - 49,42,1,Article,Cited by: 267; All Open Access; Green Open Access; Hybrid Gold Open Access,True,True,True
Wu2026,ARTICLE,Efficacy and safety of anti-prediabetic drugs in patients with prediabetes: a Bayesian network meta-analysis,"Wu, Yike and Wang, Zihan and Tuersun, Adili and Yu, Qiuxia and Zhong, Yu and Ali, Shah Syed Alfakhar and Liu, Haiyang and Hu, Xinyi and Zhang, Yanfei and Pang, Liyuan and Li, Longzhou and Gao, Long and Wu, Qiwen and Wang, Shan and Cui, Meng and Sun, Linglu and Wu, Yulin and Yin, Antong and Zhang, Lei and Ma, Guo",2026,BMC Medicine,10.1186/s12916-026-04705-2,https://www.scopus.com/pages/publications/105034457395?origin=resultslist,,24,1,Article,Cited by: 0; All Open Access; Gold Open Access; Green Open Access,True,True,True
Butt2024,ARTICLE,Long-Term clinical efficacy of liraglutide for type 2 diabetes: real-world evidence and outcomes from Pakistan,"Butt, Muhammad Daoud and Ong, Siew Chin and Rafiq, Azra and Batool, Nighat and Saifi, Rumana and Yaseen, Samina and Kaukab, Irum and Ramzan, Basit",2024,Journal of Pharmaceutical Policy and Practice,10.1080/20523211.2024.2432462,https://www.scopus.com/pages/publications/85211769224?origin=resultslist,,17,1,Article,Cited by: 4; All Open Access; Gold Open Access; Green Open Access,True,True,True
Sharma20245347,ARTICLE,Elucidating the role of weight loss and glycaemic control in patients with type 2 diabetes,"Sharma, Anukriti and Mariam, Arshiya and Zacherle, Emily and Milinovich, Alex and Bauman, Janine and Sugano, David S. and Noone, Josh and Rajpura, Jigar R. and Zimmerman, Robert S. and Burguera, Bartolome and Kattan, Michael W. and Misra-Hebert, Anita D. and Pantalone, Kevin M. and Rotroff, Daniel M.",2024,"Diabetes, Obesity and Metabolism",10.1111/dom.15896,https://www.scopus.com/pages/publications/85202204417?origin=resultslist,5347 - 5357,26,11,Article,Cited by: 4; All Open Access; Hybrid Gold Open Access,True,True,False
Lin2026,ARTICLE,Lipidation of the KV1.3 blocking peptide HsTX1[R14A] alters its pharmacokinetics and biodistribution,"Lin, Lihuan and Mitchell, Thomas R. and Sanches, Karoline and Abdallah, Mohammad and Ren, Yuxiang and Farooq, Muhammad Asim and Song, Hefeng and Qu, Jinghan and Chen, Zengke and De Nardo, William and McCague, Roisin and Naseem, Muhammad Umair and Panyi, Gyorgy and Babu Reddiar, Sanjeevini and Wai, Dorothy C.C. and Norton, Raymond S. and Trevaskis, Natalie L.",2026,International Journal of Pharmaceutics,10.1016/j.ijpharm.2026.127198,https://www.scopus.com/pages/publications/105047701820?origin=resultslist,,702,,Article,Cited by: 0; All Open Access; Hybrid Gold Open Access,True,True,False
Vrints20243415,ARTICLE,2024 ESC Guidelines for the management of chronic coronary syndromes,"Vrints, Christiaan and Andreotti, Felicita and Koskinas, Konstantinos C. and Rossello, Xavier and Adamo, Marianna and Ainslie, James and Banning, Adrian Paul and Budaj, Andrzej and Buechel, Ronny R. and Chiariello, Giovanni Alfonso and Chieffo, Alaide and Christodorescu, Ruxandra Maria and Deaton, Christi and Doenst, Torsten and Jones, Hywel W. and Kunadian, Vijay and Mehilli, Julinda and Milojevic, Milan and Piek, Jan J. and Pugliese, Francesca and Rubboli, Andrea and Semb, Anne Grete and Senior, Roxy and ten Berg, Jurrien M. and Van Belle, Eric and Van Craenenbroeck, Emeline M. and Vidal-Perez, Rafael and Winther, Simon and Borger, Michael and Gudmundsdóttir, Ingibjörg J. and Knuuti, Juhani and Ahrens, Ingo and Böhm, Michael and Buccheri, Sergio and Capodanno, Davide and Christiansen, Evald Høj and Collet, Jean-Philippe and Dickstein, Kenneth and Eek, Christian and Falk, Volkmar and Henriksen, Peter A. and Ibanez, Borja and James, Stefan and Kedev, Sasko and Køber, Lars and Kyriakou, Martha and Magavern, Emma F. and McInerney, Angela and McEvoy, John William and Mersha, Caius Ovidiu and Mihaylova, Borislava and Mindham, Richard and Neubeck, Lis and Neumann, Franz-Josef and Nielsen, Jens Cosedis and Paolisso, Pasquale and Paradies, Valeria and Pasquet, Agnes A. and Piepoli, Massimo and Prescott, Eva and Rakisheva, Amina and Rocca, Bianca and Ruel, Marc and Sandner, Sigrid and Saraste, Antti and Szummer, Karolina and Vaartjes, Ilonca and Wijns, William and Windecker, Stephan and Witkowsky, Adam and Zdrakovic, Marija and Zeppenfeld, Katja and Shuka, Naltin and Bouraghda, Mohamed Abed and Hayrapetyan, Hamlet G. and Reinstadler, Sebastian J. and Musayev, Ogtay and De Pauw, Michel and Kušljugić, Zumreta and Gelev, Valeri and Skoric, Bosko and Karakyriou, Maria and Kovarnik, Tomas and Nielsen, Lene H. and Abdel-Aziz, Islam Sh. and Ainla, Tiia and Porela, Pekka and Benamer, Hakim and Nadaraia, Kakha and Richardt, Gert and Papafaklis, Michail I. and Becker, Dávid and Wolak, Arik and Riccio, Carmine and Zholdin, Bekbolat Kulzhanovich and Elezi, Shpend and Abilova, Saamay and Mintale, Iveta and Allam, Bachir and Badarienė, Jolita and Pereira, Bruno and Dingli, Philip and Revenco, Valeriu and Bulatovic, Nebojsa and Benouna, El Ghali Mohamed and Dedic, Admir and Mitevska, Irena and Angel, Kristin and Bryniarski, Krzysztof and Luz, André Miguel Coimbra and Popescu, Bogdan Alexandru and Bertelli, Luca and Beleslin, Branko Dušan and Hudec, Martin and Fras, Zlatko and Freixa-Pamias, Román and Holm, Anna and Jeger, Raban and Marjeh, Mhd Yassin Bani and Hammami, Rania and Aytekin, Vedat and Nesukay, Elena G. and Swanson, Neil and Shek, Aleksandr Borisovich",2024,European Heart Journal,10.1093/eurheartj/ehae177,https://www.scopus.com/pages/publications/85204602708?origin=resultslist,3415 - 3537,45,36,Article,Cited by: 2637; All Open Access; Green Open Access,True,False,True
Lopez2025,ARTICLE,Sex-specific effects of appetite suppressants on stereotypy in rats,"Lopez, Axl and Gil-Lievana, Elvi and Gutierrez, Ranier",2025,PLOS ONE,10.1371/journal.pone.0325067,https://www.scopus.com/pages/publications/105008990868?origin=resultslist,,20,6 June,Article,Cited by: 0; All Open Access; Gold Open Access; Green Open Access,True,True,True
Kang2025582,ARTICLE,2025 clinical practice guidelines for diabetes management in korea: Recommendation of the korean diabetes association,"Kang, Shinae and Kang, Seon Mee and Choi, Jong Han and Ko, Seung-Hyun and Koo, Bo Kyung and Kwon, Hyuk-Sang and Kim, Mi Kyung and Kim, Sang Yong and Kim, Soo-Kyung and Kim, Young-Eun and Kim, Eun Sook and Kim, Jae Hyeon and Kim, Chong Hwa and Kim, Ji Min and Kim, Hae Jin and Moon, Min Kyong and Moon, Sun Joon and Moon, Jun Sung and Moon, Joon Ho and Min, Se Hee and Park, Jung Hwan and Bae, Jaehyun and Song, Keeho and Ahn, Ji Yoon and Yun, Jae-Seung and Lee, Woo Je and Lee, You-Bin and Chon, Suk and Jeon, Eonju and Jin, Sang-Man and Han, Eugene and Hwang, You-Cheol and Bae, Jae Hyun and Song, Yoon Ju and Lim, Jeong Hyun and Cho, Jae Won and Choi, Ji Yeon and Hong, Yong Hee and Lee, Jieun and Kim, Sung Eun and Noh, Ji Yun and Cha, Bong-Soo and Lee, Byung-Wan",2025,Diabetes and Metabolism Journal,10.4093/dmj.2025.0469,https://www.scopus.com/pages/publications/105010974874?origin=resultslist,582 - 783,49,4,Article,Cited by: 37; All Open Access; Gold Open Access; Green Open Access,True,True,True
Boye2026,ARTICLE,Development of the Patient Satisfaction with Medication for Diabetes (PSMD) questionnaire,"Boye, Kristina S. and Stewart, Katie D. and Matza, Louis S. and Soucier-Ernst, Danielle and Houle, Christy and Goetz, Iris and Patel, Hiren and Kanu, Chisom",2026,Journal of Patient-Reported Outcomes,10.1186/s41687-026-01037-w,https://www.scopus.com/pages/publications/105037661833?origin=resultslist,,10,1,Article,Cited by: 0; All Open Access; Gold Open Access; Green Open Access,True,True,True
Zangabad2024,ARTICLE,Porous Silicon Microparticles Enable Sustained Release of GLP-1R Agonist Peptides for the Treatment of Type 2 Diabetes,"Zangabad, Parham Sahandi and Vasani, Roshan B and Tong, Ziqiu and Anderson, Dovile and Rudd, David and Hick, Caroline A. and Wootten, Denise and Sexton, Patrick M. and Yan, Li and Esser, Lars and Voelcker, Nicolas H.",2024,Advanced Therapeutics,10.1002/adtp.202400136,https://www.scopus.com/pages/publications/85200870934?origin=resultslist,,7,12,Article,Cited by: 8; All Open Access; Hybrid Gold Open Access,True,True,False
Saha2024,ARTICLE,Preclinical Development of a Genetically Engineered Albumin-Binding Nanoparticle of Paclitaxel,"Saha, Soumen and Banskota, Samagya and Yousefpour, Parisa and Schaal, Jeffrey L. and Zakharov, Nikita and Liu, Jianqiao and Dzuricky, Michael and He, Ziwei and Roberts, Stefan and Li, Xinghai and Chilkoti, Ashutosh",2024,Small Science,10.1002/smsc.202400153,https://www.scopus.com/pages/publications/85204772199?origin=resultslist,,4,11,Article,Cited by: 11; All Open Access; Gold Open Access; Green Open Access,True,True,True
Dearden20251,ARTICLE,Incretin receptor agonism during pregnancy: implications for mother and baby,"Dearden, Laura and Ozanne, Susan E.",2025,Clinical Science,10.1042/CS20258493,https://www.scopus.com/pages/publications/105024146494?origin=resultslist,1 - 14,139,23,Article,Cited by: 5; All Open Access; Green Open Access; Hybrid Gold Open Access,True,True,True
Talay2024187,ARTICLE,Why People with Overweight and Obesity Are Seeking Care Through Digital Obesity Services: A Qualitative Analysis of Patients from Australia’s Largest Digital Obesity Provider,"Talay, Louis and Vickers, Matt and Loftus, Sarah",2024,Telemedicine Reports,10.1089/tmr.2024.0031,https://www.scopus.com/pages/publications/85198668677?origin=resultslist,187 - 194,5,1,Article,Cited by: 8; All Open Access; Gold Open Access,True,True,False
Sukumar2026447,ARTICLE,Weight Loss Patterns and Clinical Outcomes of GLP1 Receptor Agonists in Breast Cancer Survivors,"Sukumar, Jasmine S. and Raghavendra, Akshara S. and Pasyar, Sarah and Bassett, Roland L. and Tripathy, Debu and Barcenas, Carlos H. and Basen-Engquist, Karen M. and Arun, Banu K.",2026,Cancer Research Communications,10.1158/2767-9764.CRC-25-0554,https://www.scopus.com/pages/publications/105031838831?origin=resultslist,447 - 455,6,3,Article,Cited by: 3; All Open Access; Gold Open Access; Green Open Access,True,True,True
Moon2026,ARTICLE,Psychiatric Safety Signals of GLP-1 Receptor Agonists: A FAERS-Based Pharmacovigilance Study with Explainable Machine Learning,"Moon, Suhyeon and Lee, EunJu and Kim, Doyeon and Choi, Kyung Hee and Choi, Yeo Jin and Shin, Sooyoung",2026,Pharmaceuticals,10.3390/ph19060953,https://www.scopus.com/pages/publications/105043206305?origin=resultslist,,19,6,Article,Cited by: 0; All Open Access; Gold Open Access; Green Open Access,True,True,True
Sun2026,ARTICLE,Metabolic Enzyme-Inspired Molecular Clusters for Advanced Type 2 Diabetic Complications by Alleviating Immunosuppression,"Sun, Si and Tian, Fangzhen and Qiao, Huanhuan and Xin, Qi and Zhang, Xinxu and Song, Nan and Yan, Yuxing and Liu, Ling and Wang, Yili and Zhang, Lijie and Chen, Ke and Yang, Jiang and Zhang, Shu and Zhang, Jianning and Li, Yonghui and Wang, Hao and Zhang, Xiao-Dong",2026,Advanced Materials,10.1002/adma.202518331,https://www.scopus.com/pages/publications/105026031572?origin=resultslist,,38,10,Article,Cited by: 6; All Open Access; Bronze Open Access,True,False,False
Burhanuddin2024,ARTICLE,The Impact of Paediatric Obesity on Drug Pharmacokinetics: A Virtual Clinical Trials Case Study with Amlodipine,"Burhanuddin, Khairulanwar and Mohammed, Afzal and Badhan, Raj K. S.",2024,Pharmaceutics,10.3390/pharmaceutics16040489,https://www.scopus.com/pages/publications/85191403154?origin=resultslist,,16,4,Article,Cited by: 4; All Open Access; Gold Open Access; Green Open Access,True,True,True
Purcell2026296,ARTICLE,Glucagon-like peptide-1 receptor agonist treatment reduces body weight and improves glycaemic outcomes in patients with concurrent overweight/obesity and type 1 diabetes: A systematic review and meta-analysis,"Purcell, Amanda R. and Zhen, Xi May and Wong, Jencia and Glastras, Sarah J.",2026,"Diabetes, Obesity and Metabolism",10.1111/dom.70188,https://www.scopus.com/pages/publications/105019254588?origin=resultslist,296 - 305,28,1,Article,Cited by: 8; All Open Access; Hybrid Gold Open Access,True,True,False
Li2026810,ARTICLE,One-step assembly of astaxanthin-loaded probiotic-derived extracellular vesicles: a strategy for enhancing absorption and alleviating oxidative stress,"Li, Xueqian and Wang, Kuiyou and Huang, Kexin and Zhong, Tian and Ge, Peng and Tan, Mingqian",2026,Marine Life Science and Technology,10.1007/s42995-026-00404-2,https://www.scopus.com/pages/publications/105045282041?origin=resultslist,810 - 827,8,3,Article,Cited by: 0; All Open Access; Green Open Access,True,False,True
Cazzaniga2026,ARTICLE,"Medicinal and Crop Protection Chemistry: Breaking Barriers, Building Synergies","Cazzaniga, Giulia and Fratello, Giusy L. and Apostle, Alexander T. and Orru, Roberto and Barber, David M. and Gazzola, Silvia",2026,ChemMedChem,10.1002/cmdc.70441,https://www.scopus.com/pages/publications/105048500884?origin=resultslist,,21,16,Article,Cited by: 0; All Open Access; Green Open Access; Hybrid Gold Open Access,True,True,True
Xie2025,ARTICLE,Dual-Targeted Glucose-Dependent Insulinotropic Polypeptide-Loaded Photothermal Nanoparticles to Prevent Obesity via Lipolysis and Browning of White Adipose Tissue,"Xie, Ting and Zhao, Lutang and Pei, Shurui and Wen, Kaikai and Fei, Sijia and Chen, Wan and Li, Zhengyang and Zhang, Long and Li, Linlin and Guo, Lixin and Huang, Hui and Pan, Qi",2025,Small Science,10.1002/smsc.202500300,https://www.scopus.com/pages/publications/105015101950?origin=resultslist,,5,11,Article,Cited by: 1; All Open Access; Gold Open Access; Green Open Access,True,True,True
Kim2026,ARTICLE,Energy-Metabolism-Enhancing Probiotics Enhance the Therapeutic Response to a Glucagon-like Peptide-1 Receptor Agonist,"Kim, A-Ram and Jeon, Seong-Gak and Park, So-Jung and Kim, Byoung-Kook and Kweon, Mi-Na and Jang, Myoung Ho and Yang, Bo-Gie",2026,Nutrients,10.3390/nu18071050,https://www.scopus.com/pages/publications/105035679057?origin=resultslist,,18,7,Article,Cited by: 1; All Open Access; Gold Open Access; Green Open Access,True,True,True
Schreiner2024,ARTICLE,Unlocking the potential of microfold cells for enhanced permeation of nanocarriers in oral drug delivery,"Schreiner, Jonas and Brettner, Felix E.B. and Gier, Stefanie and Vogel-Kindgen, Sarah and Windbergs, Maike",2024,European Journal of Pharmaceutics and Biopharmaceutics,10.1016/j.ejpb.2024.114408,https://www.scopus.com/pages/publications/85198746145?origin=resultslist,,202,,Article,Cited by: 5; All Open Access; Hybrid Gold Open Access,True,True,False
Watada2026989,ARTICLE,Cost-effectiveness analysis comparing real-time continuous glucose monitoring with self-monitoring of blood glucose for patients with type 2 diabetes treated with insulin in Japan,"Watada, Hirotaka and Tanaka, Shiro and Matuoka, Jessica Y. and Alshannaq, Hamza and Pollock, Richard F. and Field, Martin and Norman, Gregory J.",2026,Journal of Diabetes Investigation,10.1111/jdi.70279,https://www.scopus.com/pages/publications/105034864725?origin=resultslist,989 - 999,17,6,Article,Cited by: 0; All Open Access; Gold Open Access; Green Open Access,True,True,True
Yang2026,ARTICLE,Electroacupuncture enables semaglutide dose sparing in type 2 diabetes by boosting drug concentration and suppressing β-cell apoptosis,"Yang, Xinyi and Wu, Jiayue and Gao, Bing and Zhu, Yunmao and Sun, Yuchen and Ouyang, Ling and Wu, Bufan and Lan, Wenxiao and Zhang, Jing and Zhang, Yujie and Yuan, Binbin and Sun, Yitong and Zhu, Yuanbing and Fu, Shuping and Jing, Xinyue and Xu, Bin",2026,Frontiers in Endocrinology,10.3389/fendo.2026.1880819,https://www.scopus.com/pages/publications/105050166321?origin=resultslist,,17,,Article,Cited by: 0; All Open Access; Gold Open Access; Green Open Access,True,True,True
Hopewell2025,ARTICLE,CONSORT 2025 explanation and elaboration: updated guideline for reporting randomised trials,"Hopewell, Sally and Chan, An-Wen and Collins, Gary S. and Hróbjartsson, Asbjørn and Moher, David and Schulz, Kenneth F. and Tunn, Ruth and Aggarwal, Rakesh and Berkwits, Michael and Berlin, Jesse A. and Bhandari, Nita and Butcher, Nancy J. and Campbell, Marion K. and Chidebe, Runcie C.W. and Elbourne, Diana and Farmer, Andrew and Fergusson, Dean A. and Golub, Robert M. and Goodman, Steven N. and Hoffmann, Tammy C. and Ioannidis, John P.A. and Kahan, Brennan C. and Knowles, Rachel L. and Lamb, Sarah E. and Lewis, Steff and Loder, Elizabeth and Offringa, Martin and Ravaud, Philippe and Richards, Dawn P. and Rockhold, Frank W. and Schriger, David L. and Siegfried, Nandi L. and Staniszewska, Sophie and Taylor, Rod S. and Thabane, Lehana and Torgerson, David and Vohra, Sunita and White, Ian R. and Boutron, Isabelle",2025,BMJ,10.1136/bmj-2024-081124,https://www.scopus.com/pages/publications/105002766720?origin=resultslist,,389,,Article,Cited by: 349; All Open Access; Green Open Access; Hybrid Gold Open Access,True,True,True
Heinz2026,ARTICLE,Learning Mechanisms in Alcohol Use Disorders,"Heinz, Andreas and Icoez, Selin and Treusch, Yvonne and di Chiara, Gaetano and Halil, Melissa G.",2026,Addiction Biology,10.1111/adb.70168,https://www.scopus.com/pages/publications/105041930673?origin=resultslist,,31,6,Article,Cited by: 0; All Open Access; Gold Open Access; Green Open Access,True,True,True
Qiu20268651,ARTICLE,Stearic acid-modified PSMA-targeting peptide–drug conjugate for long-acting prostate cancer therapy,"Qiu, Ziwen and Zheng, Xiaorui and Pan, Shoumei and Zhong, Yingtao and Chen, Xiayun and Wen, Xuejun and Chen, Xin and Li, Shiying and Cheng, Hong and Chen, Xiaoyuan",2026,Chemical Science,10.1039/d5sc08259e,https://www.scopus.com/pages/publications/105032218279?origin=resultslist,8651 - 8661,17,17,Article,Cited by: 0; All Open Access; Gold Open Access; Green Open Access,True,True,True
Virani20251857,ARTICLE,Canadian Cardiovascular Society/Canadian Heart Failure Society 2025 Guideline Update for Pharmacologic Management of Heart Failure With Nonreduced Ejection Fraction (LVEF > 40%),"Virani, Sean and Zieroth, Shelley and Aleksova, Natasha and Anderson, Kim and Clarke, Brian and Ducharme, Anique and Ezekowitz, Justin A. and Foroutan, Farid and Giannetti, Nadia and Jain, Rahul and Lee, Douglas and Lepage, Serge and Lyons, Kristin and McDonald, Michael and McGuinty, Caroline and Mielniczuk, Lisa and O’Meara, Eileen and Poon, Stephanie and Siatecki, Kyla and Swiggum, Elizabeth and Toma, Mustafa and Turgeon, Ricky D. and Bains, Marc and Davis, Margot K. and De, Sabe and Fine, Nowell and Heshka, Jodi and Keen, Sabina and King, Alexandra and Lavoie, Andrea and Mak, Susanna and McCleary, Lynn and Outbih, Oussama and Pike, Rodolfo and Sharma, Abhinav and Van Spall, Harriette G.C. and Yip, Amelia Ming Ching",2025,Canadian Journal of Cardiology,10.1016/j.cjca.2025.07.027,https://www.scopus.com/pages/publications/105019413934?origin=resultslist,1857 - 1874,41,10,Article,Cited by: 14; All Open Access; Bronze Open Access,True,False,False
Arduino2026,ARTICLE,Microfluidic-assisted formulation of hydrophobic ion pairing-based solid lipid nanoparticles for semaglutide delivery,"Arduino, Ilaria and Iacobazzi, Rosa Maria and Pontrelli, Alessia and Racaniello, Giuseppe Francesco and Siliqi, Dritan and Tiboni, Mattia and Cutrignelli, Annalisa and Lopedota, Angela Assunta and Denora, Nunzio",2026,International Journal of Pharmaceutics,10.1016/j.ijpharm.2026.127291,https://www.scopus.com/pages/publications/105048555901?origin=resultslist,,703,,Article,Cited by: 0; All Open Access; Hybrid Gold Open Access,True,True,False
Dahan2026,ARTICLE,Is Oral Semaglutide a Good Fit for Patients After Metabolic Bariatric Surgery? A Biopharmaceutical Mechanistic Perspective,"Dahan, Almog Eliyahu and Azran, Carmil and Dahan, Arik",2026,Pharmaceutics,10.3390/pharmaceutics18040466,https://www.scopus.com/pages/publications/105037860645?origin=resultslist,,18,4,Article,Cited by: 0; All Open Access; Gold Open Access; Green Open Access,True,True,True
Fragozo-Ramos2025,ARTICLE,"GIP/GLP-1RA as adjunctive to automated insulin delivery in adults with Type 1 diabetes (the AID-JUNCT trial): Study protocol for a prospective, randomized, clinical trial","Fragozo-Ramos, Maria Carolina and Schenker, Gabriela and Hepprich, Matthias and Gallo-Villegas, Jaime and Züger, Thomas and Garcia-Tirado, Jose",2025,PLOS ONE,10.1371/journal.pone.0335060,https://www.scopus.com/pages/publications/105019187788?origin=resultslist,,20,10 October,Article,Cited by: 2; All Open Access; Gold Open Access; Green Open Access,True,True,True
Lassen20241762,ARTICLE,"Cardiovascular-kidney-metabolic overlap in heart failure with preserved ejection fraction: Cardiac structure and function, clinical outcomes, and response to sacubitril/valsartan in PARAGON-HF","Lassen, Mats C.H. and Ostrominski, John W. and Claggett, Brian L. and Packer, Milton and Zile, Michael and Desai, Akshay S. and Shah, Amil M. and Cikes, Maja and Merkely, Bela and Gori, Mauro and Wang, Xiaowen and Hegde, Sheila M. and Pfeffer, Marc A. and Lefkowitz, Martin and McMurray, John J.V. and Solomon, Scott D. and Vaduganathan, Muthiah",2024,European Journal of Heart Failure,10.1002/ejhf.3304,https://www.scopus.com/pages/publications/85197157488?origin=resultslist,1762 - 1774,26,8,Article,Cited by: 23; All Open Access; Bronze Open Access; Green Open Access,True,False,True
Pinto2024621,ARTICLE,Nanoparticles targeting the intestinal Fc receptor enhance intestinal cellular trafficking of semaglutide,"Pinto, Soraia and Hosseini, Mahya and Buckley, Stephen T. and Yin, Wen and Garousi, Javad and Gräslund, Torbjörn and van Ijzendoorn, Sven and Santos, Hélder A. and Sarmento, Bruno",2024,Journal of Controlled Release,10.1016/j.jconrel.2024.01.015,https://www.scopus.com/pages/publications/85182731048?origin=resultslist,621 - 636,366,,Article,Cited by: 41; All Open Access; Green Open Access; Hybrid Gold Open Access,True,True,True
Yang2025,ARTICLE,Design of potent and proteolytically stable double biaryl-stapled GLP-1R/GIPR peptide dual agonists,"Yang, Yifang and Lin, Qing",2025,Bioorganic and Medicinal Chemistry,10.1016/j.bmc.2025.118215,https://www.scopus.com/pages/publications/105003749350?origin=resultslist,,125,,Article,Cited by: 2; All Open Access; Green Open Access,True,False,True
Liu20241,ARTICLE,Efficacy of powder of ginsengporia and atractylodis macrocephalae combined with aerobic exercise in the treatment of obese T2DM: A randomized controlled clinical trial,"Liu, GuoXiang and Das, Sreemoy Kanti",2024,Electronic Journal of Biotechnology,10.1016/j.ejbt.2024.04.006,https://www.scopus.com/pages/publications/85197372099?origin=resultslist,1 - 9,71,,Article,Cited by: 0; All Open Access; Gold Open Access; Green Open Access,True,True,True
Wu20256463,ARTICLE,Brain Delivery Strategies for Biomacromolecular Drugs: Intranasal Administration,"Wu, Huanhuan and Li, Chenyu and Yuan, Hong and Zhao, Jingyuan and Li, Shuai",2025,International Journal of Nanomedicine,10.2147/IJN.S520768,https://www.scopus.com/pages/publications/105006949745?origin=resultslist,6463 - 6487,20,,Article,Cited by: 23; All Open Access; Gold Open Access; Green Open Access,True,True,True
Deusch20257344,ARTICLE,Coated glucose microbeads stimulate enteric hormone release and improve glucose tolerance in Phase 1 and 2 clinical trials,"Deusch, Kai and Deboek, Arthur and Sina, Christian and Capo-Velez, Coral and Alicea, Vivianette and Duller, Stephan and Grafe, Susanne and Lidington, Darcy and Hanchard, Julia and Bolz, Steffen-Sebastian",2025,"Diabetes, Obesity and Metabolism",10.1111/dom.70135,https://www.scopus.com/pages/publications/105016798065?origin=resultslist,7344 - 7354,27,12,Article,Cited by: 0; All Open Access; Green Open Access; Hybrid Gold Open Access,True,True,True
Sarwinska2025,ARTICLE,Real-life dosing conditions in older adults and geriatric patients in Poland – An international questionnaire study to investigate the regional differences in drug intake behaviour in the older population,"Sarwinska, Dorota and Miller, Marta and Arendt, Jagoda and Markiewicz, Michał and Michta, Katarzyna and Grimm, Michael and Balwicki, Łukasz and Weitschies, Werner",2025,European Journal of Pharmaceutical Sciences,10.1016/j.ejps.2024.107001,https://www.scopus.com/pages/publications/85213880605?origin=resultslist,,206,,Article,Cited by: 4; All Open Access; Gold Open Access,True,True,False
Kweon20242973,ARTICLE,Coordinated ASBT and EGFR Mechanisms for Optimized Liraglutide Nanoformulation Absorption in the GI Tract,"Kweon, Seho and Park, Seong Jin and Lee, Ha Kyeong and Kang, Seo Hee and Chang, Kwan-Young and Choi, Jeong Uk and Park, Jooho and Shim, Jung-Hyun and Park, Jin Woo and Byun, Youngro",2024,International Journal of Nanomedicine,10.2147/IJN.S442617,https://www.scopus.com/pages/publications/85188825547?origin=resultslist,2973 - 2992,19,,Article,Cited by: 13; All Open Access; Gold Open Access; Green Open Access,True,True,True
Park202613454,ARTICLE,Boosting peptide half-life: enabling efficient generation of Fc–peptide conjugates,"Park, Mahri and Dannheim, Friederike M. and Papworth, Monika A. and Kay, Richard and Tsonou, Elpida and Trajkovski, Daniel and Walsh, Stephen J. and Hovdal, Daniel and Wharton, Thomas and Nassoy, Anne-Chloe and Parker, Jeremy S. and Spring, David R.",2026,Chemical Science,10.1039/d6sc02646j,https://www.scopus.com/pages/publications/105040987704?origin=resultslist,13454 - 13464,17,27,Article,Cited by: 1; All Open Access; Gold Open Access; Green Open Access,True,True,True
Huang2024,ARTICLE,Construction and Identification of a Breast Bioreactor for Human-Derived Hypoglycemic Protein Amylin,"Huang, Kongwei and Yan, Xiuying and Li, Zhipeng and Liu, Fuhang and Cui, Kuiqing and Liu, Qingyou",2024,Life,10.3390/life14020191,https://www.scopus.com/pages/publications/85193293259?origin=resultslist,,14,2,Article,Cited by: 2; All Open Access; Gold Open Access; Green Open Access,True,True,True
Agarwal20257,ARTICLE,Diabetes and Glucose Management in People on Hemodialysis,"Agarwal, Shubham and Mader, Julia K. and Arevalo, Giuliana and Avula, Sreekant and Chavez, Efren and Sloan, Lance A. and Galindo, Rodolfo J.",2025,Diabetes Spectrum,10.2337/dsi24-0015,https://www.scopus.com/pages/publications/85219496383?origin=resultslist,7 - 18,38,1,Article,Cited by: 4; All Open Access; Green Open Access,True,False,True
Ruggiero2024,ARTICLE,Glucagon-like Peptide-1 Receptor Agonists and Suicidal Ideation: Analysis of Real-Word Data Collected in the European Pharmacovigilance Database,"Ruggiero, Rosanna and Mascolo, Annamaria and Spezzaferri, Angela and Carpentieri, Claudia and Torella, Daniele and Sportiello, Liberata and Rossi, Francesco and Paolisso, Giuseppe and Capuano, Annalisa",2024,Pharmaceuticals,10.3390/ph17020147,https://www.scopus.com/pages/publications/85186113294?origin=resultslist,,17,2,Article,Cited by: 58; All Open Access; Gold Open Access; Green Open Access,True,True,True
Shen2025,ARTICLE,Understanding the risk of diabetic retinopathy from glucagon-like peptide-1 receptor agonists: a Mendelian randomization study and systematic review of European populations,"Shen, Baixuan and Wang, Wanying and Guo, Yuanhui and Chen, Zilong and Liu, Chuanxin and Huang, Jiarui and Li, Ying",2025,Diabetology and Metabolic Syndrome,10.1186/s13098-025-01878-3,https://www.scopus.com/pages/publications/105013771215?origin=resultslist,,17,1,Article,Cited by: 3; All Open Access; Gold Open Access; Green Open Access,True,True,True
Osama2026,ARTICLE,Melatonin Mitigates Central Sensitization and Nociplastic Pain in Spinal Cord and Dorsal Root Ganglia of FM Rat Model: Modulation of SIRT1/PGC-1α/MAPK/NF-κB Signaling,"Osama, Jehad and El-Gazar, Amira A. and Ragab, Ghada M. and EL-Sayed, Nesrine S. and Kamel, Ahmed S.",2026,Journal of Neuroimmune Pharmacology,10.1007/s11481-025-10274-7,https://www.scopus.com/pages/publications/105029983365?origin=resultslist,,21,1,Article,Cited by: 2; All Open Access; Green Open Access; Hybrid Gold Open Access,True,True,True
Abdallah20254286,ARTICLE,Interest in Treatment with GLP-1 Receptor Agonists for the Management of Insufficient Weight Loss or Weight Regain After Bariatric Surgery,"Abdallah, Hussein and Klink, Wissam Hadi and Derienne, Joseph and Voican, Cosmin and Perlemuter, Gabriel and Courie, Rodi and Dagher, Ibrahim and Tranchart, Hadrien",2025,Obesity Surgery,10.1007/s11695-025-08210-y,https://www.scopus.com/pages/publications/105015487326?origin=resultslist,4286 - 4291,35,10,Article,Cited by: 6; All Open Access; Green Open Access; Hybrid Gold Open Access,True,True,True
Nalbandian2026,ARTICLE,15-PGDH inhibition promotes muscle repair and strength recovery during GLP-1 receptor agonist–induced weight loss,"Nalbandian, Minas and Lone, Jameel and Le Moal, Emmeran and Kim, Ireh and Jeuris, Kaitlin and Li, Yutong Kelly and Kraft, Peggy and Zhao, Meng and Koleckar, Kassie and Zhang, Zeyuan and Svensson, Katrin J. and Blau, Helen M.",2026,Proceedings of the National Academy of Sciences of the United States of America,10.1073/pnas.2606533123,https://www.scopus.com/pages/publications/105041180437?origin=resultslist,,123,23,Article,Cited by: 1; All Open Access; Green Open Access,True,False,True
Xian2025,ARTICLE,Advances in Homing Peptide Targeted Therapies,"Xian, Xiaohong and Ren, Qingmiao and Du, Haiyun and Qi, Yaya and Yan, Jiexi",2025,International Journal of Peptide Research and Therapeutics,10.1007/s10989-024-10682-y,https://www.scopus.com/pages/publications/85219442449?origin=resultslist,,31,3,Article,Cited by: 7; All Open Access; Hybrid Gold Open Access,True,True,False
Tarawneh2026,ARTICLE,Glycation at the Gate: A Brain Endothelial Glycocalyx Model and Therapeutic Roadmap for Alzheimer’s Disease,"Tarawneh, Rawan",2026,Biomedicines,10.3390/biomedicines14081794,https://www.scopus.com/pages/publications/105048552780?origin=resultslist,,14,8,Article,Cited by: 0; All Open Access; Gold Open Access; Green Open Access,True,True,True
Chowdhary2024540,ARTICLE,Liraglutide Improves Myocardial Perfusion and Energetics and Exercise Tolerance in Patients With Type 2 Diabetes,"Chowdhary, Amrit and Thirunavukarasu, Sharmaine and Joseph, Tobin and Jex, Nicholas and Kotha, Sindhoora and Giannoudi, Marilena and Procter, Henry and Cash, Lizette and Akkaya, Sevval and Broadbent, David and Xue, Hui and Swoboda, Peter and Valkovič, Ladislav and Kellman, Peter and Plein, Sven and Rider, Oliver J. and Neubauer, Stefan and Greenwood, John P. and Levelt, Eylem",2024,Journal of the American College of Cardiology,10.1016/j.jacc.2024.04.064,https://www.scopus.com/pages/publications/85199008891?origin=resultslist,540 - 557,84,6,Article,Cited by: 26; All Open Access; Green Open Access; Hybrid Gold Open Access,True,True,True
Al Hayek2026,ARTICLE,Comparative Clinical and Metabolic Outcomes of GLP-1 Receptor Agonists Versus SGLT2 Inhibitors in Type 1 Diabetes: A Retrospective Cohort Study from Saudi Arabia,"Al Hayek, Ayman and Robert, Asirvatham Alwin and Al Burayk, Abdullah Khalid and Alwadai, Abdulrhman Nasser and Almutairi, Asma Mutni and Shabani, Abdullah Ali and Al Dawish, Mohamed Abdulaziz",2026,Current Diabetes Reviews,10.2174/0115733998428827251223081042,https://www.scopus.com/pages/publications/105037073483?origin=resultslist,,22,10,Article,Cited by: 0; All Open Access; Hybrid Gold Open Access,True,True,False
Tsuji20263031,ARTICLE,Affinity enhancement of polo-like kinase 1 polo-box domain-binding peptides by N-methylation and lipidation,"Tsuji, Kohei and Bai, Kenan and Huang, Xueyuan and Tamamura, Hirokazu",2026,Organic and Biomolecular Chemistry,10.1039/d6ob00193a,https://www.scopus.com/pages/publications/105033815692?origin=resultslist,3031 - 3039,24,14,Article,Cited by: 0; All Open Access; Hybrid Gold Open Access,True,True,False
Klotsman2024,ARTICLE,Drug release profile of a novel exenatide long-term drug delivery system (OKV-119) administered to cats,"Klotsman, Michael and Anderson, Wayne H. and Gilor, Chen",2024,BMC Veterinary Research,10.1186/s12917-024-04051-6,https://www.scopus.com/pages/publications/85193604467?origin=resultslist,,20,1,Article,Cited by: 4; All Open Access; Gold Open Access; Green Open Access,True,True,True
Colston2025,ARTICLE,Permeation enhancer-induced membrane defects assist the oral absorption of peptide drugs,"Colston, Kyle J. and Faivre, Kyle T. and Schneebeli, Severin T.",2025,Nature Communications,10.1038/s41467-025-64891-0,https://www.scopus.com/pages/publications/105020200145?origin=resultslist,,16,1,Article,Cited by: 10; All Open Access; Gold Open Access; Green Open Access,True,True,True
Bonga20251,ARTICLE,"Incretin Analogues for Weight Reduction in Non-Diabetic Obese: A Review of Liraglutide, Semaglutide, and Tirzepatide Beyond Glycemic Control","Bonga, Krishna Nikhila and Padhan, Milan",2025,Rambam Maimonides Medical Journal,10.5041/RMMJ.10565,https://www.scopus.com/pages/publications/105038273670?origin=resultslist,1 - 32,17,1,Article,Cited by: 2; All Open Access; Gold Open Access; Green Open Access,True,True,True
Richards2025,ARTICLE,Semaglutide and Tirzepatide in a Remote Weight Management Program: 12-Month Retrospective Observational Study,"Richards, Rebecca and Lunt, William and Whitman, Michael and Spaltro, Giulia and Hall, Rachel",2025,JMIR Formative Research,10.2196/81912,https://www.scopus.com/pages/publications/105015578395?origin=resultslist,,9,,Article,Cited by: 3; All Open Access; Gold Open Access; Green Open Access,True,True,True
Porth2024,ARTICLE,"Monitoring what matters to people with diabetes: Do we underestimate the importance of behaviour, attitude, and well-being?","Porth, Ann-Kristin and Seidler, Yuki and Long, Preston Alexander and Huberts, Anouk Sjoukje and Hamilton, Kathryn and Stamm, Tanja and Kautzky-Willer, Alexandra",2024,Patient Education and Counseling,10.1016/j.pec.2024.108377,https://www.scopus.com/pages/publications/85199553696?origin=resultslist,,128,,Article,Cited by: 3; All Open Access; Green Open Access; Hybrid Gold Open Access,True,True,True
Robinson2026,ARTICLE,Metabolic Outcomes in Patients With Type 2 Diabetes Prescribed Incretin-Based Therapy and Referred or Not to a Weight Management Clinic: A Single-Center Retrospective Analyses,"Robinson, Kathleen M. and Rodriguez, Stephanie H. and Pedagarla, Cyril and Eyck, Patrick Ten and Correia, Marcelo and Dokun, Ayotunde",2026,Obesity Science and Practice,10.1002/osp4.70114,https://www.scopus.com/pages/publications/105027047412?origin=resultslist,,12,1,Article,Cited by: 1; All Open Access; Gold Open Access; Green Open Access,True,True,True
Son202610,ARTICLE,Glucagon-like peptide-1–based pharmacological treatment of obesity: a narrative review,"Son, Jang Won",2026,Journal of the Korean Medical Association,10.5124/jkma.25.0138,https://www.scopus.com/pages/publications/105029872556?origin=resultslist,10 - 27,69,1,Article,Cited by: 1; All Open Access; Gold Open Access,True,True,False
Chung202638,ARTICLE,Amylin Revisited: A 5-Year Perspective on Its Emerging Role in the Treatment of Diabesity,"Chung, Chae Won and Kim, Jaetaek",2026,Journal of Obesity and Metabolic Syndrome,10.7570/JOMES25085,https://www.scopus.com/pages/publications/105037913050?origin=resultslist,38 - 48,35,1,Article,Cited by: 3; All Open Access; Gold Open Access; Green Open Access,True,True,True
Dong2025,ARTICLE,"Mazdutide, a dual agonist targeting GLP-1R and GCGR, mitigates diabetes-associated cognitive dysfunction: mechanistic insights from multi-omics analysis","Dong, Wanqing and Bai, Jie and Yuan, Qibin and Zhang, Yingyu and Zhang, Yongjiang and Zhang, Ziyue and Yang, Maoxing and Li, Hanxiao and Zhao, Ziyue and Jiang, Hongwei",2025,eBioMedicine,10.1016/j.ebiom.2025.105791,https://www.scopus.com/pages/publications/105007293697?origin=resultslist,,117,,Article,Cited by: 21; All Open Access; Gold Open Access; Green Open Access,True,True,True
Elbermawy2026,ARTICLE,Synergistic Neuroprotection in Tauopathic Mice via Green-Synthesized Silver Nanoparticles Co-delivering Methylene Blue and Moringa oleifera,"Elbermawy, Yasmin and EL-Desouky, Sara and Arafa, Reem K. and Elfarrash, Sara and Bassiouny, Ahmad",2026,Molecular Neurobiology,10.1007/s12035-025-05534-9,https://www.scopus.com/pages/publications/105026116117?origin=resultslist,,63,1,Article,Cited by: 1; All Open Access; Green Open Access; Hybrid Gold Open Access,True,True,True
Chen2024,ARTICLE,Real-world effectiveness of GLP-1 receptor agonist-based treatment strategies on “time in range” in patients with type 2 diabetes,"Chen, Yongru and Chen, Jingxian and Zhang, Shuo and Zhu, Dan and Deng, Feiying and Zuo, Rui and Hu, Yufei and Zhao, Yue and Duan, Yale and Lin, Benwei and Chen, Fengwu and Liang, Yun and Zheng, Jiaxiong and Khan, Barkat Ali and Hou, Kaijian",2024,Frontiers in Pharmacology,10.3389/fphar.2024.1370594,https://www.scopus.com/pages/publications/85188240268?origin=resultslist,,15,,Article,Cited by: 3; All Open Access; Gold Open Access; Green Open Access,True,True,True
2025S283,ARTICLE,14. Children and adolescents: Standards of care in diabetes—2025,,2025,Diabetes Care,10.2337/dc25-S014,https://www.scopus.com/pages/publications/85212244299?origin=resultslist,S283 - S305,48,,Article,Cited by: 134; All Open Access; Green Open Access,True,False,True
Fallot202620582,ARTICLE,Glucagon-Like Peptide-1 Receptor Agonists Inhibit the Initiation of Toxic Amyloid-β42 Aggregation,"Fallot, Lucas B. and Anderson, Carol A. and Pinc, Johnathan R. and Stevenson, Alisdair and Schleck, Mary Claire and Hawryschuk, Ethan and Li, Owen Z. and Palchak, Julia C. and Toole, Justin R. and Kubiak II, Robert W. and Dear, Alexander J. and Michaels, Thomas C. T. and Limbocker, Ryan",2026,Journal of the American Chemical Society,10.1021/jacs.6c01289,https://www.scopus.com/pages/publications/105040589408?origin=resultslist,20582 - 20599,148,20,Article,Cited by: 0; All Open Access; Green Open Access; Hybrid Gold Open Access,True,True,True
Singh20263158,ARTICLE,Engineering Marker-Free Lettuce Chloroplast Genome to Express Functional Glucagon-Like Peptide-1 Receptor Agonists Exenatide and Lixisenatide,"Singh, Rahul and Daniell, Henry",2026,Plant Biotechnology Journal,10.1111/pbi.70554,https://www.scopus.com/pages/publications/105028243985?origin=resultslist,3158 - 3171,24,5,Article,Cited by: 3; All Open Access; Gold Open Access; Green Open Access,True,True,True
Shapira-Furman2024,ARTICLE,The Synthesis of SNAC Phenolate Salts and the Effect on Oral Bioavailability of Semaglutide,"Shapira-Furman, Tovi and Bar-Hai, Ayala and Hoffman, Amnon and Domb, Abraham J.",2024,Molecules,10.3390/molecules29163909,https://www.scopus.com/pages/publications/85202647208?origin=resultslist,,29,16,Article,Cited by: 6; All Open Access; Gold Open Access; Green Open Access,True,True,True
Wang2026,ARTICLE,Lifestyle and prognosis after percutaneous coronary intervention: from revascularization to long-term management,"Wang, Yuhao and Ma, Jiaying and Hu, Yuchang and Desjardins, Clémence and Chen, Zhangling",2026,Vessel Plus,10.20517/2574-1209.2026.31,https://www.scopus.com/pages/publications/105050230864?origin=resultslist,,10,,Article,Cited by: 0; All Open Access; Gold Open Access,True,True,False
Fan2025,ARTICLE,Spatiotemperal Dynamics of Osteoarthritis: Bridging Insights from Bench to Bedside,"Fan, Xiwei and Xu, Hong and Prasadam, Indira and Sun, Antonia Rujia and Wu, Xiaoxin and Crawford, Ross and Wang, Yanping and Mao, Xinzhan",2025,Aging and Disease,10.14336/AD.2024.1538,https://www.scopus.com/pages/publications/105005887455?origin=resultslist,,16,6,Article,Cited by: 7; All Open Access; Gold Open Access; Green Open Access,True,True,True
Kohler20243618,ARTICLE,Comparison of Protocols to Test Peptide Stability in Blood Plasma and Cell Culture Supernatants,"Kohler, Anna and Jülke, Eva-Maria and Stichel, Jan and Beck-Sickinger, Annette G.",2024,ACS Pharmacology and Translational Science,10.1021/acsptsci.4c00503,https://www.scopus.com/pages/publications/85206489036?origin=resultslist,3618 - 3625,7,11,Article,Cited by: 14; All Open Access; Green Open Access; Hybrid Gold Open Access,True,True,True
Khan2026536,ARTICLE,Deciphering Mental Illness: Neurons vs. Neuroglia,"Khan, Arif and Prakash, Rashmi and Arora, Anshu and Prasad, Aishwarya",2026,Journal of Clinical Psychopharmacology,10.1097/JCP.0000000000002216,https://www.scopus.com/pages/publications/105044460379?origin=resultslist,536 - 548,46,5,Article,Cited by: 0; All Open Access; Green Open Access; Hybrid Gold Open Access,True,True,True
Holtrop2025,ARTICLE,Primary care patient and practice member perspectives on weight loss medications: challenges and opportunities,"Holtrop, Jodi Summers and Tietbohl, Caroline and Perreault, Leigh and Connelly, Lauri and Smith, Peter C. and Williams, Johnny",2025,Frontiers in Medicine,10.3389/fmed.2025.1584799,https://www.scopus.com/pages/publications/105010923212?origin=resultslist,,12,,Article,Cited by: 6; All Open Access; Gold Open Access; Green Open Access,True,True,True
Talay20240,ARTICLE,Effectiveness and Side Effect Incidence in a Real-World Digital Weight-Loss Service Using Compounded Semaglutide: A Retrospective Comparative Study,"Talay, Louis and Vickers, Matt",2024,Obesities,10.3390/obesities4040032,https://www.scopus.com/pages/publications/85217425947?origin=resultslist,0,4,4,Article,Cited by: 1; All Open Access; Gold Open Access; Green Open Access,True,True,True
Nosair2025,ARTICLE,Staphyloxanthin loaded niosomal nanocarrier augments its anthelmintic activity against Trichinella spiralis infection in mice,"Nosair, Ahmed M. and Abdelaziz, Ahmed A. and Abo-Kamar, Amal M. and Zoghroban, Hager S. and Farghali, Mahmoud H. and Al-Madboly, Lamiaa A.",2025,Scientific Reports,10.1038/s41598-025-17936-9,https://www.scopus.com/pages/publications/105015748409?origin=resultslist,,15,1,Article,Cited by: 2; All Open Access; Gold Open Access; Green Open Access,True,True,True
Collins2026,ARTICLE,The gut microbiome modulates the lipase-mediated digestion of dietary lipid emulsions,"Collins, Kate and Donnellan, Leigh and Asif, Zarnab and Chan, Nicole S.L. and Subramaniam, Santhni and Kamath, Srinivas and Ariaee, Amin and Abdelhafez, Amer and Wignall, Anthony and Hoffman, Peter and Joyce, Paul",2026,Colloids and Surfaces B: Biointerfaces,10.1016/j.colsurfb.2026.115715,https://www.scopus.com/pages/publications/105036242326?origin=resultslist,,265,,Article,Cited by: 3; All Open Access; Hybrid Gold Open Access,True,True,False
Lv2026,ARTICLE,"Efficacy and safety of HRS-7535, an oral small-molecule GLP-1 receptor agonist, in patients with diabetic kidney disease (SOLID-DKD): a randomised, double-blind, placebo-controlled, phase 2 trial","Lv, Rong and Peng, Liang and Xu, Yimei and Du, Xiaoying and Liu, Haixia and Wu, Hanli and Zhang, Yawei and Li, Qifu and Jiao, Xuehua and Piao, Chengmei and Yang, Shufang and Lin, Xiang and Li, Lu and Ye, Zi and Chen, Jianghua and Jiang, Chengyan and Wang, Yajun and Wang, Fang and Zhao, Dong and Wang, Caili and Zhu, Yan and Liao, Xiaohui and Li, Yang and Li, Qifu and Yan, Rui and Li, Ya and Li, Yongfeng and Liu, Gang and Chen, Yinyin and Yan, Yuehong and Piao, Chengmei and Xu, Jing and Liu, Cangsang and Zhang, Yanning and Song, Chengwei and Huang, Feng and Liu, Haixia and Li, Xiaohua and Wang, Yufan and Pan, Yangbin and Zhang, Yu and Huang, Jiyi and Wu, Yiqiang and Tang, Ying and Yang, Lin and Cheng, Zhifeng and Wang, Hong and Hu, Chenliang and Zhou, Jun and Jin, Lie and Liu, Jiang and Shen, Shuijuan and Dong, Shaoshao and Zhang, Tie and Shi, Xiaoguang and Wu, Hanli and Wang, Aifang and Yang, Shufang and Bai, Yan and Liu, Shuxin and Jin, Hui and Wang, Liyun and Fei, Dadong and Huang, Yong and Li, Xiaofeng and Dong, Xiaolin and Wei, Feng and Li, Yufeng and Wang, Guang and Wan, Qin and Du, Xuanyi and Fu, Yanqin and Wang, Wanmin and Wang, Junhong and Zhang, Xianghua and Zhang, Yawei and Jin, Ping and Mu, Yahui and Zhang, Lihui and She, Dunmin and Zhao, Meng and Fang, Chen and Zhang, Dandan and Chen, Lei and Lu, Junfeng and Dong, Chongzhou and Xu, Yan",2026,eClinicalMedicine,10.1016/j.eclinm.2026.104045,https://www.scopus.com/pages/publications/105044075440?origin=resultslist,,97,,Article,Cited by: 0; All Open Access; Gold Open Access; Green Open Access,True,True,True
Kumar2025,ARTICLE,GLP-1/GLP-1R axis: from metabolism (obesity and T2DM) to immunity,"Kumar, Vijay",2025,Open Biology,10.1098/rsob.240303,https://www.scopus.com/pages/publications/105010112744?origin=resultslist,,15,7,Article,Cited by: 16; All Open Access; Gold Open Access; Green Open Access,True,True,True
Giorgino2026389,ARTICLE,Orforglipron Added to Titrated Insulin Glargine in Type 2 Diabetes The ACHIEVE-5 Randomized Clinical Trial,"Giorgino, Francesco and D’Souza, Sherwin and Ludwig, Lisa and Kiyosue, Arihiro and Ibriga, Hilda and Rha, Hyungmin and Denning, Max and Wu, Wen-Shuo and Landó, Laura Fernández and Tobian, Janet",2026,JAMA,10.1001/jama.2026.9512,https://www.scopus.com/pages/publications/105041839844?origin=resultslist,389 - 399,336,5,Article,Cited by: 3; All Open Access; Green Open Access,True,False,True
Qiu2026,ARTICLE,BAF60a-dependent chromatin remodeling preserves β cell function and contributes to the therapeutic benefits of GLP-1R agonists,"Qiu, Xinyuan and Wang, Ruo-Ran and Wu, Qing-Qian and Fu, Hongxing and Zhu, Shuaishuai and Chen, Wei and Wang, Wen and Chen, Haide and Ji, Xiuyu and Zhang, Wenjing and Yan, Dandan and Yan, Jing and Jin, Li and Zhang, Rong and Shi, Mengjie and Luo, Ping and Yang, Yingqing and Wang, Qintao and Zhang, Ziyin and Ding, Wei and Pan, Xiaowen and Li, Chengbin and Liang, Bin and Guo, Guoji and Piao, Hai-long and Zheng, Min and Yan, Sheng and Zhu, Lingyun and Hu, Cheng and Meng, Zhuo-Xian",2026,Journal of Clinical Investigation,10.1172/JCI197141,https://www.scopus.com/pages/publications/105026909414?origin=resultslist,,136,1,Article,Cited by: 0; All Open Access; Gold Open Access; Green Open Access,True,True,True
Rebollo2025267,ARTICLE,Salcaprozate-based ionic liquids for GLP-1 gastric delivery: A mechanistic understanding of in vivo performance,"Rebollo, René and Niu, Zhigao and Blaabjerg, Lasse and La Zara, Damiano and Juel, Trine and Pedersen, Henrik Duelund and Andersson, Vincent and Benova, Michaela and Krogh, Camilla and Pons, Raphaël and Holm, Tobias Palle and Wahlund, Per-Olof and Fan, Li and Wang, Zhuoran and Kennedy, Adam and Kuhre, Rune Ehrenreich and Christophersen, Philip and Bardonnet, Pierre-Louis and Sassene, Philip Jonas",2025,Journal of Controlled Release,10.1016/j.jconrel.2024.11.036,https://www.scopus.com/pages/publications/85209586960?origin=resultslist,267 - 276,377,,Article,Cited by: 14; All Open Access; Hybrid Gold Open Access,True,True,False
Gonzalez2026166,ARTICLE,GLP-1 receptor agonists reduce body mass index and total daily insulin dose in youth with type 1 diabetes: a retrospective cohort study,"Gonzalez, Frances and Reid, Mark W. and Garcia, Jaquelin Flores and Raymond, Jennifer K. and Chao, Lily C.",2026,Journal of Pediatric Endocrinology and Metabolism,10.1515/jpem-2025-0568,https://www.scopus.com/pages/publications/105024433959?origin=resultslist,166 - 172,39,2,Article,Cited by: 5; All Open Access; Hybrid Gold Open Access,True,True,False
He2025,ARTICLE,The association between diabetes and head and neck squamous cell carcinoma: evidence from clinical cohort and bioinformatics analyses,"He, Yurong and Chen, Jiaming and Han, Boxuan and Zhao, Yanming and Hou, Lizhen and Fang, Jugao and Lian, Meng",2025,Frontiers in Genetics,10.3389/fgene.2025.1660012,https://www.scopus.com/pages/publications/105014212447?origin=resultslist,,16,,Article,Cited by: 3; All Open Access; Gold Open Access; Green Open Access,True,True,True
Paprocki2025,ARTICLE,pH Controlled Transient Cyclization of Peptides for Increased Stability towards Oral Delivery,"Paprocki, Maciej P. and Sørensen, Kasper K. and Jensen, Knud J.",2025,Chemistry - A European Journal,10.1002/chem.202403503,https://www.scopus.com/pages/publications/85214470871?origin=resultslist,,31,11,Article,Cited by: 3; All Open Access; Bronze Open Access; Green Open Access,True,False,True
Gao2025,ARTICLE,The Detrimental Effects of Crystalline Excipients: How They Jeopardize the Long-Term Stability of Freeze-Dried Polypeptide Formulations,"Gao, Han and Ouyang, Jun and Hu, Zhi-Bo and Fang, Wei-Jie",2025,Pharmaceutics,10.3390/pharmaceutics17121543,https://www.scopus.com/pages/publications/105026162567?origin=resultslist,,17,12,Article,Cited by: 2; All Open Access; Gold Open Access; Green Open Access,True,True,True
Ametov2026387,ARTICLE,"Comparative analysis of bioequivalence, safety, and tolerability of semaglutide (tablets): Results of an open-label randomized crossover comparative study; [Сравнительный анализ биоэквивалентности, безопасности и переносимости семаглутида (таблетки): результаты открытого рандомизированного перекрестного сравнительного исследования]","Ametov, A.S. and Balykova, L.A. and Zaslavskaya, K.Ya. and Shokhin, I.E. and Bodrova, T.G. and Zorina, L.A. and Shcherbakova, V.S. and Kurkin, D.V. and Koryanova, K.N. and Mishchenko, E.S. and Maksimov, M.L. and Matveev, A.V. and Shcherbakova, L.I. and Dyakova, I.N. and Kozlov, E.D. and Andreev, D.N. and Kazaishvili, Yu.G. and Noskov, S.M. and Bely, P.A.",2026,Farmatsiya i Farmakologiya,10.19163/2307-9266-2026-14-4-387-409,https://www.scopus.com/pages/publications/105046203245?origin=resultslist,387 - 409,14,4,Article,Cited by: 0; All Open Access; Gold Open Access,True,True,False
Alkudmani2025,ARTICLE,Molecular impact of single nucleotide polymorphisms in GIPR gene among type 2 diabetes mellitus patients in the Saudi population,"Alkudmani, Zeina S. and Alshuweishi, Yazeed and Alsobaie, Sarah F. and Ali Khan, Imran",2025,Diabetology and Metabolic Syndrome,10.1186/s13098-025-02009-8,https://www.scopus.com/pages/publications/105022139441?origin=resultslist,,17,1,Article,Cited by: 0; All Open Access; Gold Open Access; Green Open Access,True,True,True
Xu20251790,ARTICLE,Design and Biosynthesis of Ornithine 8-Containing Semaglutide Variants with a Click Chemistry-Modifiable Position 26,"Xu, Yanli and Kuipers, Oscar P.",2025,ACS Synthetic Biology,10.1021/acssynbio.5c00132,https://www.scopus.com/pages/publications/105003949970?origin=resultslist,1790 - 1801,14,5,Article,Cited by: 2; All Open Access; Green Open Access; Hybrid Gold Open Access,True,True,True
Forslund202625,ARTICLE,GLP-1 receptor agonist treatment in women with polycystic ovary syndrome—a systematic review and meta-analysis,"Forslund, Maria and Wändell, Per and Forsberg, Lisa and Österberg, Marie and Dagerhamn, Jessica and Wernersson, Emma and Kärrman Fredriksson, Maja and Ringborg, Anna and Lindén Hirschberg, Angelica",2026,European Journal of Endocrinology,10.1093/ejendo/lvag033,https://www.scopus.com/pages/publications/105032550700?origin=resultslist,25 - 39,194,3,Article,Cited by: 7; All Open Access; Hybrid Gold Open Access,True,True,False
Bardonnet20262302,ARTICLE,An effort to enhance the clinical translatability of caprate-based tablet formulations in gastric peptide delivery,"Bardonnet, Pierre-Louis and Niu, Zhigao and Pessi, Jenni and Kazakou, Maria and Raptis, Konstantinos and McCabe, Reece and Toftlev, Anders and Rebollo, René and Wang, Zhuoran and Fan, Li and Mortensen, Nicolai Rytter and Bardtrum, Lars and Andersson, Vincent and Wahlund, Per-Olof and Norrman, Mathias and Benie, Andrew James and Wu, Jian Xiong and Sauter, Max and Zara, Damiano La and Christophersen, Philip and Sassene, Philip Jonas",2026,Drug Delivery and Translational Research,10.1007/s13346-025-01978-7,https://www.scopus.com/pages/publications/105016882389?origin=resultslist,2302 - 2315,16,7,Article,Cited by: 5; All Open Access; Green Open Access; Hybrid Gold Open Access,True,True,True
Radakrishnan2025,ARTICLE,Underpinnings of heart failure with preserved ejection fraction in women - From prevention to improving function. A co-publication with the American Journal of Preventive Cardiology and the Journal of Cardiac Failure,"Radakrishnan, Ankitha and Agrawal, Saloni and Singh, Nausheen and Barbieri, Anna and Shaw, Leslee J. and Gulati, Martha and Lala, Anuradha",2025,American Journal of Preventive Cardiology,10.1016/j.ajpc.2025.100928,https://www.scopus.com/pages/publications/105012551516?origin=resultslist,,23,,Article,Cited by: 7; All Open Access; Gold Open Access; Green Open Access,True,True,True
Yan20243549,ARTICLE,Porous silicon and silica carriers for delivery of peptide therapeutics,"Yan, Jiachen and Siwakoti, Prakriti and Shaw, Siuli and Bose, Sudeep and Kokil, Ganesh and Kumeria, Tushar",2024,Drug Delivery and Translational Research,10.1007/s13346-024-01609-7,https://www.scopus.com/pages/publications/85194707794?origin=resultslist,3549 - 3567,14,12,Article,Cited by: 34; All Open Access; Green Open Access; Hybrid Gold Open Access,True,True,True
Cao2026,ARTICLE,Piperazine-Functionalized Nanoparticles Enable Oral Insulin Delivery in Obese Mice,"Cao, Yuxue and Jiang, Xiaofan and Moniruzzaman, Md and Mueller, Alexandra and Janjua, Taskeen Iqbal and Tyagi, Nisha and Qu, Zhi and Wong, Kuan Yau and Feng, Yuran and Ghodasara, Aayushi and Strounina, Ekaterina and Ross, Benjamin P. and Kumeria, Tushar and Hasnain, Sumaira Z. and Popat, Amirali",2026,Advanced Science,10.1002/advs.202520918,https://www.scopus.com/pages/publications/105032113172?origin=resultslist,,13,27,Article,Cited by: 2; All Open Access; Gold Open Access; Green Open Access,True,True,True
RADAKRISHNAN20251460,ARTICLE,Underpinnings of Heart Failure With Preserved Ejection Fraction in Women - From Prevention to Improving Function. A Co-publication With the American Journal of Preventive Cardiology and the Journal of Cardiac Failure,"RADAKRISHNAN, ANKITHA and AGRAWAL, SALONI and SINGH, NAUSHEEN and Barbieri, Anna and SHAW, LESLEE J. and GULATI, MARTHA and LALA, ANURADHA",2025,Journal of Cardiac Failure,10.1016/j.cardfail.2025.01.008,https://www.scopus.com/pages/publications/105000293123?origin=resultslist,1460 - 1475,31,9,Article,Cited by: 15; All Open Access; Hybrid Gold Open Access,True,True,False
Emeh2025,ARTICLE,"Impact of chemical structure, lipidation and formulation on luminal stability and intestinal absorption of GLP-1 analogues","Emeh, Prosper and Englund, Maria and Harun, Said and Santisteban Valencia, Zulma and Revell, Jefferson and Hugerth, Andreas and Davies, Nigel and Bergström, Christel A.S.",2025,Journal of Controlled Release,10.1016/j.jconrel.2025.114144,https://www.scopus.com/pages/publications/105014439084?origin=resultslist,,386,,Article,Cited by: 5; All Open Access; Green Open Access; Hybrid Gold Open Access,True,True,True
Schmidt2025,ARTICLE,Self-Emulsifying delivery systems for oral administration of exenatide: Hydrophobic ion pairs vs. Dry reverse micelles,"Schmidt, Marlene Ramona and Ebert, Melanie Lena and Kiechle, Magnus Andre and Zöller, Katrin and Laffleur, Flavia and Bernkop-Schnürch, Andreas",2025,International Journal of Pharmaceutics,10.1016/j.ijpharm.2025.125711,https://www.scopus.com/pages/publications/105004898240?origin=resultslist,,678,,Article,Cited by: 5; All Open Access; Hybrid Gold Open Access,True,True,False
Beloqui202431,ARTICLE,Gut hormone stimulation as a therapeutic approach in oral peptide delivery,"Beloqui, Ana",2024,Journal of Controlled Release,10.1016/j.jconrel.2024.07.007,https://www.scopus.com/pages/publications/85197545925?origin=resultslist,31 - 37,373,,Article,Cited by: 4; All Open Access; Green Open Access; Hybrid Gold Open Access,True,True,True
Xiong20241717,ARTICLE,Adverse Events of Oral GLP-1 Receptor Agonist (Semaglutide Tablets): A Real-World Study Based on FAERS from 2019 to 2023,"Xiong, Si and Gou, Ruoyu and Liang, Xudong and Wu, Hao and Qin, Shuitao and Li, Bing and Luo, Changjun and Chen, Junan",2024,Diabetes Therapy,10.1007/s13300-024-01594-7,https://www.scopus.com/pages/publications/85193959146?origin=resultslist,1717 - 1733,15,8,Article,Cited by: 24; All Open Access; Gold Open Access; Green Open Access,True,True,True
Xu20251243,ARTICLE,Titration and discontinuation of semaglutide for weight management in commercially insured US adults,"Xu, Yunwen and Carrero, Juan J. and Chang, Alexander R. and Inker, Lesley A. and Zhang, Donglan and Mukhopadhyay, Amrita and Blecker, Saul B. and Horwitz, Leora I. and Grams, Morgan E. and Shin, Jung-Im",2025,Obesity,10.1002/oby.24315,https://www.scopus.com/pages/publications/105007543933?origin=resultslist,1243 - 1248,33,7,Article,Cited by: 11; All Open Access; Green Open Access,True,False,True
Ariaee2026,ARTICLE,Gut microbiota perturbation and systemic inflammation are associated with salcaprozate sodium (SNAC)-enabled oral semaglutide delivery,"Ariaee, Amin and Noueihad, Karim and Hunter, Alex and Wignall, Anthony and Wardill, Hannah R. and Davies, Maya and Prestidge, Clive A. and Joyce, Paul",2026,Journal of Controlled Release,10.1016/j.jconrel.2026.114711,https://www.scopus.com/pages/publications/105029560831?origin=resultslist,,392,,Article,Cited by: 7; All Open Access; Hybrid Gold Open Access,True,True,False
Furió-Novejarque2025332,ARTICLE,GLP-1 Receptor Agonists Models for Type 1 Diabetes: A Narrative Review,"Furió-Novejarque, Clara and Díez, José-Luis and Bondia, Jorge",2025,Journal of Diabetes Science and Technology,10.1177/19322968241285925,https://www.scopus.com/pages/publications/85206899678?origin=resultslist,332 - 339,19,2,Article,Cited by: 1; All Open Access; Bronze Open Access; Green Open Access,True,False,True
Parnizari20252189,ARTICLE,Safety of Drugs in Breastfeeding Women With CKD,"Parnizari, Paula and Hladunewich, Michelle A. and Zipursky, Jonathan",2025,Kidney International Reports,10.1016/j.ekir.2025.04.038,https://www.scopus.com/pages/publications/105007165533?origin=resultslist,2189 - 2201,10,7,Article,Cited by: 2; All Open Access; Gold Open Access; Green Open Access,True,True,True
Yang2026,ARTICLE,Engineering oral celastrol-polysaccharide supramolecular nanoassemblies across intestinal barriers for the intervention of nonalcoholic steatohepatitis,"Yang, Liming and Zhao, Yunfei and Luo, Jianguo and Deng, Mengjiao and Wang, Fangliang and Zou, Gang and Chen, Jun and He, Yunyu and Gan, Xuelan and Dai, Yumei and Chen, Yuminghang and Yu, Chao",2026,Materials Today Bio,10.1016/j.mtbio.2026.103369,https://www.scopus.com/pages/publications/105042646046?origin=resultslist,,39,,Article,Cited by: 1; All Open Access; Gold Open Access; Green Open Access,True,True,True
Rocha2025,ARTICLE,Anti-Candida Activity of Cysteine-Modified Amidated Decoralin in the Presence of Engineered Nanomaterials,"Rocha, Vânia and Almeida, Helena and Sarmento, Bruno and das Neves, José",2025,Pharmaceutics,10.3390/pharmaceutics17040460,https://www.scopus.com/pages/publications/105003539572?origin=resultslist,,17,4,Article,Cited by: 1; All Open Access; Gold Open Access; Green Open Access,True,True,True
Durán-Lobato202517,ARTICLE,Bioinspired orthogonal-shaped protein–biometal nanocrystals enable oral protein absorption,"Durán-Lobato, Matilde and Tovar, Sulay and Cuñarro, Juan and Ramos-Membrive, Rocío and Peñuelas, Iván and Marigo, Ilaria and Benetti, Federico and Chenlo, Miguel and Álvarez, Clara V. and Ildikó, Vashegyi and Urbanics, Rudolf and Szebeni, János and Alonso, María José",2025,Journal of Controlled Release,10.1016/j.jconrel.2024.11.016,https://www.scopus.com/pages/publications/85208959327?origin=resultslist,17 - 36,377,,Article,Cited by: 3; All Open Access; Hybrid Gold Open Access,True,True,False
Chen2026499,ARTICLE,"Prescribing GLPs for Obesity Treatment for Adults at a University Based Health Maintenance Organization by Race, Ethnicity, and Socioeconomic Status","Chen, Alissa S. and Brunetto, Wendy and Canavan, Maureen E. and Lipska, Kasia J. and Richey, Elizabeth and Wilson, Madeline S. and Zarro, James and Ross, Joseph S.",2026,Journal of General Internal Medicine,10.1007/s11606-025-09691-4,https://www.scopus.com/pages/publications/105009444328?origin=resultslist,499 - 505,41,2,Article,Cited by: 0; All Open Access; Green Open Access,True,False,True
Reyes-Vallejo2025,ARTICLE,"Preclinical Evaluation of 2-Aminobenzothiazole Derivatives: In Silico, In Vitro, and Preliminary In Vivo Studies as Diabetic Treatments and Their Complications","Reyes-Vallejo, Natalia and Valdes, Miguel and Reyes-Ramírez, Adelfo and Alvarado-Salazar, Juan Andres and Cruz, Alejandro and Andrade-Jorge, Erik and Mendieta-Wejebe, Jessica Elena",2025,Molecules,10.3390/molecules30163427,https://www.scopus.com/pages/publications/105014432364?origin=resultslist,,30,16,Article,Cited by: 0; All Open Access; Gold Open Access; Green Open Access,True,True,True
Dong2025139,ARTICLE,Animal Models of Exercise and Cardiometabolic Disease,"Dong, Gengfu and Ryan, Terence E. and Esser, Karyn A.",2025,Circulation Research,10.1161/CIRCRESAHA.124.325704,https://www.scopus.com/pages/publications/105010259423?origin=resultslist,139 - 162,137,2,Article,Cited by: 3; All Open Access; Green Open Access,True,False,True
Ma2024819,ARTICLE,"Effect of Food Consumption on the Pharmacokinetics, Safety, and Tolerability of Once-Daily Orally Administered Orforglipron (LY3502970), a Non-peptide GLP-1 Receptor Agonist","Ma, Xiaosu and Liu, Rong and Pratt, Edward J. and Benson, Charles T. and Bhattachar, Shobha N. and Sloop, Kyle W.",2024,Diabetes Therapy,10.1007/s13300-024-01554-1,https://www.scopus.com/pages/publications/85187275797?origin=resultslist,819 - 832,15,4,Article,Cited by: 30; All Open Access; Gold Open Access; Green Open Access,True,True,True
Liu2026,ARTICLE,Neuroprotective effects of shrimp peptides by improving synaptic plasticity through Adcy5/PKA/p-CREB based on proteomic techniques,"Liu, Ruowen and Ding, Jie and Zhong, Limin and Lin, Songyi",2026,Food Science and Human Wellness,10.26599/FSHW.2025.9250548,https://www.scopus.com/pages/publications/105047040354?origin=resultslist,,15,6,Article,Cited by: 1; All Open Access; Gold Open Access,True,True,False
Lieu2026,ARTICLE,"The plant hormone, 6-benzylaminopurine, ameliorates obesity in male and female mice while on a high-fat diet","Lieu, Calvin V. and Zhang, Cindy X. and Loganathan, Neruja and French, Leon and Krunic, Andre and Cash, Sarah B. and Shi, Jin and Lee, Juliette and Prentice, Kacey J. and Cummins, Carolyn L. and Gillis, Jesse and Belsham, Denise D.",2026,Molecular Metabolism,10.1016/j.molmet.2026.102366,https://www.scopus.com/pages/publications/105036679179?origin=resultslist,,108,,Article,Cited by: 0; All Open Access; Gold Open Access; Green Open Access,True,True,True
Retnakaran2025887,ARTICLE,One-Hour Oral Glucose Tolerance Test for the Postpartum Reclassification of Women With Hyperglycemia in Pregnancy,"Retnakaran, Ravi and Ye, Chang and Kramer, Caroline K. and Hanley, Anthony J. and Connelly, Philip W. and Sermer, Mathew and Zinman, Bernard",2025,Diabetes Care,10.2337/dc24-1848,https://www.scopus.com/pages/publications/105007109799?origin=resultslist,887 - 895,48,6,Article,Cited by: 13; All Open Access; Bronze Open Access,True,False,False
Moon2024546,ARTICLE,2023 Clinical Practice Guidelines for Diabetes Management in Korea: Full Version Recommendation of the Korean Diabetes Association,"Moon, Jun Sung and Kang, Shinae and Choi, Jong Han and Lee, Kyung Ae and Moon, Joon Ho and Chon, Suk and Kim, Dae Jung and Kim, Hyun Jin and Seo, Ji A. and Kim, Mee Kyoung and Lim, Jeong Hyun and Song, Yoon Ju and Yang, Ye Seul and Kim, Jae Hyeon and Lee, You-Bin and Noh, Junghyun and Hur, Kyu Yeon and Park, Jong Suk and Rhee, Sang Youl and Kim, Hae Jin and Kim, Hyun Min and Ko, Jung Hae and Kim, Nam Hoon and Kim, Chong Hwa and Ahn, Jeeyun and Oh, Tae Jung and Kim, Soo-Kyung and Kim, Jaehyun and Han, Eugene and Jin, Sang-Man and Bae, Jaehyun and Jeon, Eonju and Kim, Ji Min and Kang, Seon Mee and Park, Jung Hwan and Yun, Jae-Seung and Cha, Bong-Soo and Moon, Min Kyong and Lee, Byung-Wan",2024,Diabetes and Metabolism Journal,10.4093/dmj.2024.0249,https://www.scopus.com/pages/publications/85200147689?origin=resultslist,546 - 708,48,4,Article,Cited by: 60; All Open Access; Gold Open Access; Green Open Access,True,True,True
Chen2025,ARTICLE,Implement enhanced artificial “enteroendocrine L cells” via oral administration for effective treatment of type 2 diabetes,"Chen, Xiaomin and Zhang, Ying and Chen, Tingtao and Ji, Haihua and Liu, Jing and Yang, Lin and Zhang, Li and Xie, Pengcheng and Zhou, Qi and Wan, Hao",2025,Cell Biomaterials,10.1016/j.celbio.2025.100024,https://www.scopus.com/pages/publications/105020080496?origin=resultslist,,1,4,Article,Cited by: 8; All Open Access; Hybrid Gold Open Access,True,True,False
Pasqua20251239,ARTICLE,"Subcutaneous weekly semaglutide with automated insulin delivery in type 1 diabetes: a double-blind, randomized, crossover trial","Pasqua, Melissa-Rosina and Tsoukas, Michael A. and Kobayati, Alessandra and Aboznadah, Wedyan and Jafar, Adnan and Haidar, Ahmad",2025,Nature Medicine,10.1038/s41591-024-03463-z,https://www.scopus.com/pages/publications/85217225423?origin=resultslist,1239 - 1245,31,4,Article,Cited by: 66; All Open Access; Green Open Access; Hybrid Gold Open Access,True,True,True
Holstein2026,ARTICLE,First diagnosis of familial partial lipodystrophy syndrome type 3 during pregnancy associated with a novel heterozygous PPARG variant and a concurrent ABCC8 variant: a case report,"Holstein, Andreas and Jabri, Ingy and Linck, Jonas A. and Tönjes, Anke and Holstein, David J. F. and Kovacs, Peter and Pirlich, Luise",2026,Frontiers in Endocrinology,10.3389/fendo.2026.1855679,https://www.scopus.com/pages/publications/105044528065?origin=resultslist,,17,,Article,Cited by: 0; All Open Access; Gold Open Access; Green Open Access,True,True,True
Yang2025,ARTICLE,Design of Electrostatic Nanocomplex of Semaglutide with Protamine and Zinc for Subcutaneous Prolonged Delivery,"Yang, In Gyu and Kim, Jeong-Soo and Kang, Myung Joo",2025,Nanomaterials,10.3390/nano15181399,https://www.scopus.com/pages/publications/105017245671?origin=resultslist,,15,18,Article,Cited by: 3; All Open Access; Gold Open Access; Green Open Access,True,True,True
Duan2026,ARTICLE,Effects of pH and Salts on the Aggregation State of Semaglutide and Membrane Filtration Performance,"Duan, Lei and Yang, Yu and Wu, Hao and Ding, Xuehuan and Jiang, Min",2026,Separations,10.3390/separations13010015,https://www.scopus.com/pages/publications/105028591667?origin=resultslist,,13,1,Article,Cited by: 2; All Open Access; Gold Open Access; Green Open Access,True,True,True
Yan2024,ARTICLE,Modified Chitosan for Highly Efficient Non-Invasive Transdermal Delivery of Catalase to Repair and Prevent Skin Photodamages,"Yan, Xiaoying and Xu, Yuchun and Wei, Ting and Chai, Yu and Li, Yuxuan and Wang, Chunjie and Li, Mingkang and Zhang, Shuai and Zhu, Wenjun and Liu, Zhuang",2024,Advanced Functional Materials,10.1002/adfm.202409416,https://www.scopus.com/pages/publications/85199612679?origin=resultslist,,34,49,Article,Cited by: 33; All Open Access; Bronze Open Access,True,False,False
Patil2026,ARTICLE,The evolving therapeutic landscape of gut-pancreatic peptide signalling in metabolic disorders: from mono- to multi-agonist therapies,"Patil, Mohan and Piccinini, Federico and Johnstone, Elizabeth K.M. and Casari, Ilaria and Falasca, Marco",2026,Bioscience Reports,10.1042/BSR20250114,https://www.scopus.com/pages/publications/105045627960?origin=resultslist,,46,8,Article,Cited by: 0; All Open Access; Gold Open Access; Green Open Access,True,True,True
Zhang2025,ARTICLE,Oral Delivery of Semaglutide and Tirzepatide Using Milk-Derived Small Extracellular Vesicles,"Zhang, Yuefei and Han, Jianyi and Wu, Wei and Dang, Bobo",2025,Journal of Extracellular Biology,10.1002/jex2.70099,https://www.scopus.com/pages/publications/105022700231?origin=resultslist,,4,11,Article,Cited by: 1; All Open Access; Gold Open Access; Green Open Access,True,True,True
Qi2025,ARTICLE,Agonizing GABABR suppresses GLP-1RA’s chronotropic effect and reduces post-myocardial infarction arrhythmogenesis,"Qi, Run and Jingjing, Zhang and Hongchang, Gu and Chenyu, Li and He, Hu and Juan, Li and Yuqin, Zhao and Xiaolin, Wu",2025,Frontiers in Pharmacology,10.3389/fphar.2025.1616181,https://www.scopus.com/pages/publications/105021965256?origin=resultslist,,16,,Article,Cited by: 2; All Open Access; Gold Open Access; Green Open Access,True,True,True
Sagar20268034,ARTICLE,Electrospun Nanofiber Oral Thin Film Platform for Sublingual Peptide Delivery: A Promising Alternative to Conventional Semaglutide Formulations,"Sagar, Gyan and Stránská, Veronika and Stránská, Denisa and Daams, Renée and Taavoniku, Ida and Cheong, Rachel Y. and Madsen, Lone Bruhn",2026,"Diabetes, Obesity and Metabolism",10.1111/dom.71015,https://www.scopus.com/pages/publications/105041909723?origin=resultslist,8034 - 8044,28,9,Article,Cited by: 0; All Open Access; Green Open Access,True,False,True
