citekey,entry_type,title,author,year,journal,doi,url,pages,volume,number,scopus_type,note,open_access_flag,gold_oa,green_oa
Zheng20249829,ARTICLE,"Behavior of enzymes under high pressure in food processing: mechanisms, applications, and developments","Zheng, Nan and Long, Mengfei and Zhang, Zehua and Du, Shuang and Huang, Xinlei and Osire, Tolbert and Xia, Xiaole",2024,Critical Reviews in Food Science and Nutrition,10.1080/10408398.2023.2217268,https://www.scopus.com/pages/publications/85160427024?origin=resultslist,9829 - 9843,64,27,Review,Cited by: 16,False,False,False
Zhang2022,ARTICLE,Recent Progress in the Synergistic Bactericidal Effect of High Pressure and Temperature Processing in Fruits and Vegetables and Related Kinetics,"Zhang, Sinan and Meenu, Maninder and Hu, Lihui and Ren, Junde and Ramaswamy, Hosahalli S. and Yu, Yong",2022,Foods,10.3390/foods11223698,https://www.scopus.com/pages/publications/85142499975?origin=resultslist,,11,22,Review,Cited by: 17; All Open Access; Gold Open Access; Green Open Access,True,True,True
Djekic2022671,ARTICLE,Analysis and Comparison of Environmental Impacts of Nonthermal Food Technologies,"Djekic, Ilija and Tomasević, Igor",2022,Food Engineering Series,10.1007/978-3-030-92415-7_23,https://www.scopus.com/pages/publications/85139008260?origin=resultslist,671 - 685,,,Book chapter,Cited by: 5; All Open Access; Green Open Access,True,False,True
Ferreira2023,ARTICLE,Effect of high pressure processing and water activity on pressure resistant spoilage lactic acid bacteria (Latilactobacillus sakei) in a ready-to-eat meat emulsion model,"Ferreira, Natália Brunna Moresco and Rodrigues, Maria Isabel and Cristianini, Marcelo",2023,International Journal of Food Microbiology,10.1016/j.ijfoodmicro.2023.110293,https://www.scopus.com/pages/publications/85161706958?origin=resultslist,,401,,Article,Cited by: 14,False,False,False
Erdem20249151,ARTICLE,Quality changes in high hydrostatic pressure treated enriched tomato sauce,"Erdem, Furkan and Tas, Ozan and Erol, Nursen and Oztop, Mecit and Alpas, Hami",2024,Journal of the Science of Food and Agriculture,10.1002/jsfa.13736,https://www.scopus.com/pages/publications/85197700447?origin=resultslist,9151 - 9159,104,15,Article,Cited by: 4; All Open Access; Green Open Access; Hybrid Gold Open Access,True,True,True
Maghami2026,ARTICLE,Reduced-temperature pasteurization of apple juice using a flow-through sonicator,"Maghami, Sara and Rumpunen, Kimmo and Johansson, Örjan",2026,Ultrasonics Sonochemistry,10.1016/j.ultsonch.2026.107926,https://www.scopus.com/pages/publications/105042563392?origin=resultslist,,131,,Article,Cited by: 0; All Open Access; Gold Open Access; Green Open Access,True,True,True
Onyeaka20233663,ARTICLE,Application of Ultrasound Technology in Food Processing with emphasis on bacterial spores,"Onyeaka, Helen and Miri, Taghi and Hart, Abarasi and Anumudu, Christian and Nwabor, Ozioma Forstinus",2023,Food Reviews International,10.1080/87559129.2021.2013255,https://www.scopus.com/pages/publications/85128495005?origin=resultslist,3663 - 3675,39,7,Review,Cited by: 67; All Open Access; Green Open Access; Hybrid Gold Open Access,True,True,True
Stefanini2022193,ARTICLE,Benefits and effectiveness of high pressure processing on cheese: A ricotta case study,"Stefanini, Roberta and Ronzano, Anna and Borghesi, Giulia and Vignali, Giuseppe",2022,International Journal of Food Engineering,10.1515/ijfe-2021-0023,https://www.scopus.com/pages/publications/85115609580?origin=resultslist,193 - 199,18,3,Article,Cited by: 6,False,False,False
Seyedalangi2025,ARTICLE,Combined effects of gliding-arc plasma and C-phycocyanin on antioxidant activity and shelf-life extension of rainbow trout (Oncorhynchus mykiss) fillets,"Seyedalangi, Maedehsadat and Sari, Amir Hossein and Nowruzi, Bahareh and Anvar, Seyed Amir Ali",2025,PLOS ONE,10.1371/journal.pone.0336896,https://www.scopus.com/pages/publications/105022174499?origin=resultslist,,20,11 November,Article,Cited by: 0; All Open Access; Gold Open Access; Green Open Access,True,True,True
Schnabel2021115,ARTICLE,Plasma-Functionalized Water: from Bench to Prototype for Fresh-Cut Lettuce,"Schnabel, Uta and Handorf, Oliver and Stachowiak, Joerg and Boehm, Daniela and Weit, Christoph and Weihe, Thomas and Schäfer, Jan and Below, Harald and Bourke, Paula and Ehlbeck, Joerg",2021,Food Engineering Reviews,10.1007/s12393-020-09238-9,https://www.scopus.com/pages/publications/85085128573?origin=resultslist,115 - 135,13,1,Article,Cited by: 50; All Open Access; Green Open Access; Hybrid Gold Open Access,True,True,True
Gonçalves2024,ARTICLE,Emergent methods for inactivation of Cronobacter sakazakii in foods: A systematic review and meta-analysis,"Gonçalves, Maria Paula M.B.B. and do Prado-Silva, Leonardo and Sant'Ana, Anderson S.",2024,International Journal of Food Microbiology,10.1016/j.ijfoodmicro.2024.110777,https://www.scopus.com/pages/publications/85196492637?origin=resultslist,,421,,Review,Cited by: 6,False,False,False
Beitia20232802,ARTICLE,Microbial decontamination assisted by ultrasound-based processing technologies in food and model systems: A review,"Beitia, Enrique and Gkogka, Elissavet and Chanos, Panagiotis and Hertel, Christian and Heinz, Volker and Valdramidis, Vasilis and Aganovic, Kemal",2023,Comprehensive Reviews in Food Science and Food Safety,10.1111/1541-4337.13163,https://www.scopus.com/pages/publications/85159278265?origin=resultslist,2802 - 2849,22,4,Review,Cited by: 41; All Open Access; Hybrid Gold Open Access,True,True,False
Braspaiboon2024,ARTICLE,"High Hydrostatic Pressure: Influences on Allergenicity, Bioactivities, and Structural and Functional Properties of Proteins from Diverse Food Sources","Braspaiboon, Sukan and Laokuldilok, Thunnop",2024,Foods,10.3390/foods13060922,https://www.scopus.com/pages/publications/85188702440?origin=resultslist,,13,6,Review,Cited by: 53; All Open Access; Gold Open Access; Green Open Access,True,True,True
Zhang2025756,ARTICLE,Innovative Strategies for Enhancing Heating Uniformity and Quality in Radio Frequency Food Processing: Challenges and Future Directions,"Zhang, Yuqing and Wang, Xiangyi and Zeng, Yandi and Hao, Qian and Wang, Shaojin and Huang, Zhi",2025,Food Engineering Reviews,10.1007/s12393-025-09410-z,https://www.scopus.com/pages/publications/105007033325?origin=resultslist,756 - 775,17,3,Article,Cited by: 8,False,False,False
Bhabani20241541,ARTICLE,Microgreens and novel non-thermal seed germination techniques for sustainable food systems: a review,"Bhabani, Mulakala Geeta and Shams, Rafeeya and Dash, Kshirod Kumar",2024,Food Science and Biotechnology,10.1007/s10068-024-01529-9,https://www.scopus.com/pages/publications/85185964656?origin=resultslist,1541 - 1557,33,7,Review,Cited by: 20; All Open Access; Green Open Access,True,False,True
González-Tejedor2023372,ARTICLE,Application of High Hydrostatic Pressure in fresh purple smoothie: Microbial inactivation kinetic modelling and qualitative studies,"González-Tejedor, Gerardo and Garre, Alberto and Egea, Jose A and Aznar, A. and Artés-Hernández, Francisco and Fernández, Pablo S",2023,Food Science and Technology International,10.1177/10820132221095607,https://www.scopus.com/pages/publications/85137521366?origin=resultslist,372 - 382,29,4,Article,Cited by: 5; All Open Access; Green Open Access,True,False,True
Magalhães20231,BOOK,Use of high-pressure technologies on enzymes,"Magalhães, Isabela Soares and Tribst, Alline Artigiani Lima and de Castro Leite Júnior, Bruno Ricardo",2023,Effect of High-Pressure Technologies on Enzymes: Science and Applications,10.1016/B978-0-323-98386-0.00002-6,https://www.scopus.com/pages/publications/85152857957?origin=resultslist,1 - 18,,,Book chapter,Cited by: 3,False,False,False
Ding2026913,ARTICLE,"Current status, challenges, and future prospects of non-thermal sterilization technologies in dairy products","Ding, Nina and Sun, Qiyue and Yu, Zhongna and Jiang, Hongning and Du, Qijing and Fan, Rongbo and You, Liangliang and Yang, Yongxin and Han, Rongwei",2026,Critical Reviews in Food Science and Nutrition,10.1080/10408398.2025.2534421,https://www.scopus.com/pages/publications/105011698162?origin=resultslist,913 - 932,66,5,Review,Cited by: 4,False,False,False
Kwon2025219,ARTICLE,Prevention of foodborne viruses and pathogens in fresh produce and root vegetables,"Kwon, Hyojin and Lim, Dong Jae and Choi, Changsun",2025,Advances in Food and Nutrition Research,10.1016/bs.afnr.2024.09.015,https://www.scopus.com/pages/publications/85206654828?origin=resultslist,219 - 285,113,,Article,Cited by: 5,False,False,False
Ledina2023149,ARTICLE,Non-thermal technologies for milk and dairy processing,"Ledina, Tijana and Dordević, Jasna and Kovandžić, Marija and Bulajić, Snežana",2023,Meat Technology,10.18485/meattech.2023.64.2.27,https://www.scopus.com/pages/publications/85177799768?origin=resultslist,149 - 154,64,2,Review,Cited by: 5; All Open Access; Gold Open Access; Green Open Access,True,True,True
Anumudu2021,ARTICLE,Recent advances in the application of the antimicrobial peptide nisin in the inactivation of spore-forming bacteria in foods,"Anumudu, Christian and Hart, Abarasi and Miri, Taghi and Onyeaka, Helen",2021,Molecules,10.3390/molecules26185552,https://www.scopus.com/pages/publications/85114943916?origin=resultslist,,26,18,Review,Cited by: 101; All Open Access; Gold Open Access; Green Open Access,True,True,True
Otero2022359,BOOK,Application of high pressure processing in freezing and thawing processes,"Otero, Laura",2022,Non-thermal Food Processing Operations: Unit Operations and Processing Equipment in the Food Industry,10.1016/B978-0-12-818717-3.00005-6,https://www.scopus.com/pages/publications/85150098027?origin=resultslist,359 - 405,,,Book chapter,Cited by: 9,False,False,False
Sykora2026,ARTICLE,Effect of High-Pressure Processing Operating Parameters on Microbial Inactivation and Bioactive Protein Preservation in Bovine Milk: A Systematic Review,"Sykora, Rudy and Mark, Caleb and Biondi Ryan, Marie and Barman, Bishal and Pitino, Michael and Dallas, David C.",2026,Comprehensive Reviews in Food Science and Food Safety,10.1111/1541-4337.70324,https://www.scopus.com/pages/publications/105021719467?origin=resultslist,,25,1,Review,Cited by: 3; All Open Access; Green Open Access; Hybrid Gold Open Access,True,True,True
Garcia Bustos2024,ARTICLE,Hydrodynamic cavitation as a promising technology for fresh produce-based beverages processing,"Garcia Bustos, Kiara A. and Tejada Meza, Kevin and Flores Alarcon, Miguel A.D. and dos Santos, Júlio César and Colina Andrade, Gilberto J. and Terán Hilares, Ruly",2024,Innovative Food Science and Emerging Technologies,10.1016/j.ifset.2024.103784,https://www.scopus.com/pages/publications/85200893767?origin=resultslist,,96,,Review,Cited by: 7,False,False,False
Fidalgo2023141,BOOK,High-pressure processing associated with other technologies to change enzyme activity,"Fidalgo, Liliana G. and Moreira, Silvia A. and Ormando, Paula and Pinto, Carlos A. and Queirós, Rui P. and Saraiva, Jorge A.",2023,Effect of High-Pressure Technologies on Enzymes: Science and Applications,10.1016/B978-0-323-98386-0.00012-9,https://www.scopus.com/pages/publications/85152810867?origin=resultslist,141 - 168,,,Book chapter,Cited by: 10; All Open Access; Green Open Access,True,False,True
Munekata2025329,BOOK,Food safety involved in green technologies for processing of beverages,"Munekata, Paulo Eduardo Sichetti",2025,Emerging Green Processing Technologies for Beverages,10.1016/B978-0-443-15732-5.00012-5,https://www.scopus.com/pages/publications/105005918879?origin=resultslist,329 - 385,,,Book chapter,Cited by: 0,False,False,False
Lee2024,ARTICLE,"The Combined Use of High Pressure Processing and Lactic Acid Containing Fermentate on Inactivation of Salmonella, Shiga Toxin-producing E. coli, and Listeria monocytogenes in Raw Pet Foods","Lee, Alvin and Maks-Warren, Nicole and Aguilar, Viviana and Swicegood, Brittany and Halik, Lindsay and Warren, Joshua and O'Neill, Edward and Meents, Jason and Tejayadi, Susy",2024,Journal of Food Protection,10.1016/j.jfp.2024.100390,https://www.scopus.com/pages/publications/85208587072?origin=resultslist,,87,12,Article,Cited by: 4; All Open Access; Gold Open Access; Green Open Access,True,True,True
Awuchi2026,ARTICLE,"Chemistry Underlying the Behavior of Food and Agricultural Components During Industrial Manufacturing Processes and Its Implications in Quality Assurance, Food Quality, and Food Safety Management: A Systematic Review","Awuchi, Chinaza Godswill",2026,Food Safety and Health,10.1002/fsh3.70110,https://www.scopus.com/pages/publications/105042636295?origin=resultslist,,,,Article,Cited by: 0; All Open Access; Gold Open Access,True,True,False
Popa2023,ARTICLE,Trends in Food Pathogens Risk Attenuation,"Popa, Elisabeta Elena and Ungureanu, Elena Loredana and Geicu-Cristea, Mihaela and Mitelut, Amalia Carmen and Draghici, Mihaela Cristina and Popescu, Paul Alexandru and Popa, Mona Elena",2023,Microorganisms,10.3390/microorganisms11082023,https://www.scopus.com/pages/publications/85168859173?origin=resultslist,,11,8,Review,Cited by: 6; All Open Access; Gold Open Access; Green Open Access,True,True,True
Koo2023,ARTICLE,Acid adaptation increased the resistance of Escherichia coli O157:H7 in bok choy (Brassica rapa subsp. chinensis) juice to high-pressure processing,"Koo, Andrea and Ghate, Vinayak and Zhou, Weibiao",2023,Applied and Environmental Microbiology,10.1128/aem.00602-23,https://www.scopus.com/pages/publications/85178496050?origin=resultslist,,89,11,Article,Cited by: 3; All Open Access; Green Open Access,True,False,True
Nikparvar2021,ARTICLE,A Diffusion Model to Quantify Membrane Repair Process in Listeria monocytogenes Exposed to High Pressure Processing Based on Fluorescence Microscopy Data,"Nikparvar, Bahareh and Subires, Alicia and Capellas, Marta and Hernandez-Herrero, Manuela and Crauwels, Peter and Riedel, Christian U. and Bar, Nadav",2021,Frontiers in Microbiology,10.3389/fmicb.2021.598739,https://www.scopus.com/pages/publications/85107034195?origin=resultslist,,12,,Article,Cited by: 9; All Open Access; Gold Open Access; Green Open Access,True,True,True
Singh2025,ARTICLE,A Comprehensive Review on Advances in Sustainable Non-Thermal Technologies for Liquid Food Safety and Quality Retention,"Singh, Shubhi and Mishra, Sabyasachi and Nanje Gowda, N.A. and Dalbhagat, Chandrakant Genu and Venugopal, Arun Prasath and Kambhampati, Vivek",2025,Journal of Food Process Engineering,10.1111/jfpe.70177,https://www.scopus.com/pages/publications/105010814032?origin=resultslist,,48,7,Review,Cited by: 6; All Open Access; Bronze Open Access,True,False,False
Fernandes2025,ARTICLE,Clean Label Approaches in Cheese Production: Where Are We?,"Fernandes, Jaime and Gomes, Sandra and Reboredo, Fernando H. and Pintado, Manuela E. and Amaral, Olga and Dias, João and Alvarenga, Nuno",2025,Foods,10.3390/foods14050805,https://www.scopus.com/pages/publications/86000511752?origin=resultslist,,14,5,Review,Cited by: 18; All Open Access; Gold Open Access; Green Open Access,True,True,True
Almughamisi2026,ARTICLE,"Sustainable preservation of dried fish using hybridized plant extracts: HPLC-based quantification of aflatoxins and vitamins, and assessment of broad-spectrum antimicrobial efficacy","Almughamisi, Manal and Uguru, Hilary and Adaigho, Dennis and Abu Ali, Ola A. and Alharthi, Sarah and Sami, Rokayya and Kadi, Roqayah H. and Alnajeebi, Afnan M. and Alqahtani, Amera N. and Alaoufi, Shatha H. and Khashoqji, Moayad M. and Felemban, Alaa H. and Jawharji, Monya T. and Hafiz, Halah A. and Allily, Rowida and Wazzan, Huda",2026,PLOS ONE,10.1371/journal.pone.0347254,https://www.scopus.com/pages/publications/105036905385?origin=resultslist,,21,4 April,Article,Cited by: 0; All Open Access; Gold Open Access; Green Open Access,True,True,True
Ganjeh2024,ARTICLE,The effects of high-pressure processing on biogenic amines in food: A review,"Ganjeh, Alireza Mousakhani and Moreira, Nicole and Pinto, Carlos A. and Casal, Susana and Saraiva, Jorge A.",2024,Food and Humanity,10.1016/j.foohum.2024.100252,https://www.scopus.com/pages/publications/85200106788?origin=resultslist,,2,,Review,Cited by: 19; All Open Access; Hybrid Gold Open Access,True,True,False
Ma2026,ARTICLE,Mechanistic insights into acid-induced viable but non-culturable state formation regulated by asr in Escherichia coli O157:H7: roles of intracellular protein aggregation,"Ma, Xinyu and Wu, Yanan and Zhang, Jiajing and Li, Jun and Ren, Qing and Pan, Hanxu and Sun, Zhanbin",2026,Food Microbiology,10.1016/j.fm.2026.105200,https://www.scopus.com/pages/publications/105041539759?origin=resultslist,,140,,Article,Cited by: 0,False,False,False
Wiśniewski2026,ARTICLE,"Application of pascalisation in the control of Listeria sp. in beverages – Effectiveness, limitations, and future prospects","Wiśniewski, Patryk and Zadernowska, Anna",2026,Food Microbiology,10.1016/j.fm.2025.104932,https://www.scopus.com/pages/publications/105016684215?origin=resultslist,,134,,Review,Cited by: 1; All Open Access; Hybrid Gold Open Access,True,True,False
Shirani2026,ARTICLE,Honey as a Functional Food: Evaluating Its Antimicrobial Properties and Bacterial Safety Concerns,"Shirani, Kobra and Mottaghi, Amirmohammad and Shabani, Mohammad",2026,Foodborne Pathogens and Disease,10.1177/15353141251392181,https://www.scopus.com/pages/publications/105030529115?origin=resultslist,,,,Review,Cited by: 1,False,False,False
Sruthi202158,ARTICLE,Effect of processing on storage stability of millet flour: A review,"Sruthi, N.U. and Rao, Pavuluri Srinivasa",2021,Trends in Food Science and Technology,10.1016/j.tifs.2021.03.043,https://www.scopus.com/pages/publications/85103695812?origin=resultslist,58 - 74,112,,Review,Cited by: 154,False,False,False
Yildiz2021,ARTICLE,"Shelf life extension of strawberry juice by equivalent ultrasound, high pressure, and pulsed electric fields processes","Yildiz, Semanur and Pokhrel, Prashant Raj and Unluturk, Sevcan and Barbosa-Cánovas, Gustavo V.",2021,Food Research International,10.1016/j.foodres.2020.110040,https://www.scopus.com/pages/publications/85098686986?origin=resultslist,,140,,Article,Cited by: 101; All Open Access; Bronze Open Access,True,False,False
Kim2023,ARTICLE,Effect of high-pressure processing on the inactivation of foodborne pathogens in egg salad,"Kim, Min-Ju and Park, Sang-Hyun",2023,Letters in Applied Microbiology,10.1093/lambio/ovad068,https://www.scopus.com/pages/publications/85163904630?origin=resultslist,,76,6,Article,Cited by: 3,False,False,False
Koo2023,ARTICLE,Residual polyphenol oxidase and peroxidase activities in high pressure processed bok choy (Brassica rapa subsp. chinensis) juice did not accelerate nutrient degradation during storage,"Koo, Andrea and Chew, Ding Xiang and Ghate, Vinayak and Zhou, Weibiao",2023,Innovative Food Science and Emerging Technologies,10.1016/j.ifset.2023.103284,https://www.scopus.com/pages/publications/85146432862?origin=resultslist,,84,,Article,Cited by: 26; All Open Access; Hybrid Gold Open Access,True,True,False
Serra-Castelló2023,ARTICLE,High pressure processing to control Salmonella in raw pet food without compromising the freshness appearance: The impact of acidulation and frozen storage,"Serra-Castelló, Cristina and Possas, Arícia and Jofré, Anna and Garriga, Margarita and Bover-Cid, Sara",2023,Food Microbiology,10.1016/j.fm.2022.104139,https://www.scopus.com/pages/publications/85137761814?origin=resultslist,,109,,Article,Cited by: 15; All Open Access; Green Open Access,True,False,True
Ying20241,ARTICLE,Advancements in nonthermal physical field technologies for prefabricated aquatic food: A comprehensive review,"Ying, Xiaoguo and Li, Taiyu and Deng, Shanggui and Brennan, Charles and Benjakul, Soottawat and Liu, Huifan and Wang, Feng and Xie, Xi and Liu, Dongjie and Li, Jun and Xiao, Gengsheng and Ma, Lukai",2024,Comprehensive Reviews in Food Science and Food Safety,10.1111/1541-4337.13290,https://www.scopus.com/pages/publications/85181442531?origin=resultslist,1 - 34,23,1,Review,Cited by: 42,False,False,False
Tang20248587,ARTICLE,Mechanistic and synergistic aspects of ultrasonics and hydrodynamic cavitation for food processing,"Tang, Jiafei and Zhu, Xianglu and Jambrak, Anet Rezek and Sun, Da-Wen and Tiwari, Brijesh K.",2024,Critical Reviews in Food Science and Nutrition,10.1080/10408398.2023.2201834,https://www.scopus.com/pages/publications/85159580308?origin=resultslist,8587 - 8608,64,24,Review,Cited by: 70,False,False,False
Tantala2025,ARTICLE,Cellulose casing impregnated with chitosan: Its antimicrobial activity and application in ready-to-eat sausage,"Tantala, Juthamas and Kaokham, Pongkwan and Boonsupthip, Waraporn and Thumanu, Kanjana and Rachtanapun, Pornchai and Naksang, Porawan and Rachtanapun, Chitsiri",2025,Food Research International,10.1016/j.foodres.2025.116108,https://www.scopus.com/pages/publications/86000781771?origin=resultslist,,208,,Article,Cited by: 3; All Open Access; Hybrid Gold Open Access,True,True,False
Soni20214652,ARTICLE,Applications of novel processing technologies to enhance the safety and bioactivity of milk,"Soni, Aswathi and Samuelsson, Linda M. and Loveday, Simon M. and Gupta, Tanushree B",2021,Comprehensive Reviews in Food Science and Food Safety,10.1111/1541-4337.12819,https://www.scopus.com/pages/publications/85113510087?origin=resultslist,4652 - 4677,20,5,Article,Cited by: 45; All Open Access; Green Open Access,True,False,True
Xu2022,ARTICLE,Vacuum packaging improved inactivation efficacy of moderate dry heat for decontamination of Salmonella on almond kernels,"Xu, Shiwei and Chen, Haiqiang",2022,International Journal of Food Microbiology,10.1016/j.ijfoodmicro.2022.109849,https://www.scopus.com/pages/publications/85135407972?origin=resultslist,,379,,Article,Cited by: 11,False,False,False
Gökmen2024,ARTICLE,Current approaches in water-assisted systems for foodborne microbial inactivation: A review,"Gökmen, Gökhan Gurur and Rathod, Nikheel Bhojraj and Guzik, Paulina and Kulawik, Piotr and Akan, Tamer and Kışla, Duygu and Ozogul, Fatih",2024,Trends in Food Science and Technology,10.1016/j.tifs.2023.104284,https://www.scopus.com/pages/publications/85178499301?origin=resultslist,,143,,Review,Cited by: 14,False,False,False
Ishikawa2025135,ARTICLE,Optimization of Legume Processing Based on Food Chemical Engineering Analysis; [食品化学工学的解析に基づいた豆類加工プロセスの最適化],"Ishikawa, Daitaro and Fujii, Tomoyuki and Tsukada, Yoshihiro",2025,Japan Journal of Food Engineering,10.11301/jsfe.25678,https://www.scopus.com/pages/publications/105024703742?origin=resultslist,135 - 141,26,4,Article,Cited by: 0; All Open Access; Gold Open Access,True,True,False
Chaikham2025,ARTICLE,High pressure processing of sweet corn milk yogurt: A plant-based probiotic carrier with enhanced stability,"Chaikham, Pittaya and Yutsapremanon, Suttipong and Baipong, Sasitorn and Jung, Young Hoon and Zhang, Wanli and Suriyarak, Sarisa and Rawdkuen, Saroat and Sai-Ut, Samart and Jirasatid, Sani",2025,Food Chemistry Advances,10.1016/j.focha.2025.101174,https://www.scopus.com/pages/publications/105022170675?origin=resultslist,,9,,Article,Cited by: 4; All Open Access; Gold Open Access; Green Open Access,True,True,True
Syed20257119,ARTICLE,"Measurement and characterization of sugarcane juice quality, nutrient retention and enhancing shelf life with cold preservation methods","Syed, Ayesha and Akhtar, Muhammad and Zahid, Hira and Azeem, Subhan and Iqbal, Ali and Urooj, Rabail and Kashif, Ali Sher and Bano, Yasmeen",2025,Journal of Food Measurement and Characterization,10.1007/s11694-025-03456-7,https://www.scopus.com/pages/publications/105009401167?origin=resultslist,7119 - 7130,19,10,Article,Cited by: 0,False,False,False
Leong20247739,ARTICLE,Addressing the opportunities of non-thermal food processing technologies in the ASEAN region context,"Leong, Sze Ying and Duque, Sheba Mae M. and Conde, Ladie Anne and Khrisanapant, Prit and Oey, Indrawati",2024,International Journal of Food Science and Technology,10.1111/ijfs.17203,https://www.scopus.com/pages/publications/85192749960?origin=resultslist,7739 - 7753,59,10,Review,Cited by: 12; All Open Access; Hybrid Gold Open Access,True,True,False
Bhatnagar2022,ARTICLE,Impact of irradiation on physico-chemical and nutritional properties of fruits and vegetables: A mini review,"Bhatnagar, Pooja and Gururani, Prateek and Bisht, Bhawna and Kumar, Vinod and Kumar, Navin and Joshi, Raja and Vlaskin, Mikhail S.",2022,Heliyon,10.1016/j.heliyon.2022.e10918,https://www.scopus.com/pages/publications/85139327895?origin=resultslist,,8,10,Review,Cited by: 64; All Open Access; Gold Open Access; Green Open Access,True,True,True
Ramakrishnan2023,ARTICLE,Non-thermal process technologies: Influences on nutritional and storage characteristics of millets,"Ramakrishnan, Sudha Rani and Antony, Usha and Kim, Soo-Jung",2023,Journal of Food Process Engineering,10.1111/jfpe.14215,https://www.scopus.com/pages/publications/85142253735?origin=resultslist,,46,10,Review,Cited by: 39,False,False,False
Sheen20225042,ARTICLE,"Synergistic effect of high hydrostatic pressure, allyl isothiocyanate, and acetic acid on the inactivation and survival of pathogenic Escherichia coli in ground chicken","Sheen, Shiowshuh and Huang, Chi-Yun and Chuang, Shihyu",2022,Journal of Food Science,10.1111/1750-3841.16346,https://www.scopus.com/pages/publications/85139076287?origin=resultslist,5042 - 5053,87,11,Article,Cited by: 5,False,False,False
Stanford2021,ARTICLE,"Biofilm-forming capacity of Escherichia coli isolated from cattle and beef packing plants: Relation to virulence attributes, stage of processing, antimicrobial interventions, and heat tolerance","Stanford, Kim and Tran, Frances and Zhang, Peipei and Yang, Xianqin",2021,Applied and Environmental Microbiology,10.1128/AEM.01126-21,https://www.scopus.com/pages/publications/85120084483?origin=resultslist,,87,23,Article,Cited by: 26; All Open Access; Green Open Access,True,False,True
Machado2023,ARTICLE,High Pressure and Pasteurization Effects on Dairy Cream †,"Machado, Fernanda and Duarte, Ricardo V. and Pinto, Carlos A. and Casal, Susana and Lopes-da-Silva, José A. and Saraiva, Jorge A.",2023,Foods,10.3390/foods12193640,https://www.scopus.com/pages/publications/85173812698?origin=resultslist,,12,19,Article,Cited by: 11; All Open Access; Gold Open Access; Green Open Access,True,True,True
Zou2021,ARTICLE,Effects of decontamination treatment combined with natural chemicals and/or ultra-high pressure on the quality and safety of ready-to-eat wine-pickled mud snails (Bullacta exarata),"Zou, Xiaoqian and Peng, Sijia and Pang, Chunxia and Wang, Junhao and Gouda, Mohamed Hawali Bata and Du, Chuanlai and Yu, Jubo and Luo, Haibo and Jiang, Li",2021,Food Quality and Safety,10.1093/fqsafe/fyab001,https://www.scopus.com/pages/publications/85106403373?origin=resultslist,,5,,Article,Cited by: 4; All Open Access; Gold Open Access,True,True,False
Bhanu Prakash Reddy2026,ARTICLE,"Impact of Pulsed Electric Field, High-Pressure Processing, Combined, and Thermal Treatments on the Quality of Tender Coconut Water During Refrigerated Preservation","Bhanu Prakash Reddy, N. and Thivya, P. and Sinija, V.R.",2026,Food and Bioprocess Technology,10.1007/s11947-026-04278-1,https://www.scopus.com/pages/publications/105033723099?origin=resultslist,,19,4,Article,Cited by: 2,False,False,False
Serra-Castelló2022,ARTICLE,Enhanced high hydrostatic pressure lethality in acidulated raw pet food formulations was pathogen species and strain dependent,"Serra-Castelló, Cristina and Possas, Aricia and Jofré, Anna and Garriga, Margarita and Bover-Cid, Sara",2022,Food Microbiology,10.1016/j.fm.2022.104002,https://www.scopus.com/pages/publications/85124487587?origin=resultslist,,104,,Article,Cited by: 11,False,False,False
Kumar2025,ARTICLE,"Synergistic integration of high-pressure processing, pulsed electric fields, cold plasma, and UV light with bioactive compounds for enhanced food safety, quality, and shelf-life: new advances and mechanisms","Kumar, Anand and Hailu, Gebremichael Gebremedhin and Xv, Meijin and Qiu, Hui and Choic, Sun-Il and Lee, Ok-Hwan and Wang, Zefu and Han, Zongyuan and Liu, Shucheng and Wei, Shuai",2025,Food and Humanity,10.1016/j.foohum.2025.100757,https://www.scopus.com/pages/publications/105012923411?origin=resultslist,,5,,Article,Cited by: 8,False,False,False
Chandel2025,ARTICLE,Applications of High Pressure Homogenization in Food Industry for Ensuring Quality and Safety,"Chandel, Anu and Xavier, Janifer Raj and Chauhan, Om Prakash",2025,Journal of Food Process Engineering,10.1111/jfpe.70105,https://www.scopus.com/pages/publications/105002167866?origin=resultslist,,48,4,Review,Cited by: 9; All Open Access; Hybrid Gold Open Access,True,True,False
Katsigiannis2022,ARTICLE,Continuous in-line decontamination of food-processing surfaces using cold atmospheric pressure air plasma,"Katsigiannis, Andreas S. and Hojnik, Nataša and Modic, Martina and Bayliss, Danny L. and Kovač, Janez and Walsh, James L.",2022,Innovative Food Science and Emerging Technologies,10.1016/j.ifset.2022.103150,https://www.scopus.com/pages/publications/85139003221?origin=resultslist,,81,,Article,Cited by: 20,False,False,False
Erdem2026,ARTICLE,Modeling the inactivation of E. coli O157:H7 (ATCC 43888) in high hydrostatic pressure treated tomato juice,"Erdem, Furkan and Dogan, Onay and Alpas, Hami",2026,International Journal of Food Microbiology,10.1016/j.ijfoodmicro.2026.111653,https://www.scopus.com/pages/publications/105028241155?origin=resultslist,,450,,Article,Cited by: 0; All Open Access; Green Open Access,True,False,True
Sabillón202170,ARTICLE,Effect of high-pressure processing on the microbial load and functionality of sugar-cookie dough,"Sabillón, Luis and Stratton, Jayne and Rose, Devin and Eskridge, Kent and Bianchini, Andréia",2021,Cereal Chemistry,10.1002/cche.10377,https://www.scopus.com/pages/publications/85097044527?origin=resultslist,70 - 80,98,1,Article,Cited by: 17,False,False,False
Vettickathadathil2026,ARTICLE,Effect of High-Pressure Processing on Refrigerated Storage Stability and Quality of Fresh Salmon Fillet,"Vettickathadathil, Greeshma Cyriac and Ramaswamy, Hosahalli S.",2026,Applied Sciences (Switzerland),10.3390/app16146925,https://www.scopus.com/pages/publications/105045990627?origin=resultslist,,16,14,Article,Cited by: 0; All Open Access; Gold Open Access,True,True,False
Rossi Ribeiro2026,ARTICLE,Enhancing shelf life of pumpkin pulp with natural-based preservative and high pressure processing,"Rossi Ribeiro, Luma and Leichtweis, Maria G. and Landgräber, Eva and Silva, Beatriz and Azevedo, Miguel and Pereira, Carla and Carocho, Márcio and Barros, Lillian and Schlüter, Oliver",2026,Frontiers in Food Science and Technology,10.3389/frfst.2026.1817509,https://www.scopus.com/pages/publications/105041198801?origin=resultslist,,6,,Article,Cited by: 0; All Open Access; Gold Open Access; Green Open Access,True,True,True
de Castro Leite20231,BOOK,Effect of High-Pressure Technologies on Enzymes: Science and Applications,"de Castro Leite, Bruno Ricardo and Tribst, Alline Artigiani Lima",2023,Effect of High-Pressure Technologies on Enzymes: Science and Applications,10.1016/C2021-0-01055-5,https://www.scopus.com/pages/publications/85152811616?origin=resultslist,1 - 443,,,Book,Cited by: 5,False,False,False
Alinovi2021,ARTICLE,Stabilization of Arthrospira platensis with high-pressure processing and thermal treatments: Effect on physico-chemical and microbiological quality,"Alinovi, Marcello and Bancalari, Elena and Martelli, Francesco and Cirlini, Martina and Rinaldi, Massimiliano",2021,Journal of Food Processing and Preservation,10.1111/jfpp.15912,https://www.scopus.com/pages/publications/85114311363?origin=resultslist,,45,11,Article,Cited by: 10,False,False,False
Iqbal2021495,BOOK,High-pressure processing for food preservation,"Iqbal, Aamir and Murtaza, Ayesha and Pinto, Carlos A. and Saraiva, Jorge A. and Liu, Xuan and Zhu, Zhenzhou and Lorenzo, Jose Manuel and Marszałek, Krystian",2021,"Innovative and Emerging Technologies in the Bio-marine Food Sector: Applications, Regulations, and Prospects",10.1016/B978-0-12-820096-4.00006-7,https://www.scopus.com/pages/publications/85138406662?origin=resultslist,495 - 518,,,Book chapter,Cited by: 15,False,False,False
Reddy2024,ARTICLE,"High-pressure processing for inactivation of enzymes, microbes, and its effect on nutritional composition of tender coconut water","Reddy, Nalla Bhanu Prakash and Buvaneswaran, Malini and Anto, Annet Mary and Sinija, V.R.",2024,Journal of Food Process Engineering,10.1111/jfpe.14624,https://www.scopus.com/pages/publications/85192000552?origin=resultslist,,47,5,Article,Cited by: 6,False,False,False
Al-Sharify2025,ARTICLE,Non-Thermal Technologies in Food Processing: Implications for Food Quality and Rheology,"Al-Sharify, Zainab T. and Al-Najjar, Shahad Z. and Anumudu, Christian Kosisochukwu and Hart, Abarasi and Miri, Taghi and Onyeaka, Helen",2025,Applied Sciences (Switzerland),10.3390/app15063049,https://www.scopus.com/pages/publications/105000892138?origin=resultslist,,15,6,Review,Cited by: 43; All Open Access; Gold Open Access; Green Open Access,True,True,True
Chauhan2025213,BOOK,"Advanced Non-Thermal Techniques in Fish Processing: Ultrasound, Ozone, Pulsed Light and High-Pressure Processing","Chauhan, Vivek and Singh, Arya and Iqbal, Gowhar and Shyni, K.",2025,"Fisheries Biology, Aquaculture and Post-Harvest Management: Volume 04",,https://www.scopus.com/pages/publications/105037291408?origin=resultslist,213 - 222,,,Book chapter,Cited by: 0,False,False,False
Fan2021362,ARTICLE,Quality of fresh and fresh-cut produce impacted by nonthermal physical technologies intended to enhance microbial safety,"Fan, Xuetong and Wang, Wenli",2021,Critical Reviews in Food Science and Nutrition,10.1080/10408398.2020.1816892,https://www.scopus.com/pages/publications/85091123142?origin=resultslist,362 - 382,62,2,Review,Cited by: 57,False,False,False
Mohammadi2025193,ARTICLE,"Production of date syrup using ohmic heating under vacuum: evaluating the effects of voltage gradient and pressure on energy consumption, efficiency and quality characteristics","Mohammadi, Pedram and Chayjan, Reza Amiri and Darvishi, Hosain",2025,Innovative Food Technologies,10.22104/IFT.2025,https://www.scopus.com/pages/publications/105013404846?origin=resultslist,193 - 211,12,2,Article,Cited by: 1,False,False,False
Tian202417,ARTICLE,Research advances in the application of plant proteins to plant-based cheese; [植物蛋白在植物基奶酪中的应用研究进展],"Tian, Huaixiang and Cheng, Juan and Chen, Chen and Yu, Haiyan and Yuan, Haibin and Lou, Xinman",2024,Nongye Gongcheng Xuebao/Transactions of the Chinese Society of Agricultural Engineering,10.11975/j.issn.1002-6819.202402092,https://www.scopus.com/pages/publications/85212226128?origin=resultslist,17 - 29,40,17,Review,Cited by: 1,False,False,False
Lohita2024285,ARTICLE,Novel Technologies for Shelf-Life Extension of Food Products as a Competitive Advantage: A Review,"Lohita, Beesetti and Srijaya, Mupparapu",2024,"Advances in Science, Technology and Innovation",10.1007/978-3-031-51647-4_24,https://www.scopus.com/pages/publications/85191435058?origin=resultslist,285 - 306,Part F2519,,Book chapter,Cited by: 84,False,False,False
Sun2022,ARTICLE,Hydrodynamic Cavitation: A Novel Non-Thermal Liquid Food Processing Technology,"Sun, Xun and You, Weibin and Wu, Yue and Tao, Yang and Yoon, Joon Yong and Zhang, Xinyan and Xuan, Xiaoxu",2022,Frontiers in Nutrition,10.3389/fnut.2022.843808,https://www.scopus.com/pages/publications/85127140145?origin=resultslist,,9,,Retracted,Cited by: 24; All Open Access; Gold Open Access; Green Open Access,True,True,True
Pratama20263311,ARTICLE,"Edible coatings and films in meat preservation: Materials, functional mechanisms, and technological challenges","Pratama, Bima Putra and Khairullah, Aswin Rafif and Effendi, Mustofa Helmi and Budiastuti, Budiastuti and Permatasari, Dian Ayu and Tyasningsih, Wiwiek and Rehman, Saifur and Ugbo, Emmanuel Nnabuike and Moses, Ikechukwu Benjamin and Kurniasih, Dea Anita Ariani and Wardhani, Bantari Wisynu Kusuma and Ma'ruf, Ilma Fauziah and Prihandani, Sri Suryatmiati and Febrianti, Erfina",2026,Veterinary World,10.14202/vetworld.2026.3311-3336,https://www.scopus.com/pages/publications/105046567640?origin=resultslist,3311 - 3336,19,8,Review,Cited by: 0; All Open Access; Gold Open Access,True,True,False
Alsalman2025169,BOOK,Biochemical Aspects of High-Pressure Food Processing,"Alsalman, Fatemah B. and Ramaswamy, Hosahalli",2025,Nonthermal Processing Technologies for Food: Second Edition,10.1002/9781119265665.ch9,https://www.scopus.com/pages/publications/105022045053?origin=resultslist,169 - 201,1,,Book chapter,Cited by: 0,False,False,False
Mukhtar2022,ARTICLE,"Potential impact of ultrasound, pulsed electric field, high-pressure processing and microfludization against thermal treatments preservation regarding sugarcane juice (Saccharum officinarum)","Mukhtar, Kinza and Nabi, Brera Ghulam and Arshad, Rai Naveed and Roobab, Ume and Yaseen, Bilal and Ranjha, Muhammad Modassar Ali Nawaz and Aadil, Rana Muhammad and Ibrahim, Salam A.",2022,Ultrasonics Sonochemistry,10.1016/j.ultsonch.2022.106194,https://www.scopus.com/pages/publications/85140023418?origin=resultslist,,90,,Review,Cited by: 77; All Open Access; Gold Open Access; Green Open Access,True,True,True
Serna-Hernández2025203,BOOK,Mathematical Modeling of High-Pressure Processing,"Serna-Hernández, Sergio Othón and Welti-Chanes, Jorge and Serment Moreno, Vinicio and Torres, José Antonio",2025,Nonthermal Processing Technologies for Food: Second Edition,10.1002/9781119265665.ch10,https://www.scopus.com/pages/publications/105022023718?origin=resultslist,203 - 219,1,,Book chapter,Cited by: 0,False,False,False
Wang2025351,ARTICLE,Effects Of Ultra-High Pressure and Thermal Treatment on Quality Characteristics of Prepared Mackerel Fish Balls,"Wang, Biaoshi and Hu, Xiaojun and Ma, Jingqiu and Xu, Ying",2025,American Journal of Biochemistry and Biotechnology,10.3844/ajbbsp.2025.351.361,https://www.scopus.com/pages/publications/105028067349?origin=resultslist,351 - 361,21,3,Article,Cited by: 0; All Open Access; Gold Open Access,True,True,False
Messens2023,ARTICLE,Use of risk assessment and predictive microbiology in regulatory science related to the scientific opinions of the EFSA BIOHAZ Panel,"Messens, Winy and Bover-Cid, Sara and Hempen, Michaela and Lindqvist, Roland and Nauta, Maarten and Skandamis, Panagiotis N. and Stella, Pietro and Koutsoumanis, Konstantinos",2023,International Journal of Food Microbiology,10.1016/j.ijfoodmicro.2023.110302,https://www.scopus.com/pages/publications/85163448356?origin=resultslist,,403,,Article,Cited by: 8; All Open Access; Green Open Access,True,False,True
Ordóñez2026,ARTICLE,"High hydrostatic pressure valorization of red pepper by-products: a sustainable strategy for enhancing safety, color stability, and bioactive compound preservation","Ordóñez, Miriam Sánchez and de Vaca, María Cabeza and Delgado-Adámez, Jonathan and García-Parra, Jesús and Bernabé, Rosario Ramírez",2026,Applied Food Research,10.1016/j.afres.2026.102300,https://www.scopus.com/pages/publications/105042785726?origin=resultslist,,6,2,Article,Cited by: 0; All Open Access; Gold Open Access,True,True,False
Vasilev2025199,ARTICLE,Mild technologies in meat processing: balancing nutritional quality and safety,"Vasilev, Dragan and Dimitrijević, Mirjana and Klun, Ivana and Uzelac, Aleksandra and Betić, Nikola and Suvajdžić, Branko and Karabasil, Neđeljko",2025,Meat Technology,10.18485/meattech.2025.66.3.31,https://www.scopus.com/pages/publications/105024469034?origin=resultslist,199 - 204,66,3,Review,Cited by: 1; All Open Access; Gold Open Access; Green Open Access,True,True,True
Torrents-Masoliver2024,ARTICLE,"Enumeration Agar, Acid Exposure and Sampling Time Are Relevant Factors Accounting for the High-Pressure Inactivation of Vegetative Pathogens in Fruit Puree","Torrents-Masoliver, Berta and Jofré, Anna and Ribas-Agustí, Albert and Bover-Cid, Sara",2024,Foods,10.3390/foods13162600,https://www.scopus.com/pages/publications/85202556015?origin=resultslist,,13,16,Article,Cited by: 6; All Open Access; Gold Open Access; Green Open Access,True,True,True
Pandiselvam2024,ARTICLE,"High pressure homogenization for preservation of liquid foods- Mechanisms, molecular modifications and recent developments","Pandiselvam, R. and Özaslan, Zeynep Tuğba and Sahni, Prashant and Khanashyam, Anandu Chandra and Kutlu, Naciye and Yilmaz, Merve Silanur and Isleroglu, Hilal and Ramniwas, Seema and Rustagi, Sarvesh",2024,Future Foods,10.1016/j.fufo.2024.100488,https://www.scopus.com/pages/publications/85210310909?origin=resultslist,,10,,Review,Cited by: 16; All Open Access; Gold Open Access,True,True,False
Okun2022177,ARTICLE,Pressure-Based Technologies: High Pressure Processing; Supercritical and Subcritical Fluid Processing,"Okun, Zoya and Shpigelman, Avi",2022,Food Engineering Series,10.1007/978-3-030-92415-7_5,https://www.scopus.com/pages/publications/85139028331?origin=resultslist,177 - 188,,,Book chapter,Cited by: 4,False,False,False
Jin202115,ARTICLE,Optimization of extrusion and stabilization treatment conditions for wheat aleurone layer; [小麦糊粉层粉的挤压稳定化处理条件优化],"Jin, Cancan and Wen, Jiping and Zhu, Huixue",2021,Journal of Henan University of Technology: Natural Science Edition,10.16433/j.1673-2383.2021.01.003,https://www.scopus.com/pages/publications/85164507761?origin=resultslist,15 - 21,42,1,Article,Cited by: 3,False,False,False
Verma2025,ARTICLE,Peptides From Animal and Fishery Byproducts: Uplifting the Functionality of Fifth Quarter,"Verma, Akhilesh Kumar and Umaraw, Pramila and Kumar, Pavan and Mehta, Nitin and Sharma, Neelesh and Kumar, Devendra and Sazili, Awis Qurni and Lee, Sung-Jin",2025,Food Science and Nutrition,10.1002/fsn3.70140,https://www.scopus.com/pages/publications/105003200247?origin=resultslist,,13,4,Review,Cited by: 13; All Open Access; Green Open Access; Hybrid Gold Open Access,True,True,True
Zulli2024,ARTICLE,Exploring the efficacy of a novel high-pressure carbon dioxide method for food microbial inactivation on a synthetic matrix,"Zulli, Riccardo and Dittadi, Chiara and Santi, Fabio and Andrigo, Pietro and Zambon, Alessandro and Spilimbergo, Sara",2024,Innovative Food Science and Emerging Technologies,10.1016/j.ifset.2024.103765,https://www.scopus.com/pages/publications/85199894633?origin=resultslist,,96,,Article,Cited by: 5,False,False,False
Ojha20241914,ARTICLE,Microbial Growth and Physicochemical Quality Changes During Modified Atmosphere Storage of High Hydrostatic Pressure Processed Tenebrio molitor Paste,"Ojha, Shikha and Rossi, Giacomo and Pathak, Namrata and Durek, Julia and Mahajan, Pramod and Schlüter, Oliver K.",2024,Food and Bioprocess Technology,10.1007/s11947-023-03235-6,https://www.scopus.com/pages/publications/85174843424?origin=resultslist,1914 - 1925,17,7,Article,Cited by: 13,False,False,False
Prasad202313,BOOK,High-Pressure Processing: Novel Technology in Dairy Industry,"Prasad, Subhash and Ahuja, Kunalkumar",2023,Innovations In Dairy Sciences,,https://www.scopus.com/pages/publications/105042924213?origin=resultslist,13 - 25,,,Book chapter,Cited by: 0,False,False,False
Melhem2022,ARTICLE,High-Pressure Processing and Natural Antimicrobials Combined Treatments on Bacterial Inactivation in Cured Meat,"Melhem, Luiza Cecilia de Moraes and Do Rosario, Denes Kaic Alves and Monteiro, Maria Lúcia Guerra and Conte-Junior, Carlos Adam",2022,Sustainability (Switzerland),10.3390/su141710503,https://www.scopus.com/pages/publications/85137884086?origin=resultslist,,14,17,Article,Cited by: 12; All Open Access; Gold Open Access,True,True,False
Ali2021766,ARTICLE,Modern techniques efficacy on tofu processing: A review,"Ali, Fatma and Tian, Kangming and Wang, Zheng-Xiang",2021,Trends in Food Science and Technology,10.1016/j.tifs.2021.07.023,https://www.scopus.com/pages/publications/85114193274?origin=resultslist,766 - 785,116,,Review,Cited by: 64,False,False,False
Huang2021,ARTICLE,Synergistic antimicrobial effectiveness of plant essential oil and its application in seafood preservation: A review,"Huang, Xianpei and Lao, Yuli and Pan, Yifeng and Chen, Yiping and Zhao, Haiming and Gong, Liang and Xie, Nanbin and Mo, Ce-Hui",2021,Molecules,10.3390/molecules26020307,https://www.scopus.com/pages/publications/85099897842?origin=resultslist,,26,2,Review,Cited by: 75; All Open Access; Gold Open Access; Green Open Access,True,True,True
Bulut2021,ARTICLE,Inactivation of Escherichia coli K12 in phosphate buffer saline and orange juice by high hydrostatic pressure processing combined with freezing,"Bulut, Sami and Karatzas, Kimon A.G.",2021,LWT,10.1016/j.lwt.2020.110313,https://www.scopus.com/pages/publications/85092032232?origin=resultslist,,136,,Article,Cited by: 28; All Open Access; Green Open Access,True,False,True
Murtaza2024185,BOOK,Impact of High-Pressure Carbon Dioxide on the Processing of Fruits and Vegetables,"Murtaza, Ayesha and Iqbal, Aamir and Awan, Kanza Aziz and Tufail, Amber and Ali, Shinawar Waseem and Younas, Shoaib and Manzoor, M. Sajid",2024,Sustainable Postharvest Technologies for Fruits and Vegetables,10.1201/9781003370376-15,https://www.scopus.com/pages/publications/85201454834?origin=resultslist,185 - 196,,,Book chapter,Cited by: 0,False,False,False
Yang2024,ARTICLE,Microbial inactivation of pressure spray combined with high-voltage electrospray and its application in honey raspberry juice,"Yang, Dongmei and Wang, Bo and Wang, Yuchuan and Liu, Aiping and Liu, Jiguang and Zhang, Min",2024,International Journal of Food Microbiology,10.1016/j.ijfoodmicro.2024.110602,https://www.scopus.com/pages/publications/85184016076?origin=resultslist,,413,,Article,Cited by: 10,False,False,False
Baek2026,ARTICLE,Application of high hydrostatic pressure on the microbial and physicochemical characteristics of pork,"Baek, Ui-Bin and Kim, Hack-Youn",2026,Food Science of Animal Resources,10.1007/s44463-026-00091-8,https://www.scopus.com/pages/publications/105042820121?origin=resultslist,,46,1,Article,Cited by: 0; All Open Access; Gold Open Access; Green Open Access,True,True,True
Zhao2026195,ARTICLE,"Shrimp: Nutrition, preservation and processing","Zhao, Yadong and Liu, Lu and Liu, Huanhuan and Zhang, Bin",2026,Advances in Food and Nutrition Research,10.1016/bs.afnr.2025.11.002,https://www.scopus.com/pages/publications/105023514158?origin=resultslist,195 - 231,119,,Book chapter,Cited by: 0,False,False,False
Nasharuddin2026,ARTICLE,Optimization of Fermentation and High Hydrostatic Pressure Processing for Enhanced Microbiological Preservation of Plant-Based Cheese Analogue,"Nasharuddin, Raja Arief Deli Raja and Utama, Gemilang Lara and Sikin, Adi Md and Andoyo, Robi",2026,Journal of Food Processing and Preservation,10.1155/jfpp/7349863,https://www.scopus.com/pages/publications/105046174146?origin=resultslist,,2026,1,Article,Cited by: 0; All Open Access; Hybrid Gold Open Access,True,True,False
Wang2023,ARTICLE,Ultraviolet-radiation technology for preservation of meat and meat products: Recent advances and future trends,"Wang, Jian and Chen, Junyu and Sun, Yangying and He, Jun and Zhou, Changyu and Xia, Qiang and Dang, Yali and Pan, Daodong and Du, Lihui",2023,Food Control,10.1016/j.foodcont.2023.109684,https://www.scopus.com/pages/publications/85148055636?origin=resultslist,,148,,Review,Cited by: 56,False,False,False
Yuan2025,ARTICLE,Synergistic effect of high pressure processing and lactic acid bacteria on freshness keeping of channel catfish (Ictalurus punctatus) fillets as sashimi,"Yuan, Jianwei and Qiu, Chunjiang and Zeng, Xuefeng",2025,International Journal of Food Properties,10.1080/10942912.2025.2587367,https://www.scopus.com/pages/publications/105022503165?origin=resultslist,,28,1,Article,Cited by: 1; All Open Access; Gold Open Access; Green Open Access,True,True,True
Baldelli2024,ARTICLE,"Effect of high-pressure on protein structure, refolding, and crystallization","Baldelli, Alberto and Shi, Jiahua and Singh, Anika and Guo, Yigong and Fathordoobady, Farahnaz and Amiri, Amir and Pratap-Singh, Anubhav",2024,Food Chemistry Advances,10.1016/j.focha.2024.100741,https://www.scopus.com/pages/publications/85196627909?origin=resultslist,,5,,Review,Cited by: 48; All Open Access; Gold Open Access,True,True,False
Chen2025103,ARTICLE,Inactivation of foodborne pathogens by non-thermal technologies,"Chen, Xiuqin and Feng, Jinsong and Ahn, Juhee and Vasilis, Valdramidis and Ding, Tian",2025,Advances in Food and Nutrition Research,10.1016/bs.afnr.2024.09.010,https://www.scopus.com/pages/publications/85206642358?origin=resultslist,103 - 132,113,,Article,Cited by: 3,False,False,False
Marçal2021,ARTICLE,Macroalgae-fortified sausages: Nutritional and quality aspects influenced by non-thermal high-pressure processing,"Marçal, Catarina and Pinto, Carlos A. and Silva, Artur M. S. and Monteiro, Carla and Saraiva, Jorge A. and Cardoso, Susana M.",2021,Foods,10.3390/foods10020209,https://www.scopus.com/pages/publications/85103058203?origin=resultslist,,10,2,Article,Cited by: 16; All Open Access; Gold Open Access; Green Open Access,True,True,True
Chen202337,ARTICLE,Antimicrobial Effect of High Pressure Processing Combined with Lauroyl Arginine Ethyl Ester Hydrochloride on Listeria innocua; [超高压联合月桂酰精氨酸乙酯盐酸盐对Listeria innocua的杀菌效果],"Chen, Junyu and Li, Ting and Li, Xiang and Rao, Lei and Wu, Xiaomeng",2023,Shipin Kexue/Food Science,10.7506/spkx1002-6630-20230630-242,https://www.scopus.com/pages/publications/85181455358?origin=resultslist,37 - 44,44,23,Article,Cited by: 0,False,False,False
Agriopoulou20231,ARTICLE,Recent Advances in High Pressure Processing of Milk and Milk Products-A review,"Agriopoulou, Sofia and Severoğlu, Merve and Varzakas, Theo and Özer, Hamdi Barbaros",2023,Tarim Bilimleri Dergisi,10.15832/ankutbd.1150112,https://www.scopus.com/pages/publications/85147833724?origin=resultslist,1 - 12,29,1,Review,Cited by: 6; All Open Access; Gold Open Access; Green Open Access,True,True,True
Castillo-Zamudio2021,ARTICLE,Use of high-power ultrasound combined with supercritical fluids for microbial inactivation in dry-cured ham,"Castillo-Zamudio, R.I. and Paniagua-Martínez, I. and Ortuño-Cases, C. and García-Alvarado, M.A. and Larrea, V. and Benedito, J.",2021,Innovative Food Science and Emerging Technologies,10.1016/j.ifset.2020.102557,https://www.scopus.com/pages/publications/85096197236?origin=resultslist,,67,,Article,Cited by: 21; All Open Access; Bronze Open Access; Green Open Access,True,False,True
Marszałek2021117,BOOK,Emerging Technologies and Their Mechanism of Action on Fermentation,"Marszałek, Krystian and Woźniak, Łukasz and Wiktor, Artur and Szczepańska, Justyna and Skąpska, Sylwia and Witrowa-Rajchert, Dorota and Saraiva, Jorge A. and Lorenzo, Jose M. and Barba, Francisco J.",2021,Fermentation Processes: Emerging and Conventional Technologies,10.1002/9781119505822.ch4,https://www.scopus.com/pages/publications/85143611330?origin=resultslist,117 - 144,,,Book chapter,Cited by: 5,False,False,False
Yang20211800,ARTICLE,High pressure processing combined with selected hurdles: Enhancement in the inactivation of vegetative microorganisms,"Yang, Peiqing and Rao, Lei and Zhao, Liang and Wu, Xiaomeng and Wang, Yongtao and Liao, Xiaojun",2021,Comprehensive Reviews in Food Science and Food Safety,10.1111/1541-4337.12724,https://www.scopus.com/pages/publications/85101048452?origin=resultslist,1800 - 1828,20,2,Review,Cited by: 69,False,False,False
Oftedal2026,ARTICLE,The phage shock protein response of Listeria monocytogenes influences tolerance to the multipeptide bacteriocin garvicin KS,"Oftedal, Thomas F. and Løvdal, Trond and Kjos, Morten",2026,Applied Microbiology and Biotechnology,10.1007/s00253-025-13691-z,https://www.scopus.com/pages/publications/105027310023?origin=resultslist,,110,1,Article,Cited by: 1; All Open Access; Gold Open Access; Green Open Access,True,True,True
Bao2024118,ARTICLE,Effect of processing technologies and storage conditions on quality changes in acidified Xiaomila; [加工方式和贮存条件对酸渍小米辣品质特性的影响],"Bao, Xi and Zhang, Shiyao and Xiao, Yue and Wang, Xinyu and Hu, Xiaosong and Yi, Junjie",2024,Food and Fermentation Industries,10.13995/j.cnki.11-1802/ts.037186,https://www.scopus.com/pages/publications/85207378911?origin=resultslist,118 - 127,50,17,Article,Cited by: 1,False,False,False
Park2022664,ARTICLE,Comparison of Nonthermal Decontamination Methods to Improve the Safety for Raw Beef Consumption,"Park, Sangeun and Park, Eunyoung and Yoon, Yohan",2022,Journal of Food Protection,10.4315/JFP-21-243,https://www.scopus.com/pages/publications/85128244926?origin=resultslist,664 - 670,85,4,Article,Cited by: 9; All Open Access; Bronze Open Access,True,False,False
Kavindya20269740,ARTICLE,Advances in non-thermal processing techniques and sensor-integration: real-time monitoring and control for food quality and safety,"Kavindya, Gaveshani and Alahakoon, Pavithra and Ranasinghe, Thilini and Chandrasekara, Dimuthu and Herath, Anupama and Bandara, Pramod",2026,Journal of Food Measurement and Characterization,10.1007/s11694-026-04439-y,https://www.scopus.com/pages/publications/105038548875?origin=resultslist,9740 - 9780,20,6,Review,Cited by: 0,False,False,False
Du2026,ARTICLE,"High-pressure processing and ultrasonic treatment in fruit and vegetable juices, meat, and seafood: mechanisms, matrix-dependent effects, and synergistic potential","Du, Yingfan and Zhou, Chunli and Yao, Leyi and Jiang, Yufan and Tan, Renqin and Su, Wei",2026,Journal of Food Measurement and Characterization,10.1007/s11694-026-04870-1,https://www.scopus.com/pages/publications/105048300200?origin=resultslist,,,,Review,Cited by: 0,False,False,False
Rysová2021,ARTICLE,Effect of salt content reduction on food processing technology,"Rysová, Jana and Šmídová, Zuzana",2021,Foods,10.3390/foods10092237,https://www.scopus.com/pages/publications/85115662765?origin=resultslist,,10,9,Review,Cited by: 72; All Open Access; Gold Open Access; Green Open Access,True,True,True
Rios2024,ARTICLE,A hurdle strategy based on the combination of non-thermal treatments to control diarrheagenic E. coli in cheese,"Rios, Edson A. and Ribeiro, Daniela C.S. and Otero, Andrés and Rodríguez-Calleja, Jose M.",2024,International Journal of Food Microbiology,10.1016/j.ijfoodmicro.2024.110859,https://www.scopus.com/pages/publications/85201752389?origin=resultslist,,425,,Article,Cited by: 2; All Open Access; Green Open Access; Hybrid Gold Open Access,True,True,True
Tsagkaropoulou2024,ARTICLE,Microbial species and strain heterogeneity affect resistance to high pressure processing,"Tsagkaropoulou, Theocharia and Karatzas, Kimon Andreas G.",2024,Innovative Food Science and Emerging Technologies,10.1016/j.ifset.2024.103645,https://www.scopus.com/pages/publications/85189753130?origin=resultslist,,94,,Article,Cited by: 11; All Open Access; Green Open Access,True,False,True
Li2021,ARTICLE,"High pressure processing vs. Thermal pasteurization of whole concord grape puree: Effect on nutritional value, quality parameters and refrigerated shelf life","Li, Yuanyuan and Padilla-Zakour, Olga I.",2021,Foods,10.3390/foods10112608,https://www.scopus.com/pages/publications/85118475841?origin=resultslist,,10,11,Article,Cited by: 31; All Open Access; Gold Open Access; Green Open Access,True,True,True
Yang2025,ARTICLE,"Advancements in emerging non-thermal preservation techniques for aquatic products: A comprehensive review of mechanisms, applications, and future directions","Yang, Zhijun and Xiong, Qing and Yin, Tao and You, Juan and Xiong, Shanbai and Liu, Ru",2025,Innovative Food Science and Emerging Technologies,10.1016/j.ifset.2025.103996,https://www.scopus.com/pages/publications/86000622065?origin=resultslist,,102,,Review,Cited by: 13,False,False,False
Truong2023692,ARTICLE,Effects of High Pressure Treatment and Chitosan Coating on Selected Enzymatic Activities and Quality Indices of Barramundi (Lates calcarifer) Muscle,"Truong, Binh Q. and Buckow, Roman and Nguyen, Minh H.",2023,Journal of Aquatic Food Product Technology,10.1080/10498850.2023.2260799,https://www.scopus.com/pages/publications/85173004322?origin=resultslist,692 - 706,32,10,Article,Cited by: 1,False,False,False
Dey2022,ARTICLE,“Technological convergence” of preventive nutrition with non thermal processing,"Dey, Gargi and Ghosh, Annesha and Tangirala, Rajendra K.",2022,Journal of Food Processing and Preservation,10.1111/jfpp.16508,https://www.scopus.com/pages/publications/85126000051?origin=resultslist,,,,Review,Cited by: 2,False,False,False
Hashemi Moosavi2021,ARTICLE,A review of recent advances in the decontamination of mycotoxin and inactivation of fungi by ultrasound,"Hashemi Moosavi, Motahareh and Mousavi Khaneghah, Amin and Javanmardi, Fardin and Hadidi, Milad and Hadian, Zahra and Jafarzadeh, Shima and Huseyn, Elcin and Sant'Ana, Anderson S.",2021,Ultrasonics Sonochemistry,10.1016/j.ultsonch.2021.105755,https://www.scopus.com/pages/publications/85115409882?origin=resultslist,,79,,Review,Cited by: 55; All Open Access; Gold Open Access; Green Open Access,True,True,True
Pravallika2022,ARTICLE,Effect of nonthermal technologies on the shelf life of fruits and their products: A review on the recent trends: Shelf life of nonthermally treated fruit products,"Pravallika, Kosana and Chakraborty, Snehasis",2022,Applied Food Research,10.1016/j.afres.2022.100229,https://www.scopus.com/pages/publications/85140333621?origin=resultslist,,2,2,Review,Cited by: 32; All Open Access; Gold Open Access; Green Open Access,True,True,True
Adam2021,ARTICLE,Salmonella inactivation and rapid cooling of fresh cut apples by plasma integrated low-pressure cooling,"Adam, Abdullahi M. and Yadav, Barun and Prasad, Amritha and Gautam, Bina and Tsui, Ying and Roopesh, M.S.",2021,Food Research International,10.1016/j.foodres.2021.110464,https://www.scopus.com/pages/publications/85107691574?origin=resultslist,,147,,Article,Cited by: 16,False,False,False
Vignali20221729,ARTICLE,"Non-conventional Stabilization for Fruit and Vegetable Juices: Overview, Technological Constraints, and Energy Cost Comparison","Vignali, Giuseppe and Gozzi, Mario and Pelacci, Massimiliano and Stefanini, Roberta",2022,Food and Bioprocess Technology,10.1007/s11947-022-02772-w,https://www.scopus.com/pages/publications/85127284551?origin=resultslist,1729 - 1747,15,8,Review,Cited by: 44; All Open Access; Hybrid Gold Open Access,True,True,False
Alp20211333,ARTICLE,The microbiological quality of various foods dried by applying different drying methods: a review,"Alp, Duygu and Bulantekin, Özcan",2021,European Food Research and Technology,10.1007/s00217-021-03731-z,https://www.scopus.com/pages/publications/85103678152?origin=resultslist,1333 - 1343,247,6,Review,Cited by: 228; All Open Access; Bronze Open Access; Green Open Access,True,False,True
Kumar2022299,BOOK,Decontamination of Food Powders,"Kumar, Sanjeev and Gautam, Satyendra",2022,Microbial Decontamination of Food,10.1007/978-981-19-5114-5_15,https://www.scopus.com/pages/publications/85161917438?origin=resultslist,299 - 316,,,Book chapter,Cited by: 0,False,False,False
Arya2021,ARTICLE,"Effect of thermally assisted hydrodynamic cavitation (HC) processing on physical, nutritional, microbial quality, and pectin methyl esterase (PME) inactivation kinetics in orange juice at different time and temperatures","Arya, Shalini S. and More, Pavankumar R. and Terán Hilares, Ruly and Pereira, Bárbara and Arantes, Valdeir and da Silva, Silvio S. and Santos, Júlio César",2021,Journal of Food Processing and Preservation,10.1111/jfpp.15794,https://www.scopus.com/pages/publications/85112594076?origin=resultslist,,45,10,Article,Cited by: 21,False,False,False
Dong2026356,ARTICLE,Effects of Different Sterilization Methods and Storage Temperatures on Quality Changes during Storage of NFC Grape Juice; [不同杀菌方式和贮藏温度对NFC葡萄汁贮藏期间品质变化的影响],"Dong, Huimin and Ma, Yuting and He, Rong",2026,Science and Technology of Food Industry,10.13386/j.issn1002-0306.2025060336,https://www.scopus.com/pages/publications/105043337402?origin=resultslist,356 - 366,47,13,Article,Cited by: 0,False,False,False
Igwegbe2026,ARTICLE,Predictive modeling and optimization of hydrochar properties from food waste hydrothermal carbonization using machine learning techniques,"Igwegbe, Chinenye Adaobi and Rasaq, Waheed A. and Ovuoraye, Prosper Eguono and Kosiorowska, Katarzyna and Białowiec, Andrzej",2026,Bioresource Technology,10.1016/j.biortech.2025.133282,https://www.scopus.com/pages/publications/105015355891?origin=resultslist,,439,,Article,Cited by: 12; All Open Access; Hybrid Gold Open Access,True,True,False
Lei2025,ARTICLE,Rheological property modification and microbial inactivation of hawthorn jam under ultra-high-voltage electrostatic field,"Lei, Xianglin and Wang, Bo and Wang, Yuchuan and Liu, Jiguang and Zhang, Min",2025,Innovative Food Science and Emerging Technologies,10.1016/j.ifset.2025.104095,https://www.scopus.com/pages/publications/105009022128?origin=resultslist,,104,,Article,Cited by: 4,False,False,False
Saleem2021,ARTICLE,Influence of hen egg white lysozyme N-acetylmuramide glycan hydrolase on the antimicrobial activity and textural characteristics of high-moisture mozzarella cheese,"Saleem, Iqra Muqadas and Gulzar, Nabila and Nadeem, Muhammad and Sameen, Aysha and Rafiq, Saima and Rehman, Sadia",2021,Journal of Food Processing and Preservation,10.1111/jfpp.15573,https://www.scopus.com/pages/publications/85105026886?origin=resultslist,,45,6,Article,Cited by: 4,False,False,False
Yang20258592,ARTICLE,Development of potential processing technologies for germinated edible seeds and their applications in food: a comprehensive review,"Yang, Gaoji and Zhou, Dingting and Hu, Dongsheng and Fan, Liumin and Li, Rui and Wang, Shaojin",2025,Critical Reviews in Food Science and Nutrition,10.1080/10408398.2025.2505237,https://www.scopus.com/pages/publications/105005576419?origin=resultslist,8592 - 8623,65,33,Review,Cited by: 7,False,False,False
Gautam20241840,ARTICLE,Bacterial biofilm formation in seafood: Mechanisms and inhibition through novel non-thermal techniques,"Gautam, Sagar and Subedi, Nirmala and Dhakal, Kabita and Koirala, Pankaj and Acharya, Dev Raj and Malav, Om Prakash and Al-Asmari, Fahad and Benjakul, Soottawat and Nirmal, Nilesh",2024,Reviews in Aquaculture,10.1111/raq.12925,https://www.scopus.com/pages/publications/85193409184?origin=resultslist,1840 - 1857,16,4,Review,Cited by: 17,False,False,False
Chen20221226,ARTICLE,Effect of high pressure processing on the physicochemical and sensorial properties of scallop (Mizuhopecten yessoensis) during iced storage,"Chen, Lihang and Jiao, Dexin and Yu, Xiaona and Zhu, Chen and Sun, Ying and Liu, Meihong and Liu, Huimin",2022,International Journal of Food Science and Technology,10.1111/ijfs.15505,https://www.scopus.com/pages/publications/85121519836?origin=resultslist,1226 - 1236,57,2,Article,Cited by: 9,False,False,False
Tylewicz2022567,ARTICLE,Current Validation of NTP Technologies and Overview of Their Current and Potential Implementation in the Production Chain Including Agri-food Wastes,"Tylewicz, Urszula and Castagnini, Juan Manuel and Tappi, Silvia and Romani, Santina and Rocculi, Pietro and Rosa, Marco Dalla",2022,Food Engineering Series,10.1007/978-3-030-92415-7_18,https://www.scopus.com/pages/publications/85139066688?origin=resultslist,567 - 594,,,Book chapter,Cited by: 3,False,False,False
Arshad P2024,ARTICLE,Review on effect of innovative technologies on shelf-life extension of non-dairy sources from plant matrices,"Arshad P, Muhammed and Sharma, Neha and Maibam, Baby Devi and Sharma, Maanas",2024,Food Chemistry Advances,10.1016/j.focha.2024.100781,https://www.scopus.com/pages/publications/85199352428?origin=resultslist,,5,,Article,Cited by: 18; All Open Access; Gold Open Access,True,True,False
Cheng2024592,ARTICLE,Foodborne pathogen inactivation in fruit juices utilizing commercial scale high-pressure processing: Effects of acidulants and pH,"Cheng, Rebecca M. and Usaga, Jessie and Worobo, Randy W.",2024,Food Science and Technology International,10.1177/10820132231219525,https://www.scopus.com/pages/publications/85179722358?origin=resultslist,592 - 600,30,6,Article,Cited by: 7,False,False,False
Pérez Alcalá2023,ARTICLE,Effect of High Hydrostatic Pressure Processing on the Microbiological Quality and Bacterial Diversity of Sous-Vide-Cooked Cod,"Pérez Alcalá, Diego and Grande Burgos, María José and Rodríguez López, Javier and Lucas, Rosario and Gálvez, Antonio and Pérez Pulido, Rubén",2023,Foods,10.3390/foods12061206,https://www.scopus.com/pages/publications/85151616778?origin=resultslist,,12,6,Article,Cited by: 4; All Open Access; Gold Open Access; Green Open Access,True,True,True
Katsaros202253,ARTICLE,Engineering and Nonthermal Technologies: Process Optimization Through Kinetic Modelling,"Katsaros, George and Andreou, Varvara and Giannoglou, Marianna",2022,Food Engineering Series,10.1007/978-3-030-92415-7_3,https://www.scopus.com/pages/publications/85139056764?origin=resultslist,53 - 92,,,Book chapter,Cited by: 2,False,False,False
Khan2026,ARTICLE,Advancing Raw Milk Safety and Quality: A Critical Review of Existing and Emerging Nonthermal Technologies,"Khan, Mati Ullah and Zhen, Limin and Kong, Ling and Yang, Jingshun and Tian, Jiaqi and Khan, Tehsin Ullah and Chen, Zhiwei and Hongliang, Liu",2026,Comprehensive Reviews in Food Science and Food Safety,10.1111/1541-4337.70430,https://www.scopus.com/pages/publications/105032195493?origin=resultslist,,25,2,Review,Cited by: 2,False,False,False
Zhang2025,ARTICLE,Unveiling the impact of high pressure and low temperature coupling on gelatin gel properties,"Zhang, Sinan and Ramaswamy, Hosahalli S. and Xiao, Ting and Hu, Lihui and Mao, Yuxiao and Zhu, Songming and Liu, Ying and Yu, Yong",2025,Food Chemistry,10.1016/j.foodchem.2025.144363,https://www.scopus.com/pages/publications/105002640293?origin=resultslist,,483,,Article,Cited by: 8; All Open Access; Hybrid Gold Open Access,True,True,False
Zhang2026,ARTICLE,Synergistic effects of Ultrasound-Assisted Ultra-High pressure on quality attributes and flavor profile of lactic acid Bacteria-Fermented fresh jujube juice,"Zhang, Yu and Xue, Qinjie and Yao, Yao and Xie, Jiachen and Yan, Jiaxin and Yao, Ruier and Yang, Miao and Sun, Xiaoyan and Yu, Zhihui and Ma, Ling",2026,Ultrasonics Sonochemistry,10.1016/j.ultsonch.2026.107903,https://www.scopus.com/pages/publications/105040629319?origin=resultslist,,130,,Article,Cited by: 1; All Open Access; Gold Open Access; Green Open Access,True,True,True
Mandim2024,ARTICLE,Novel cold and thermally pasteurized cardoon-enriched functional smoothie formulations: A zero-waste manufacturing approach,"Mandim, Filipa and Petropoulos, Spyridon A. and Pinto, Carlos A. and Heleno, Sandrina A. and Rodrigues, Paula and Dias, Maria Inês and Saraiva, Jorge A. and Santos-Buelga, Celestino and Ferreira, Isabel C.F.R. and Barros, Lillian and Pinela, José",2024,Food Chemistry,10.1016/j.foodchem.2024.139945,https://www.scopus.com/pages/publications/85195308307?origin=resultslist,,456,,Article,Cited by: 4; All Open Access; Green Open Access; Hybrid Gold Open Access,True,True,True
Peleg2022201,ARTICLE,Assessing the Pressure’s Direct Contribution to the Efficacy of Pressure-Assisted Thermal Sterilization,"Peleg, Micha",2022,Food Engineering Reviews,10.1007/s12393-021-09303-x,https://www.scopus.com/pages/publications/85122784514?origin=resultslist,201 - 211,14,2,Review,Cited by: 6,False,False,False
Koker2023292,ARTICLE,Effects of high hydrostatic pressure on antimicrobial protein stability and the rheological and shelf-life properties of donkey milk,"Koker, Alperen and Ozturkoglu-Budak, Sebnem and Alpas, Hami",2023,Journal of Dairy Research,10.1017/S0022029923000572,https://www.scopus.com/pages/publications/85174749540?origin=resultslist,292 - 298,90,3,Article,Cited by: 5; All Open Access; Green Open Access; Hybrid Gold Open Access,True,True,True
Kaavya202347,BOOK,Potential of nonthermal technologies in the food industry,"Kaavya, R. and Pandiselvam, R. and Martinez-Monteagudo, Sergio I. and Kothakota, Anjineyulu and Sruthi, N.U. and Ramesh, Kali",2023,"Novel and Alternative Methods in Food Processing: Biotechnological, Physicochemical, and Mathematical Approaches",,https://www.scopus.com/pages/publications/85162811313?origin=resultslist,47 - 67,,,Book chapter,Cited by: 0,False,False,False
Inanoglu20224939,ARTICLE,High-pressure pasteurization of low-acid chilled ready-to-eat food,"Inanoglu, Sumeyye and Barbosa-Cánovas, Gustavo V. and Sablani, Shyam S. and Zhu, Mei-Jun and Keener, Larry and Tang, Juming",2022,Comprehensive Reviews in Food Science and Food Safety,10.1111/1541-4337.13058,https://www.scopus.com/pages/publications/85141363379?origin=resultslist,4939 - 4970,21,6,Review,Cited by: 23,False,False,False
Kateh20244185,ARTICLE,Meta-analysis: Microbial inactivation in milk using high-pressure processing (HPP),"Kateh, Su-aibah and Purnomo, Eko Hari and Hasanah, Uswatun",2024,International Journal of Food Science and Technology,10.1111/ijfs.16758,https://www.scopus.com/pages/publications/85174193576?origin=resultslist,4185 - 4193,59,6,Review,Cited by: 21; All Open Access; Bronze Open Access,True,False,False
Romulo202138,ARTICLE,The impact of high-pressure processing treatment on microbial inactivation of seafood - a review,"Romulo, A.",2021,Food Research,10.26656/fr.2017.5(2).352,https://www.scopus.com/pages/publications/85105639023?origin=resultslist,38 - 44,5,2,Review,Cited by: 11; All Open Access; Gold Open Access,True,True,False
Nilsuwan2024,ARTICLE,Quality of Refrigerated Squid Mantle Cut Treated with Mint Extract Subjected to High-Pressure Processing,"Nilsuwan, Krisana and Palamae, Suriya and Naher, Jasmin and Buamard, Natchaphol and Zhang, Bin and Benjakul, Soottawat",2024,Foods,10.3390/foods13081264,https://www.scopus.com/pages/publications/85191298711?origin=resultslist,,13,8,Article,Cited by: 4; All Open Access; Gold Open Access; Green Open Access,True,True,True
Sykora202513213,ARTICLE,Optimization of single- and dual-cycle high-pressure processing to process bovine milk for microbial safety and protein quality,"Sykora, Rudy and Barman, Bishal and Mohamed, Hussein M.H. and Lowder, Austin and Pavani, Bruna and Pagel, Josiah and Slaughter, Andria and Mosier, Samuel and Barile, Daniela and Waite-Cusic, Joy and Dallas, David C.",2025,Journal of Dairy Science,10.3168/jds.2025-27003,https://www.scopus.com/pages/publications/105022517660?origin=resultslist,13213 - 13224,108,12,Article,Cited by: 2; All Open Access; Gold Open Access,True,True,False
Pellegrino202518,ARTICLE,Recent advances in innovative strategies for controlling microbial growth in food system: a concise review,"Pellegrino, Michele and Elechi, Jasper Okoro Godwin and Tundis, Rosa and Pino, Roberta and Marsico, Stefania and Loizzo, Monica Rosa",2025,Italian Journal of Food Science,10.15586/ijfs.v37i3.3128,https://www.scopus.com/pages/publications/105016453084?origin=resultslist,18 - 52,37,3,Review,Cited by: 4; All Open Access; Gold Open Access,True,True,False
Eran Nagar2026,ARTICLE,Comparative Assessment of Semi-Industrial Thermal and Non-Thermal Pasteurization Technologies for Red Globe Grape Juice,"Eran Nagar, Eden and Romano, Alon and Shazman, Asher and Lesmes, Uri and Shpigelman, Avi",2026,Foods,10.3390/foods15040672,https://www.scopus.com/pages/publications/105031070906?origin=resultslist,,15,4,Article,Cited by: 2; All Open Access; Gold Open Access; Green Open Access,True,True,True
Zhou2025,ARTICLE,"Non-Thermal Stabilization Strategies for Rice Bran: Mechanistic Insights, Technological Advances, and Implications for Industrial Applications","Zhou, Lu and Huang, Jiangqi and Du, Yutong and Li, Fanghao and Xu, Wenbin and Zhou, Chenguang and Liu, Siyao",2025,Foods,10.3390/foods14091448,https://www.scopus.com/pages/publications/105004859184?origin=resultslist,,14,9,Review,Cited by: 10; All Open Access; Gold Open Access; Green Open Access,True,True,True
Na Lamphun2026,ARTICLE,High pressure processing for microbial inactivation and shelf-life extension of fructo-oligosaccharide-fortified malt beverages,"Na Lamphun, Jitlada and Tongdonyod, Sitthidat and Dao, Uyen Ha and Krittayabunlue, Iyawe and Sirikantaramas, Supaart and Wichaphon, Jetsada and Klangpetch, Wannaporn",2026,Applied Food Research,10.1016/j.afres.2025.101628,https://www.scopus.com/pages/publications/105026899164?origin=resultslist,,6,1,Article,Cited by: 2; All Open Access; Gold Open Access; Green Open Access,True,True,True
Liao2023,ARTICLE,Effects of high-pressure processing and thermal processing on different beverages containing Bacillus coagulans spores,"Liao, Chia-Wei and Hung, Man-Chia and Wang, Chung-Yi and Chen, Bang-Yuan",2023,LWT,10.1016/j.lwt.2023.114887,https://www.scopus.com/pages/publications/85161343588?origin=resultslist,,183,,Article,Cited by: 10; All Open Access; Gold Open Access,True,True,False
Ashrafudoulla20233,ARTICLE,Challenges and opportunities of non-conventional technologies concerning food safety,"Ashrafudoulla, Md. and Ulrich, Mevo S. I. and Toushik, Sazzad Hossen and Nahar, Shamsun and Roy, Pantu Kumar and Mizan, Furkanur Rahaman and Park, Si Hong and Ha, Sang-Do",2023,World's Poultry Science Journal,10.1080/00439339.2023.2163044,https://www.scopus.com/pages/publications/85147199084?origin=resultslist,3 - 26,79,1,Review,Cited by: 30,False,False,False
Silva2023,ARTICLE,"Pasteurization of Food and Beverages by High Pressure Processing (HPP) at Room Temperature: Inactivation of Staphylococcus aureus, Escherichia coli, Listeria monocytogenes, Salmonella, and Other Microbial Pathogens","Silva, Filipa Vinagre M. and Evelyn",2023,Applied Sciences (Switzerland),10.3390/app13021193,https://www.scopus.com/pages/publications/85146663170?origin=resultslist,,13,2,Review,Cited by: 75; All Open Access; Gold Open Access; Green Open Access,True,True,True
Lian2023,ARTICLE,Investigating the microbial inactivation effect of low temperature high pressure carbon dioxide and its application in frozen prawn (Penaeus vannamei),"Lian, Zimeng and Yang, Dong and Wang, Yongtao and Zhao, Liang and Rao, Lei and Liao, Xiaojun",2023,Food Control,10.1016/j.foodcont.2022.109401,https://www.scopus.com/pages/publications/85139371645?origin=resultslist,,145,,Article,Cited by: 15; All Open Access; Green Open Access,True,False,True
Tsikrika2021,ARTICLE,"High-pressure processing and ultrasonication of minimally processed potatoes: Effect on the colour, microbial counts, and bioactive compounds","Tsikrika, Konstantina and Walsh, Des and Joseph, Ashik and Burgess, Catherine M. and Rai, Dilip K.",2021,Molecules,10.3390/molecules26092614,https://www.scopus.com/pages/publications/85105517153?origin=resultslist,,26,9,Article,Cited by: 19; All Open Access; Gold Open Access; Green Open Access,True,True,True
Lamela2023V4,BOOK,Green Technologies for Sustainable Food Production and Preservation: High-Pressure Processing,"Lamela, Concepción Pérez",2023,Sustainable Food Science - A Comprehensive Approach: Volumes 1-4,10.1016/B978-0-12-823960-5.00094-9,https://www.scopus.com/pages/publications/85173380456?origin=resultslist,V4 - 158,1-4,,Book chapter,Cited by: 2,False,False,False
Serra-Castelló2025,ARTICLE,Impact of intervention strategies on listeriosis risk in cooked ham: Biopreservation and high pressure processing,"Serra-Castelló, Cristina and Bover-Cid, Sara and Jofré, Anna and Lindqvist, Roland",2025,International Journal of Food Microbiology,10.1016/j.ijfoodmicro.2025.111174,https://www.scopus.com/pages/publications/105000611647?origin=resultslist,,435,,Article,Cited by: 3; All Open Access; Green Open Access; Hybrid Gold Open Access,True,True,True
Zainuddin202516,ARTICLE,Advancing sugarcane juice as a sustainable alternative to plant-based sports isotonic drinks: Innovations in preservation techniques,"Zainuddin, Nurazlin and Azman, Ezzat Mohamad and Mohsin, Aliah Zannierah and Hussin, Anis Shobirin Meor and Wan-Mohtar, Wan Abd Al Qadr Imad and Rahim, Muhamad Hafiz Abd",2025,Journal of Food and Nutrition Research,,https://www.scopus.com/pages/publications/105001134955?origin=resultslist,16 - 29,64,1,Review,Cited by: 0,False,False,False
Naik202357,BOOK,Effect of high-pressure processing on milk enzymes,"Naik, Laxmana and Lata, Kiran and Sharma, Rajan",2023,Enzymes Beyond Traditional Applications in Dairy Science and Technology,10.1016/B978-0-323-96010-6.00003-5,https://www.scopus.com/pages/publications/85150577910?origin=resultslist,57 - 75,,,Book chapter,Cited by: 4,False,False,False
Lima2023,ARTICLE,The dependence of microbial inactivation by emergent nonthermal processing technologies on pH and water activity,"Lima, Vasco and Pinto, Carlos A. and Saraiva, Jorge A.",2023,Innovative Food Science and Emerging Technologies,10.1016/j.ifset.2023.103460,https://www.scopus.com/pages/publications/85169027304?origin=resultslist,,89,,Review,Cited by: 45; All Open Access; Hybrid Gold Open Access,True,True,False
Nadira Naznin Rakhi2022141,BOOK,Response of Foodborne Pathogens to Oxidative Stress,"Nadira Naznin Rakhi and Bari, Latiful and Rahaman, Mizanur",2022,Stress Responses of Foodborne Pathogens,10.1007/978-3-030-90578-1_6,https://www.scopus.com/pages/publications/85152809076?origin=resultslist,141 - 175,,,Book chapter,Cited by: 1,False,False,False
Syukri2025563,ARTICLE,Utilization of a Pressure Cooker for Homemade High-Temperature Sterilization of Rendang,"Syukri, Daimon and Rini and Fiana, Risa Meutia and Jonrinaldi and Primalita, Ratni and Aisyah, Quratul and Sukma, Hiyang Hidayati and Azzahra, Yasmin and Tarumiyo, Aurelia Amaliyah and Dermawan, Deden",2025,OnLine Journal of Biological Sciences,10.3844/ojbsci.2025.563.569,https://www.scopus.com/pages/publications/105010033717?origin=resultslist,563 - 569,25,2,Article,Cited by: 1; All Open Access; Gold Open Access,True,True,False
Rodríguez2024,ARTICLE,A Mathematical Model for the Combination of Power Ultrasound and High-Pressure Processing in the Inactivation of Inoculated E. coli in Orange Juice,"Rodríguez, Óscar and Orlien, Vibeke and Amin, Ashwitha and Salucci, Emiliano and Giannino, Francesco and Torrieri, Elena",2024,Foods,10.3390/foods13213463,https://www.scopus.com/pages/publications/85208507935?origin=resultslist,,13,21,Article,Cited by: 9; All Open Access; Gold Open Access; Green Open Access,True,True,True
Assaf2025149,BOOK,Shelf-life extension of beverages by high-pressure processing,"Assaf, Neamtallah and Dhenge, Rohini and Chiavaro, Emma and Cattani, Luca and Rinaldi, Massimiliano",2025,Emerging Green Processing Technologies for Beverages,10.1016/B978-0-443-15732-5.00006-X,https://www.scopus.com/pages/publications/105005903256?origin=resultslist,149 - 175,,,Book chapter,Cited by: 1,False,False,False
Hu2025,ARTICLE,Cleaning and sanitization method for a pilot-scale ultra-shear equipment for liquid food processing,"Hu, Hetian and Janahar, Jerish Joyner and Guduru, Sai Sasidhar and Balasubramaniam, V.M. and Yousef, Ahmed E. and Ting, Edmund and Lazarev, Alexander V.",2025,Food Control,10.1016/j.foodcont.2024.110922,https://www.scopus.com/pages/publications/85205285594?origin=resultslist,,168,,Article,Cited by: 1; All Open Access; Bronze Open Access,True,False,False
McGraw2026,ARTICLE,Effects of Subzero Isochoric Cooling at Low- and High-Pressure Conditions on the Shelf Life and Physicochemical Qualities of Cut Bell Peppers,"McGraw, Valerie S. and Atci, Sumeyye and Li, Jiayuan and Powell-Palm, Matthew J. and Rubinsky, Boris and Bilbao-Sainz, Cristina",2026,Journal of Food Processing and Preservation,10.1155/jfpp/3596521,https://www.scopus.com/pages/publications/105043487536?origin=resultslist,,2026,1,Article,Cited by: 0; All Open Access; Hybrid Gold Open Access,True,True,False
Kamalapreetha202333,BOOK,Novel food processing technologies for inactivation of food enzymes,"Kamalapreetha, B. and Pandiselvam, Ravi and Kothakota, Anjineyulu and Farzana, Wasiya and Dinesha, B.L. and Prithviraj, V.",2023,"Enzyme Inactivation in Food Processing: Technologies, Materials, and Applications",,https://www.scopus.com/pages/publications/85162101712?origin=resultslist,33 - 49,,,Book chapter,Cited by: 3,False,False,False
Tian2025,ARTICLE,Harnessing the Synergy Between Edible Coatings and Non-Thermal Technologies for Improved Food Quality and Sustainable Preservation,"Tian, Xiaoyu and Dong, Hui and Fang, Qin and Zhang, Xiaorui and Dai, Chunxia and Aheto, Joshua Harrington",2025,Horticulturae,10.3390/horticulturae11121466,https://www.scopus.com/pages/publications/105025946834?origin=resultslist,,11,12,Review,Cited by: 10; All Open Access; Gold Open Access; Green Open Access,True,True,True
Wason20214950,ARTICLE,Validation of process technologies for enhancing the safety of low-moisture foods: A review,"Wason, Surabhi and Verma, Tushar and Subbiah, Jeyamkondan",2021,Comprehensive Reviews in Food Science and Food Safety,10.1111/1541-4337.12800,https://www.scopus.com/pages/publications/85111547929?origin=resultslist,4950 - 4992,20,5,Article,Cited by: 64,False,False,False
Zhang20252968,ARTICLE,Spoilage Bacteria in Aquatic Products and the Efficacy of Antimicrobial Interventions,"Zhang, Jie and Wen, Xin and Xie, Yuan and Zhou, Peng",2025,Food Reviews International,10.1080/87559129.2025.2509284,https://www.scopus.com/pages/publications/105006994446?origin=resultslist,2968 - 2992,41,9,Review,Cited by: 14,False,False,False
Xia2022,ARTICLE,High Hydrostatic Pressure-Based Combination Strategies for Microbial Inactivation of Food Products: The Cases of Emerging Combination Patterns,"Xia, Qiang and Liu, Qianqian and Denoya, Gabriela I. and Yang, Caijiao and Barba, Francisco J. and Yu, Huaning and Chen, Xiaojia",2022,Frontiers in Nutrition,10.3389/fnut.2022.878904,https://www.scopus.com/pages/publications/85130880161?origin=resultslist,,9,,Review,Cited by: 25; All Open Access; Gold Open Access; Green Open Access,True,True,True
Amsasekar2022996,ARTICLE,"Impact of high pressure processing on microbiological, nutritional and sensory properties of food: a review","Amsasekar, Ajith and Mor, Rahul S. and Kishore, Anand and Singh, Anupama and Sid, Saurabh",2022,Nutrition and Food Science,10.1108/NFS-08-2021-0249,https://www.scopus.com/pages/publications/85122208996?origin=resultslist,996 - 1017,52,6,Review,Cited by: 31,False,False,False
Mahnot2022277,BOOK,Decontamination of Fruit Beverages,"Mahnot, Nikhil Kumar and Chakraborty, Sayantan and Das, Bhaskar Jyoti and Borah, Pallab Kumar and Saikia, Sangeeta",2022,Microbial Decontamination of Food,10.1007/978-981-19-5114-5_14,https://www.scopus.com/pages/publications/85161887847?origin=resultslist,277 - 297,,,Book chapter,Cited by: 0,False,False,False
Chuang20211193,ARTICLE,Modeling the effect of simultaneous use of allyl isothiocyanate and cinnamaldehyde on high hydrostatic pressure inactivation of Uropathogenic and Shiga toxin-producing Escherichia coli in ground chicken,"Chuang, Shihyu and Sheen, Shiowshuh and Sommers, Christopher H and Sheen, Lee-Yan",2021,Journal of the Science of Food and Agriculture,10.1002/jsfa.10731,https://www.scopus.com/pages/publications/85090143275?origin=resultslist,1193 - 1201,101,3,Article,Cited by: 11,False,False,False
Sherman20241,ARTICLE,Leveraging new opportunities and advances in high-pressure homogenization to design non-dairy foods,"Sherman, Irene Mary and Mounika, Addanki and Srikanth, Davanam and Shanmugam, Akalya and Ashokkumar, Muthupandian",2024,Comprehensive Reviews in Food Science and Food Safety,10.1111/1541-4337.13282,https://www.scopus.com/pages/publications/85180182775?origin=resultslist,1 - 28,23,1,Review,Cited by: 28; All Open Access; Bronze Open Access,True,False,False
Roy2026,ARTICLE,"Emerging role of ultrasound in food technology: principles, applications, and future prospects","Roy, Antara and Banik, Bimal Krishna",2026,Journal of Ultrasound,10.1007/s40477-026-01199-9,https://www.scopus.com/pages/publications/105047416054?origin=resultslist,,,,Review,Cited by: 0,False,False,False
Singh2022,ARTICLE,"A review on green pressure processing of fruit juices using microfluidization: Quality, safety and preservation","Singh, Sukh Veer and Singh, Rakhi and Singh, Anurag and Chinchkar, Ajay V. and Kamble, Meenatai G. and Dutta, Sadhan Jyoti and Singh, Shyam Beer",2022,Applied Food Research,10.1016/j.afres.2022.100235,https://www.scopus.com/pages/publications/85141782304?origin=resultslist,,2,2,Review,Cited by: 18; All Open Access; Gold Open Access; Green Open Access,True,True,True
Kamonpatana202553658,ARTICLE,"Innovative Non-thermal Processing Technologies for Enhancing Pet Food Safety and Quality: A Comprehensive Review of Publications, Patents, and Market Trends","Kamonpatana, Pitiya and Klinmalai, Phatthranit and Thongpech, Arisara and Sodsai, Janenutch and Promhuad, Khwanchat and Srisa, Atcharawan and Laorenza, Yeyen and Kovitvadhi, Attawit and Areerat, Sathita and Seubsai, Anusorn and Sablani, Shyam S. and Harnkarnsujarit, Nathdanai",2025,ACS Omega,10.1021/acsomega.5c05930,https://www.scopus.com/pages/publications/105022132229?origin=resultslist,53658 - 53672,10,45,Review,Cited by: 3; All Open Access; Gold Open Access; Green Open Access,True,True,True
Yadav2025,ARTICLE,"Extrusion technology in food processing: Principles, innovations and applications in sustainable product development","Yadav, Neelesh and Suvedi, Divyesh and Sharma, Aman and Khanal, Sonali and Verma, Rachna and Kumar, Dinesh and Khan, Zakir and Peter, Lukas",2025,Food and Humanity,10.1016/j.foohum.2025.100672,https://www.scopus.com/pages/publications/105007976438?origin=resultslist,,5,,Review,Cited by: 16,False,False,False
Aldrete-Tapia2021431,ARTICLE,Enhancing the Inactivation of Bacterial Spores during Pressure-Assisted Thermal Processing,"Aldrete-Tapia, Jesús Alejandro and Torres, J. Antonio",2021,Food Engineering Reviews,10.1007/s12393-020-09252-x,https://www.scopus.com/pages/publications/85089750266?origin=resultslist,431 - 441,13,3,Review,Cited by: 24,False,False,False
Lee2021,ARTICLE,Effect of high pressure processing combined with lactic acid bacteria on the microbial counts and physicochemical properties of uncooked beef patties during refrigerated storage,"Lee, Hyunah and Shahbaz, Hafiz Muhammad and Yang, Jaekyung and Jo, Mun Hui and Kim, Jeong Un and Yoo, Sungyul and Kim, Sung Han and Lee, Dong-Un and Park, Jiyong",2021,Journal of Food Processing and Preservation,10.1111/jfpp.15345,https://www.scopus.com/pages/publications/85100875096?origin=resultslist,,45,4,Article,Cited by: 14; All Open Access; Bronze Open Access,True,False,False
Lima2023857,ARTICLE,High pressure homogenization applied to fruit juices: Effects on microbial inactivation and on maintenance of bioactive components,"Lima, Mariah Almeida and Rosenthal, Amauri",2023,Food Science and Technology International,10.1177/10820132221124196,https://www.scopus.com/pages/publications/85138269059?origin=resultslist,857 - 870,29,8,Review,Cited by: 19,False,False,False
Thirumdas2025,ARTICLE,Emerging Nonthermal Technologies for the Production of Postbiotics,"Thirumdas, Rohit and Mudgil, Priti",2025,Comprehensive Reviews in Food Science and Food Safety,10.1111/1541-4337.70335,https://www.scopus.com/pages/publications/105022615510?origin=resultslist,,24,6,Review,Cited by: 24; All Open Access; Green Open Access; Hybrid Gold Open Access,True,True,True
Masotti20235643,ARTICLE,Current insights into non-thermal preservation technologies alternative to conventional high-temperature short-time pasteurization of drinking milk,"Masotti, Fabio and Cattaneo, Stefano and Stuknytė, Milda and De Noni, Ivano",2023,Critical Reviews in Food Science and Nutrition,10.1080/10408398.2021.2022596,https://www.scopus.com/pages/publications/85122525826?origin=resultslist,5643 - 5660,63,22,Review,Cited by: 28,False,False,False
Torrents-Masoliver2025,ARTICLE,Quantitative characterization of high-pressure inactivation of E. coli and Salmonella in fruit purees enhanced by acid exposure and delayed sampling,"Torrents-Masoliver, Berta and Jofré, Anna and Ribas-Agustí, Albert and Bover-Cid, Sara",2025,Food Research International,10.1016/j.foodres.2025.117328,https://www.scopus.com/pages/publications/105014010282?origin=resultslist,,221,,Article,Cited by: 2; All Open Access; Green Open Access; Hybrid Gold Open Access,True,True,True
Nakthong2025,ARTICLE,Impact of combined nano natural antimicrobials and pulsed electric field on pineapple juice preservation,"Nakthong, Nithima and Tuntithavornwat, Soontorn and Eshtiaghi, Mohammad Naghi",2025,Applied Food Research,10.1016/j.afres.2025.101353,https://www.scopus.com/pages/publications/105016381976?origin=resultslist,,5,2,Article,Cited by: 3; All Open Access; Gold Open Access,True,True,False
Black2025143,BOOK,Microbiological Aspects of High-Pressure Food Processing,"Black, Elaine P. and Stewart, Cynthia M. and Hoover, Dallas G.",2025,Nonthermal Processing Technologies for Food: Second Edition,10.1002/9781119265665.ch8,https://www.scopus.com/pages/publications/105022031649?origin=resultslist,143 - 168,1,,Book chapter,Cited by: 0,False,False,False
Liu2025,ARTICLE,Effect of Ultra-High-Pressure Synergistic Different Drying Methods on Storage Quality of Cistanche deserticola,"Liu, Min and Gao, Jie and Sun, Tao and Wu, Yilan and Dong, Tungalag and Yun, Xueyan",2025,Plant Foods for Human Nutrition,10.1007/s11130-025-01306-x,https://www.scopus.com/pages/publications/85218226066?origin=resultslist,,80,1,Article,Cited by: 3,False,False,False
Jan2022153,BOOK,Fundamentals of thawing processes for frozen foods,"Jan, Nusrat and Gani, Gousia and Bashir, Omar and Amin, Tawheed and Wani, Nazrana Rafique and Jabeen, Abida and Mukhtar, Taha",2022,High-Temperature Processing of Food Products: Unit Operations and Processing Equipment in the Food Industry,10.1016/B978-0-12-818618-3.00006-9,https://www.scopus.com/pages/publications/85199028824?origin=resultslist,153 - 174,,,Book chapter,Cited by: 3,False,False,False
Nateras-Ramírez2026,ARTICLE,"Fish Preservation Techniques: An Overview of Principles, Methods, and Quality Implications","Nateras-Ramírez, Omar and Fitch-Vargas, Perla Rosa and Martínez-Macias, María del Rosario and Sánchez-Cárdenas, Rebeca and Choza-Farías, Sofía and Fernandez-Jaramillo, Arturo Alfonso",2026,Processes,10.3390/pr14040723,https://www.scopus.com/pages/publications/105031265052?origin=resultslist,,14,4,Review,Cited by: 3; All Open Access; Gold Open Access,True,True,False
Darmawan2026,ARTICLE,Development and scale-up of pulsed electric field for seafood processing in small and medium industries,"Darmawan, Arry and Wulandari, Nur and Qirom and Niam, Bahrun and Sabirin and Parikesit, Adji and Asari, Ahmad and Hidayat, Muhammad and Widodo, Puji and Anggara, Cahya Edi Wahyu and Novianti, Fithria and Budiastuti, Maria Josefine Tjaturetna and Hoesen, Yanyan Achmad",2026,Applied Food Research,10.1016/j.afres.2026.101897,https://www.scopus.com/pages/publications/105033059468?origin=resultslist,,6,1,Article,Cited by: 0; All Open Access; Gold Open Access,True,True,False
McCoy2026,ARTICLE,Enhancing volatile fatty acid production using arrested anaerobic digestion of food waste and high salinity glycerol sludge,"McCoy, Emily Lim and Hassanein, Amro and Eddie, Brian J. and Yates, Matthew D. and Li, Yebo and Lansing, Stephanie",2026,Journal of Environmental Management,10.1016/j.jenvman.2026.129391,https://www.scopus.com/pages/publications/105033231918?origin=resultslist,,404,,Article,Cited by: 1; All Open Access; Hybrid Gold Open Access,True,True,False
Kamalapreetha2024200,BOOK,High-Pressure Processing Interventions in Marine Food Processing,"Kamalapreetha, B. and Rajan, Anbarasan and Mahendran, R.",2024,Non-Thermal Technologies for the Food Industry: Advances and Regulations,10.1201/9781003359302-13,https://www.scopus.com/pages/publications/85195979361?origin=resultslist,200 - 215,,,Book chapter,Cited by: 0,False,False,False
Janahar2023628,ARTICLE,"Inactivation of Lactobacillus brevis cells and Bacillus cereus spores as influenced by pressure, shear, thermal, and valve geometry","Janahar, Jerish Joyner and Xu, Jie and Balasubramaniam, V.M. and Yousef, Ahmed and Ting, Edmund",2023,International Journal of Food Properties,10.1080/10942912.2023.2173227,https://www.scopus.com/pages/publications/85148091131?origin=resultslist,628 - 646,26,1,Article,Cited by: 8; All Open Access; Gold Open Access; Green Open Access,True,True,True
Koubaa20211,BOOK,Fermentation Processes: Emerging and Conventional Technologies,"Koubaa, Mohamed and Barba, Francisco J. and Roohinejad, Shahin",2021,Fermentation Processes: Emerging and Conventional Technologies,10.1002/9781119505822,https://www.scopus.com/pages/publications/85159000252?origin=resultslist,1 - 226,,,Book,Cited by: 2,False,False,False
Yan2023325,ARTICLE,Processing edible insects into powders: a review of available processes and potential microbial inactivation methods,"Yan, X. and Laurent, S. and Federighi, M. and Boué, G. and Jury, V.",2023,Journal of Insects as Food and Feed,10.3920/JIFF2021.0203,https://www.scopus.com/pages/publications/85147819112?origin=resultslist,325 - 338,9,3,Article,Cited by: 19,False,False,False
Lee2021,ARTICLE,Effect of high hydrostatic pressure (HHP) and supercooling storage in leaf mustard (Brassica juncea L.) kimchi: Modelling of microbial activity and preservation of physicochemical properties,"Lee, Jeong Hyeon and Choi, Eun Ji and Chang, Ji Yoon and Song, Kyung Bin and Chun, Ho Hyun",2021,LWT,10.1016/j.lwt.2021.111325,https://www.scopus.com/pages/publications/85103317279?origin=resultslist,,145,,Article,Cited by: 33,False,False,False
Serra-Castelló2021,ARTICLE,Modelling the piezo-protection effect exerted by lactate on the high pressure resistance of Listeria monocytogenes in cooked ham,"Serra-Castelló, Cristina and Jofré, Anna and Belletti, Nicoletta and Garriga, Margarita and Bover-Cid, Sara",2021,Food Research International,10.1016/j.foodres.2020.110003,https://www.scopus.com/pages/publications/85098690626?origin=resultslist,,140,,Article,Cited by: 14; All Open Access; Green Open Access,True,False,True
Ogwu2024263,BOOK,Physicochemical methods of food preservation to ensure food safety and quality,"Ogwu, Matthew Chidozie and Ogunsola, Oluwatosin Adepeju",2024,Food Safety and Quality in the Global South,10.1007/978-981-97-2428-4_9,https://www.scopus.com/pages/publications/105001778839?origin=resultslist,263 - 298,,,Book chapter,Cited by: 29,False,False,False
Wang2026,ARTICLE,"Biogenic amines in fermented foods: A comprehensive review from formation pathways, risk analysis, detection technologies to control measures","Wang, Yaping and Yan, Bing and Xu, Haiqian and Huang, Yanyan and Sheng, Qinglin and Wang, Lang-Hong",2026,Food Research International,10.1016/j.foodres.2025.117832,https://www.scopus.com/pages/publications/105021634992?origin=resultslist,,223,,Article,Cited by: 21,False,False,False
Ağagündüz20251284,ARTICLE,"Advances in non-thermal food processing: a comprehensive approach to nutrient retention, food quality, and safety","Ağagündüz, Duygu and Ayakdaş, Gamze and Katırcıoğlu, Beyza and Ozogul, Fatih",2025,Sustainable Food Technology,10.1039/d5fb00136f,https://www.scopus.com/pages/publications/105016357051?origin=resultslist,1284 - 1308,3,5,Review,Cited by: 54; All Open Access; Gold Open Access,True,True,False
Wu2025,ARTICLE,The Effect of Non-Thermal Processing on the Fate of Pathogenic Bacteria and Hidden Hazardous Risks,"Wu, Yanan and Li, Xinxin and Ma, Xinyu and Ren, Qing and Sun, Zhanbin and Pan, Hanxu",2025,Foods,10.3390/foods14132374,https://www.scopus.com/pages/publications/105010444397?origin=resultslist,,14,13,Review,Cited by: 11; All Open Access; Gold Open Access; Green Open Access,True,True,True
Yildiz2023403,ARTICLE,Equivalent processing for pasteurization of a pineapple juice–coconut milk blend by selected nonthermal technologies,"Yildiz, Semanur and Shin, Ga Young and Franco, Beatriz Gonçalves and Tang, Juming and Sablani, Shyam and Barbosa-Cánovas, Gustavo V.",2023,Journal of Food Science,10.1111/1750-3841.16403,https://www.scopus.com/pages/publications/85144084128?origin=resultslist,403 - 416,88,1,Article,Cited by: 18,False,False,False
Usaga2021,ARTICLE,"Evaluation of high pressure processing (HPP) inactivation of Escherichia coli O157:H7, Salmonella enterica, and Listeria monocytogenes in acid and acidified juices and beverages","Usaga, Jessie and Acosta, Óscar and Churey, John J. and Padilla-Zakour, Olga I. and Worobo, Randy W.",2021,International Journal of Food Microbiology,10.1016/j.ijfoodmicro.2020.109034,https://www.scopus.com/pages/publications/85098581637?origin=resultslist,,339,,Article,Cited by: 76,False,False,False
Pérez-García2026,ARTICLE,"Emerging non-thermal and low-temperature food processing technologies: Effects on food quality, safety, and sustainability","Pérez-García, Esteban and Carrascosa, Conrado and Raposo, António and Zandonadi, Renata Puppin and Oliveira, Leandro and Raheem, Dele and Sanjuán, Esther and Saraiva, Ariana",2026,Food Bioscience,10.1016/j.fbio.2026.109576,https://www.scopus.com/pages/publications/105045557714?origin=resultslist,,83,,Review,Cited by: 1; All Open Access; Hybrid Gold Open Access,True,True,False
Yang2024145,ARTICLE,High pressure processing plus technologies: Enhancing the inactivation of vegetative microorganisms,"Yang, Peiqing and Liao, Xiaojun",2024,Advances in Food and Nutrition Research,10.1016/bs.afnr.2024.02.003,https://www.scopus.com/pages/publications/85194736533?origin=resultslist,145 - 195,110,,Article,Cited by: 8,False,False,False
Pokhrel2022,ARTICLE,Effect of high hydrostatic pressure on microbial inactivation and quality changes in carrot-orange juice blends at varying pH,"Pokhrel, Prashant Raj and Boulet, Camille and Yildiz, Semanur and Sablani, Shyam and Tang, Juming and Barbosa-Cánovas, Gustavo V.",2022,LWT,10.1016/j.lwt.2022.113219,https://www.scopus.com/pages/publications/85124977014?origin=resultslist,,159,,Article,Cited by: 55; All Open Access; Gold Open Access,True,True,False
Wang2022221,BOOK,Response of Foodborne Pathogens to High-Pressure Processing,"Wang, Yongtao",2022,Stress Responses of Foodborne Pathogens,10.1007/978-3-030-90578-1_8,https://www.scopus.com/pages/publications/85152847532?origin=resultslist,221 - 250,,,Book chapter,Cited by: 1,False,False,False
Moghaddam2024,ARTICLE,Cold plasma processing of phycoerythrin extracted from cyanobacterium Desmonostoc sp. for inactivation of Bacillus subtilis spores,"Moghaddam, Mahshid Sharifi and Nowruzi, Bahareh and Bagheri, Fatemeh",2024,Nutrire,10.1186/s41110-024-00301-7,https://www.scopus.com/pages/publications/85209207935?origin=resultslist,,49,2,Article,Cited by: 3,False,False,False
de Oliveira Ramos2026,ARTICLE,Transglutaminase-assisted technologies for dairy products,"de Oliveira Ramos, Rejane and de Andrade, Cristiano José and de Oliveira, Débora",2026,Food and Humanity,10.1016/j.foohum.2026.101084,https://www.scopus.com/pages/publications/105030834013?origin=resultslist,,6,,Article,Cited by: 0,False,False,False
Pimsannil2025,ARTICLE,Edible portions of precooked blue swimming crab: Chemical composition and effect of chitooligosaccharide conjugate and high-pressure processing on microbial inactivation,"Pimsannil, Khaettareeya and Palamae, Suriya and Fan, Xinru and Zhao, Qiancheng and Zhang, Bin and Benjakul, Soottawat",2025,Food Chemistry: X,10.1016/j.fochx.2024.102070,https://www.scopus.com/pages/publications/85211209884?origin=resultslist,,25,,Article,Cited by: 8; All Open Access; Gold Open Access; Green Open Access,True,True,True
Chai2021,ARTICLE,"Effect of high pressure processing, allyl isothiocyanate, and acetic acid stresses on Salmonella survivals, storage, and appearance color in raw ground chicken meat","Chai, Hui-Erh and Sheen, Shiowshuh",2021,Food Control,10.1016/j.foodcont.2020.107784,https://www.scopus.com/pages/publications/85097244066?origin=resultslist,,123,,Article,Cited by: 59,False,False,False
Li2026,ARTICLE,"High-Pressure Homogenization in Food Processing: Mechanisms, Applications, and Industrial Translation","Li, Zhihua and Zhang, Youmin and Xue, Yuhong and Qin, Zhou and Xu, Haoyang and Zhang, Aocheng and Zou, Yucheng and Wang, Tianxing and Zou, Xiaobo and Huang, Xiaowei",2026,Comprehensive Reviews in Food Science and Food Safety,10.1111/1541-4337.70594,https://www.scopus.com/pages/publications/105046618265?origin=resultslist,,25,5,Review,Cited by: 0; All Open Access; Green Open Access,True,False,True
Mahendran20241,BOOK,Introduction to Nonthermal Processing,"Mahendran, R. and Sinija, V.R. and Anandharamakrishnan, C.",2024,Non-Thermal Technologies for the Food Industry: Advances and Regulations,10.1201/9781003359302-1,https://www.scopus.com/pages/publications/85195909702?origin=resultslist,1 - 4,,,Book chapter,Cited by: 2,False,False,False
Haetami20261323,ARTICLE,Advancements in fermentation of fish by-products: A systematic review of omega-3 lipid extraction for sustainable aquaculture,"Haetami, Kiki and Yustiati, Ayi and Abun, Abun and Rahmani, Fadlilah A. and Mulki, Munir A.",2026,AACL Bioflux,,https://www.scopus.com/pages/publications/105042385698?origin=resultslist,1323 - 1341,19,3,Article,Cited by: 0,False,False,False
Palamae2026,ARTICLE,"Hurdle strategies based on high-pressure processing, ultrasonication and pulsed electric field for shelf life extension of refrigerated Asian green mussel","Palamae, Suriya and Buamard, Natchaphol and Suyapoh, Watcharapol and Zhang, Bin and Fu, Yu and Hong, Hui and Benjakul, Soottawat",2026,Food Control,10.1016/j.foodcont.2025.111934,https://www.scopus.com/pages/publications/105025466804?origin=resultslist,,183,,Article,Cited by: 1,False,False,False
Koutsoumanis2022,ARTICLE,The efficacy and safety of high-pressure processing of food,"Koutsoumanis, Konstantinos and Alvarez-Ordóñez, Avelino and Bolton, Declan and Bover-Cid, Sara and Chemaly, Marianne and Davies, Robert and De Cesare, Alessandra and Herman, Lieve and Hilbert, Friederike and Lindqvist, Roland and Nauta, Maarten and Peixe, Luisa and Ru, Giuseppe and Simmons, Marion and Skandamis, Panagiotis and Suffredini, Elisabetta and Castle, Laurence and Crotta, Matteo and Grob, Konrad and Milana, Maria Rosaria and Petersen, Annette and Roig Sagués, Artur Xavier and Vinagre Silva, Filipa and Barthélémy, Eric and Christodoulidou, Anna and Messens, Winy and Allende, Ana",2022,EFSA Journal,10.2903/j.efsa.2022.7128,https://www.scopus.com/pages/publications/85127654345?origin=resultslist,,20,3,Article,Cited by: 168; All Open Access; Gold Open Access; Green Open Access,True,True,True
Meenu2026,ARTICLE,A systematic review on eco-efficient non-thermal processing technologies for sustainable fish preservation,"Meenu, Maninder and Devi, Sarita and He, Yuhang and Li, Xiaohao and Khandare, Kiran and Katiyar, Shubhi and Yu, Yong and Liu, Ying",2026,Sustainable Food Technology,10.1039/d6fb00085a,https://www.scopus.com/pages/publications/105044023075?origin=resultslist,,,,Review,Cited by: 0; All Open Access; Gold Open Access,True,True,False
Malik20232509,ARTICLE,Potential of high-pressure homogenization (HPH) in the development of functional foods,"Malik, Tanu and Sharma, Ruchi and Ameer, Kashif and Bashir, Omar and Amin, Tawheed and Manzoor, Sobiya and Mohamed Ahmed, Isam A.",2023,International Journal of Food Properties,10.1080/10942912.2023.2249262,https://www.scopus.com/pages/publications/85169672296?origin=resultslist,2509 - 2531,26,1,Review,Cited by: 35; All Open Access; Gold Open Access; Green Open Access,True,True,True
Raja2025,ARTICLE,Non-Thermal Processing (NTP) as Preservation Techniques for Microbial Safety in Selected Plant-Based Food Products: A Systematic Review,"Raja, A.D.R.N. and Utama, G.L. and Sikin, A.M. and Lee, A.T. and Andoyo, R.",2025,Journal of Food Processing and Preservation,10.1155/jfpp/6677975,https://www.scopus.com/pages/publications/105026129642?origin=resultslist,,2025,1,Review,Cited by: 3; All Open Access; Hybrid Gold Open Access,True,True,False
Levy2021490,ARTICLE,High-Pressure Homogenization: Principles and Applications Beyond Microbial Inactivation,"Levy, Rachel and Okun, Zoya and Shpigelman, Avi",2021,Food Engineering Reviews,10.1007/s12393-020-09239-8,https://www.scopus.com/pages/publications/85087916607?origin=resultslist,490 - 508,13,3,Review,Cited by: 164,False,False,False
Sehrawat202119,ARTICLE,"Microbial inactivation by high pressure processing: principle, mechanism and factors responsible","Sehrawat, Rachna and Kaur, Barjinder Pal and Nema, Prabhat K. and Tewari, Somya and Kumar, Lokesh",2021,Food Science and Biotechnology,10.1007/s10068-020-00831-6,https://www.scopus.com/pages/publications/85092157052?origin=resultslist,19 - 35,30,1,Review,Cited by: 222; All Open Access; Bronze Open Access; Green Open Access,True,False,True
González-Cantillo2026,ARTICLE,Application of High Hydrostatic Pressure (Long Holding Time vs. Two Consecutive Short Cycles) for the Preservation of Lamb Burgers Enriched with Lupinus albus Flour,"González-Cantillo, Nieves and Martín-Mateos, María Jesús and Sánchez-Ordóñez, Miriam and López-Parra, María Montaña and García-Parra, Jesús Javier and Matías, Javier and Ramírez-Bernabé, María Rosario",2026,Foods,10.3390/foods15040789,https://www.scopus.com/pages/publications/105031308790?origin=resultslist,,15,4,Article,Cited by: 0; All Open Access; Gold Open Access; Green Open Access,True,True,True
Chen2025,ARTICLE,Ultrahigh pressure treatment of Actinidia arguta turbid juice: Kinetics of microbial inactivation and assessment of bioactive ingredient availability,"Chen, Lina and Wang, Tienan and Sui, Yuhan and Gong, Mengjuan and Li, Meijia",2025,International Journal of Food Microbiology,10.1016/j.ijfoodmicro.2025.111316,https://www.scopus.com/pages/publications/105008198739?origin=resultslist,,441,,Article,Cited by: 0,False,False,False
Abdullah2024385,CONFERENCE,Atmospheric Pressure Plasma Jet Implementation in Suppressing White Bread's Mold,"Abdullah, A.S. and Ahmad, M.H. and Saman, N.M. and Sidik, M.A.B. and Nawawi, Z. and Kurnia, R.F.",2024,"ICECOS 2024 - 4th International Conference on Electrical Engineering and Computer Science, Proceeding",10.1109/ICECOS63900.2024.10791171,https://www.scopus.com/pages/publications/85215306499?origin=resultslist,385 - 390,,,Conference paper,Cited by: 1,False,False,False
Morales-de la Peña2023,ARTICLE,Recent Trends in Fermented Beverages Processing: The Use of Emerging Technologies,"Morales-de la Peña, Mariana and Miranda-Mejía, Graciela A. and Martín-Belloso, Olga",2023,Beverages,10.3390/beverages9020051,https://www.scopus.com/pages/publications/85163572374?origin=resultslist,,9,2,Review,Cited by: 31; All Open Access; Gold Open Access; Green Open Access,True,True,True
Rashvand202510283,ARTICLE,Machine Learning-Driven Optimization for Digital Transformation in Non-thermal Food Processing,"Rashvand, Mahdi and Dehkharghanian, Nahal and Nikzadfar, Mehrad and Javed, Tasmiyah and Luke, Leo Pappukutty and O’Brien, Alexander and Shenfield, Alex and Genovese, Francesco and Matera, Attilio and Altieri, Giuseppe and Di Renzo, Giovanni Carlo and Zhang, Hongwei",2025,Food and Bioprocess Technology,10.1007/s11947-025-04078-z,https://www.scopus.com/pages/publications/105021412366?origin=resultslist,10283 - 10316,18,12,Review,Cited by: 12; All Open Access; Green Open Access; Hybrid Gold Open Access,True,True,True
Ma2022,ARTICLE,Effect of Different Sterilization Methods on the Microbial and Physicochemical Changes in Prunus mume Juice during Storage,"Ma, Yuan and Xu, Yingping and Chen, Yuanyuan and Meng, Ailian and Liu, Ping and Ye, Kunyue and Yuan, Anqi",2022,Molecules,10.3390/molecules27041197,https://www.scopus.com/pages/publications/85124607170?origin=resultslist,,27,4,Article,Cited by: 30; All Open Access; Gold Open Access; Green Open Access,True,True,True
Hinojosa-Luna20263625,ARTICLE,"High-pressure processing of freshly cut vegetables: influence on organoleptic properties, microbial load and trace element bioaccessibility","Hinojosa-Luna, Ana and Cámara-Martos, Fernando and Pérez-Rodríguez, Fernando and Serrano, Salud and Rodríguez, Inmaculada",2026,Journal of the Science of Food and Agriculture,10.1002/jsfa.70480,https://www.scopus.com/pages/publications/105029012661?origin=resultslist,3625 - 3637,106,6,Article,Cited by: 1,False,False,False
Swathika B. S2026,ARTICLE,Pulsed Electromagnetic Field (PEMF) and its Intervention in Agri-food Systems,"Swathika B. S and Naveen Kumar B and Kavya M and Sutharsan J and Radhakrishnan, Mahendran",2026,Food and Bioprocess Technology,10.1007/s11947-026-04396-w,https://www.scopus.com/pages/publications/105039441014?origin=resultslist,,19,6,Review,Cited by: 0,False,False,False
Chotyakul2026,ARTICLE,The effect of high-pressure processing on the quality of functional drinks from kale and Wolffia,"Chotyakul, Nattaporn and Rungpichayapichet, Parika and Siriwongwilaichat, Prasong and Mahayothee, Busarakorn",2026,Journal of Food Science and Technology,10.1007/s13197-026-06723-7,https://www.scopus.com/pages/publications/105039916802?origin=resultslist,,,,Article,Cited by: 0,False,False,False
Astorga-Oquendo2026,ARTICLE,Synergistic inactivation of Clostridium sporogenes PA 3679 spores by pressure-assisted thermal processing and cationic antimicrobials in a low-acid food matrix,"Astorga-Oquendo, Liz and Yousef, Ahmed E. and Balasubramaniam, V.M.",2026,Food Control,10.1016/j.foodcont.2026.112233,https://www.scopus.com/pages/publications/105036320790?origin=resultslist,,188,,Article,Cited by: 0; All Open Access; Hybrid Gold Open Access,True,True,False
Polak2024,ARTICLE,"High-Temperature Short-Time and Ultra-High-Temperature Processing of Juices, Nectars and Beverages: Influences on Enzyme, Microbial Inactivation and Retention of Bioactive Compounds","Polak, Natalia and Kalisz, Stanisław and Kruszewski, Bartosz",2024,Applied Sciences (Switzerland),10.3390/app14198978,https://www.scopus.com/pages/publications/85206585669?origin=resultslist,,14,19,Review,Cited by: 41; All Open Access; Gold Open Access,True,True,False
Mostafa2024507,ARTICLE,An emerging application of gamma irradiation in reducing higher levels of hydroxymethyl furfural (toxic hazard) in date syrup and enhancing the microbial and nutritional quality,"Mostafa, Aya Y and Badee, Adel ZM and Helmy, Shahinaz A and Farag, Serag A and Abdel Aziz, Mohamed E",2024,Food Science and Technology International,10.1177/10820132231165545,https://www.scopus.com/pages/publications/85159953306?origin=resultslist,507 - 516,30,6,Article,Cited by: 3,False,False,False
Ballester2022315,ARTICLE,Spoilage yeasts in fermented vegetables: conventional and novel control strategies,"Ballester, Elena and Ribes, Susana and Barat, Jose Manuel and Fuentes, Ana",2022,European Food Research and Technology,10.1007/s00217-021-03888-7,https://www.scopus.com/pages/publications/85118307998?origin=resultslist,315 - 328,248,2,Review,Cited by: 20; All Open Access; Green Open Access,True,False,True
Toshmamatov2025,ARTICLE,Application of pulsed electric field technology in tomato processing: a bibliometric analysis,"Toshmamatov, Nurmirza and Eshpulatov, Nodir and Kannazarova, Zulfiya",2025,Discover Food,10.1007/s44187-025-00663-5,https://www.scopus.com/pages/publications/105022648578?origin=resultslist,,5,1,Review,Cited by: 1; All Open Access; Gold Open Access; Green Open Access,True,True,True
Puangwerakul2024,ARTICLE,Comparative Effects of HPP and Irradiation on Plant-Based Whole Hard-Boiled Eggs,"Puangwerakul, Yupakanit and Chaisakdanukul, Chitsuda and Soithongsuk, Suvimol and Sajjaut, Surasak and Pewlong, Wachiraporn",2024,Journal of Current Science and Technology,10.59796/jcst.V14N3.2024.66,https://www.scopus.com/pages/publications/85203597163?origin=resultslist,,14,3,Article,Cited by: 6; All Open Access; Gold Open Access,True,True,False
Ismail2024514,ARTICLE,Shelf life and quality assessment of pasteurised red dragon fruit (Hylocereus polyrhizus L.) purée: Comparative study of high-pressure and thermal processing,"Ismail, N.H.S. and Nawawi, N.I.M. and Ijod, G. and Anzian, A. and Ismail-Fitry, M.A. and Ahmad, N.H. and Adzahan, N.M. and Azman, E.M.",2024,International Food Research Journal,10.47836/ifrj.31.2.22,https://www.scopus.com/pages/publications/85193713787?origin=resultslist,514 - 529,31,2,Article,Cited by: 6; All Open Access; Bronze Open Access; Green Open Access,True,False,True
Subhashini2024,ARTICLE,Pressure Shift Freezing: An Alternate Method of Freezing for Meat and Marine Products and Their Quality Characteristics,"Subhashini, M. and Subith, C. and Meenatchi, R. and Radhakrishnan, Mahendran",2024,Journal of Food Processing and Preservation,10.1155/2024/1720752,https://www.scopus.com/pages/publications/85199374580?origin=resultslist,,2024,,Article,Cited by: 6; All Open Access; Hybrid Gold Open Access,True,True,False
Pimsannil2026,ARTICLE,Dual-Action Preservation of Crab Roe Using High-Pressure Processing and Chitooligosaccharide–Catechin Conjugate,"Pimsannil, Khaettareeya and Palamae, Suriya and Detcharoen, Matsapume and Saetang, Jirakrit and Yin, Toa and Zhang, Bin and Benjakul, Soottawat",2026,Food and Bioprocess Technology,10.1007/s11947-026-04401-2,https://www.scopus.com/pages/publications/105039596802?origin=resultslist,,19,6,Article,Cited by: 0,False,False,False
Inácio20213975,ARTICLE,Effect of high pressure pre-treatment on raw ewes' milk and on subsequently produced cheese throughout ripening,"Inácio, Rita S and Pinto, Carlos A and Saraiva, Jorge A and Gomes, Ana MP",2021,Journal of the Science of Food and Agriculture,10.1002/jsfa.11023,https://www.scopus.com/pages/publications/85100836072?origin=resultslist,3975 - 3980,101,9,Article,Cited by: 3; All Open Access; Bronze Open Access; Green Open Access,True,False,True
Lei2021297,ARTICLE,Damage mechanism of Hanseniaspora opuntiae by high hydrostatic pressure; [超高压对仙人掌有孢汉逊酵母的损伤机理],"Lei, Yuqing and Hao, Jingyi and Wu, Ao and Gan, Zhilin and Sun, Aidong",2021,Nongye Gongcheng Xuebao/Transactions of the Chinese Society of Agricultural Engineering,10.11975/j.issn.1002-6819.2021.2.034,https://www.scopus.com/pages/publications/85104140250?origin=resultslist,297 - 303,37,2,Article,Cited by: 1,False,False,False
Guzel2026,ARTICLE,A Scoping Review of Thermal and Nonthermal Technologies for Listeria monocytogenes Inactivation in Ready-to-Eat Meats,"Guzel, Mustafa and Okur, Ilhami",2026,Comprehensive Reviews in Food Science and Food Safety,10.1111/1541-4337.70506,https://www.scopus.com/pages/publications/105038698884?origin=resultslist,,25,3,Review,Cited by: 2; All Open Access; Green Open Access; Hybrid Gold Open Access,True,True,True
Gyawali2024,ARTICLE,"Nonthermal techniques, antimicrobial agents, and packaging methods to improve the microbial safety of nuts","Gyawali, Rabin and Mahapatra, Ajit K. and Bardsley, Cameron A. and Niemira, Brendan A.",2024,Trends in Food Science and Technology,10.1016/j.tifs.2024.104363,https://www.scopus.com/pages/publications/85186318642?origin=resultslist,,146,,Review,Cited by: 19,False,False,False
Ojha2021877,ARTICLE,Edible insect processing pathways and implementation of emerging technologies,"Ojha, S. and Bußler, S. and Psarianos, M. and Rossi, G. and Schlüter, O.K.",2021,Journal of Insects as Food and Feed,10.3920/JIFF2020.0121,https://www.scopus.com/pages/publications/85113833216?origin=resultslist,877 - 900,7,5,Article,Cited by: 120; All Open Access; Green Open Access; Hybrid Gold Open Access,True,True,True
Shukla2024187,BOOK,Overview of Nonthermal Processing Techniques of Citrus Fruits,"Shukla, Akash Deep and Srivastava, Yashi",2024,Citrus Fruits and Juice: Processing and Quality Profiling,10.1007/978-981-99-8699-6_9,https://www.scopus.com/pages/publications/105003361674?origin=resultslist,187 - 222,,,Book chapter,Cited by: 1,False,False,False
Goraya20253856,ARTICLE,Exploring the impact of high pressure processing on the characteristics of processed fruit and vegetable products: a comprehensive review,"Goraya, Rajpreet Kaur and Singla, Mohit and Kaura, Robin and Singh, Chandra B and Singh, Ashutosh",2025,Critical Reviews in Food Science and Nutrition,10.1080/10408398.2024.2373390,https://www.scopus.com/pages/publications/85197438336?origin=resultslist,3856 - 3879,65,20,Review,Cited by: 24,False,False,False
Das20261393,ARTICLE,Exploring non-thermal techniques to transform the quality dynamics of fruit puree: a comprehensive review,"Das, Rahul and Giri, Souvik and Das, Dipak and Kaur, Ravneet and Islam, Makdud",2026,Food Science and Biotechnology,10.1007/s10068-025-02009-4,https://www.scopus.com/pages/publications/105019706585?origin=resultslist,1393 - 1411,35,6,Review,Cited by: 4; All Open Access; Green Open Access,True,False,True
Jin2025,ARTICLE,"Emerging and Innovative Technologies for the Sanitization of Fresh Produce: Advances, Mechanisms, and Applications for Enhancing Food Safety and Quality","Jin, Yuqiao and Adhikari, Achyut",2025,Foods,10.3390/foods14111924,https://www.scopus.com/pages/publications/105007914397?origin=resultslist,,14,11,Review,Cited by: 19; All Open Access; Gold Open Access; Green Open Access,True,True,True
Fuangpaiboon202566,ARTICLE,Qualities of Mixed Vegetables/Fruit Juice from Fresh-Cut Salad Waste under High-Pressure Processing; [คุณภาพของน้าผัก/ผลไม้รวมจากของเหลือในการตัดแต่งผักสลัด ภายใต้กระบวนการแปรรูปโดยความดันสูง],"Fuangpaiboon, Nattavong and Sukbida, Wattana and Ngampang, Parichart and Tangwongchai, Ratchada",2025,Burapha Science Journal,,https://www.scopus.com/pages/publications/105037734610?origin=resultslist,66 - 81,30,1,Article,Cited by: 0,False,False,False
Mousakhani Ganjeh2026,ARTICLE,Moderate pressure pasteurization: A novel approach to inactivate Listeria monocytogenes in smoked Salmon with minimal color alteration,"Mousakhani Ganjeh, Alireza and Pinto, Carlos A. and Casal, Susana and Saraiva, Jorge A.",2026,Innovative Food Science and Emerging Technologies,10.1016/j.ifset.2026.104634,https://www.scopus.com/pages/publications/105039771303?origin=resultslist,,112,,Article,Cited by: 0,False,False,False
Shi2026395,ARTICLE,"Application of Non-thermophysical Sterilization Technology in Tea Beverage: Principles, Progress and Challenges; [非热物理杀菌技术在茶饮料中的应用: 原理、进展与挑战]","Shi, Yue and Chen, Jianxin and Zhang, Jianyong and Han, Shuya and Wang, Fang and Zhang, Dingwu and Hu, Yurong and Yin, Junfeng",2026,Shipin Kexue/Food Science,10.7506/spkx1002-6630-20250827-186,https://www.scopus.com/pages/publications/105035602221?origin=resultslist,395 - 407,47,4,Article,Cited by: 0,False,False,False
Gokul Nath2023,ARTICLE,High-pressure processing: Effect on textural properties of food- A review,"Gokul Nath, K. and Pandiselvam, R. and Sunil, C.K.",2023,Journal of Food Engineering,10.1016/j.jfoodeng.2023.111521,https://www.scopus.com/pages/publications/85151010359?origin=resultslist,,351,,Review,Cited by: 98,False,False,False
Rothwell20222490,ARTICLE,The antimicrobial efficacy of plasma-activated water against Listeria and E. coli is modulated by reactor design and water composition,"Rothwell, Joanna G. and Alam, David and Carter, Dee A. and Soltani, Behdad and McConchie, Robyn and Zhou, Renwu and Cullen, Patrick J. and Mai-Prochnow, Anne",2022,Journal of Applied Microbiology,10.1111/jam.15429,https://www.scopus.com/pages/publications/85122683889?origin=resultslist,2490 - 2500,132,4,Article,Cited by: 60,False,False,False
Le2023399,ARTICLE,Influence of high pressure processing on qualities of celery-based juices during refrigerated storage,"Le, Uyen Ngoc Phuong and Ratphitagsanti, Wannasawat and Therdthai, Nantawan",2023,Agriculture and Natural Resources,10.34044/j.anres.2023.57.3.04,https://www.scopus.com/pages/publications/85169584473?origin=resultslist,399 - 408,57,3,Article,Cited by: 0; All Open Access; Gold Open Access,True,True,False
Kapoor2026225,BOOK,Thermal Engineering for Food Safety,"Kapoor, Ayushi and Dey, Swarnima and Kumar, Yogesh and Das, Anamika",2026,Food Quality Assurance: The Engineering Approach,10.1201/9781003566052-10,https://www.scopus.com/pages/publications/105038831394?origin=resultslist,225 - 238,,,Book chapter,Cited by: 0,False,False,False
Deng2023169,BOOK,Microbial decontamination technologies for food powders,"Deng, Li-Zhen and Li, Dantong and Xiao, Hong-Wei",2023,"Handbook of Food Powders: Chemistry and Technology, Second Edition",10.1016/B978-0-323-98820-9.00005-3,https://www.scopus.com/pages/publications/85183252340?origin=resultslist,169 - 184,,,Book chapter,Cited by: 0,False,False,False
Lee2023,ARTICLE,Effect of high hydrostatic pressure treatment on the inactivation and sublethal injury of foodborne pathogens and quality of apple puree at different pH,"Lee, Eun-Jung and Kim, Soo-Hwan and Park, Sang-Hyun",2023,Food Microbiology,10.1016/j.fm.2023.104302,https://www.scopus.com/pages/publications/85154042086?origin=resultslist,,114,,Article,Cited by: 22,False,False,False
Rolfe2023,ARTICLE,"Barotolerance of Acid-adapted and Cold-adapted Bacterial Isolates of E. coli O157:H7, Salmonella spp., and L. monocytogenes in an Acidic Buffer Model","Rolfe, Catherine A. and Anderson, Nathan M. and Black, Darryl Glenn and Lee, Alvin",2023,Journal of Food Protection,10.1016/j.jfp.2023.100116,https://www.scopus.com/pages/publications/85163559612?origin=resultslist,,86,8,Article,Cited by: 8; All Open Access; Gold Open Access; Green Open Access,True,True,True
Weihe2026,ARTICLE,Non-thermal food decontamination techniques and their impact on various food matrices,"Weihe, Thomas and Nestel, Samantha and Spilker, Ulrike and Ehlbeck, Jörg and Schnabel, Uta",2026,Journal of Physics D: Applied Physics,10.1088/1361-6463/ae8e87,https://www.scopus.com/pages/publications/105047653966?origin=resultslist,,59,32,Review,Cited by: 0; All Open Access; Hybrid Gold Open Access,True,True,False
Wei2023,ARTICLE,Comparison of high-hydrostatic pressure and frozen treatments on raw freshwater clam marinated in soy sauce: Impact on microbiological and organoleptic qualities,"Wei, Pi-Chen and Lee, Yi-Chen and Chen, Yu-Chi and Lin, Chung-Saint and Chen, Po-Wei and Hsu, Todd and Tsai, Yung-Hsiang",2023,Food Control,10.1016/j.foodcont.2023.109999,https://www.scopus.com/pages/publications/85166018556?origin=resultslist,,154,,Article,Cited by: 6,False,False,False
Matsubara2021,ARTICLE,Enhancing resistant starch content in brown rice using supercritical carbon dioxide processing,"Matsubara, Masahiro and Nakato, Yasuhisa and Kondo, Eiichi",2021,Journal of Food Process Engineering,10.1111/jfpe.13617,https://www.scopus.com/pages/publications/85097166235?origin=resultslist,,44,2,Article,Cited by: 6,False,False,False
Lee2023,ARTICLE,Effects of high-pressure processing on the physicochemical properties of prosciutto and microbe inactivation,"Lee, Sumi and Lee, Jiseon and Shin, Jihye and Choi, Mi-Jung",2023,LWT,10.1016/j.lwt.2023.115294,https://www.scopus.com/pages/publications/85171443704?origin=resultslist,,187,,Article,Cited by: 13; All Open Access; Gold Open Access,True,True,False
Singh2022,ARTICLE,Effect of microfluidization on quality characteristics of sapodilla (Manilkara achras L.) juice,"Singh, Sukh Veer and Singh, Rakhi and Verma, Kiran and Kamble, Meenatai G. and Tarafdar, Ayon and Chinchkar, Ajay V. and Pandey, Arun Kumar and Sharma, Minaxi and Kumar Gupta, Vijai and Sridhar, Kandi and Kumar, Shiv",2022,Food Research International,10.1016/j.foodres.2022.112089,https://www.scopus.com/pages/publications/85141607211?origin=resultslist,,162,,Article,Cited by: 13,False,False,False
Palamae2024,ARTICLE,"Elucidation of high-pressure processing toward microbial inhibition, physicochemical properties, collagen fiber and muscle structure of blood clam edible portion","Palamae, Suriya and Patil, Umesh and Suyapoh, Watcharapol and Sornying, Peerapon and Buatong, Jirayu and Zhang, Bin and Benjakul, Soottawat",2024,Food Chemistry,10.1016/j.foodchem.2024.139840,https://www.scopus.com/pages/publications/85194897186?origin=resultslist,,455,,Article,Cited by: 14,False,False,False
Tang2026440,ARTICLE,"Effects of Synergic Methods of Ice Temperature Storage, Chitosan and High Static Pressure Treatment on Storage Quality of Cantonese Soft-boiled Chicken; [冰温协同壳聚糖及超高压处理对广式白切鸡贮藏品质的影响]","Tang, Jingyi and Yan, Yijun and Zhang, Liyan",2026,Science and Technology of Food Industry,10.13386/j.issn1002-0306.2025080016,https://www.scopus.com/pages/publications/105046902199?origin=resultslist,440 - 448,47,16,Article,Cited by: 1,False,False,False
Lin2022,ARTICLE,"Impacts of high-hydrostatic pressure on the organoleptic, microbial, and chemical qualities and bacterial community of freshwater clam during storage studied using high-throughput sequencing","Lin, Chung-Saint and Tsai, Yung-Hsiang and Chen, Po-Wei and Chen, Yu-Chi and Wei, Pi-Chen and Tsai, Mei-Ling and Kuo, Chia-Hung and Lee, Yi-Chen",2022,LWT,10.1016/j.lwt.2022.114124,https://www.scopus.com/pages/publications/85141290569?origin=resultslist,,171,,Article,Cited by: 16; All Open Access; Gold Open Access,True,True,False
Nolasco-González2024,ARTICLE,A novel combination of thermovacuum and thermosonication to inactivate pathogenic bacteria in an Annona muricata L. beverage,"Nolasco-González, Yolanda and Esparza, Luis Miguel Anaya and García-Magaña, María de Lourdes and Chacón-López, M. Alejandra and Ortiz-Basurto, Rosa I. and Del Real-López, Alicia and Montalvo-González, Efigenia",2024,Innovative Food Science and Emerging Technologies,10.1016/j.ifset.2024.103817,https://www.scopus.com/pages/publications/85203835966?origin=resultslist,,97,,Article,Cited by: 2,False,False,False
Serment-Moreno2021465,ARTICLE,Microbial Modeling Needs for the Nonthermal Processing of Foods,"Serment-Moreno, Vinicio",2021,Food Engineering Reviews,10.1007/s12393-020-09263-8,https://www.scopus.com/pages/publications/85096074637?origin=resultslist,465 - 489,13,3,Review,Cited by: 25,False,False,False
Masilamani202519,ARTICLE,Recent advances in nonthermal hurdle approach in the food sector,"Masilamani, Sivasathiya and Natarajan, Venkatachalapathy and Radhakrishnan, Mahendran",2025,Quality Assurance and Safety of Crops and Foods,10.15586/qas.v17i2.1515,https://www.scopus.com/pages/publications/105004408873?origin=resultslist,19 - 36,17,2,Review,Cited by: 13; All Open Access; Gold Open Access,True,True,False
Hargrove202510574,ARTICLE,A sedimentation test to measure heat stability of milk protein beverages,"Hargrove, Drew and Barbano, David M. and Drake, MaryAnne",2025,Journal of Dairy Science,10.3168/jds.2025-26974,https://www.scopus.com/pages/publications/105017084035?origin=resultslist,10574 - 10585,108,10,Article,Cited by: 3; All Open Access; Gold Open Access; Green Open Access,True,True,True
Akdemir Evrendilek2021,ARTICLE,"High pressure processing of licorice drink with respect to quality characteristics, microbial inactivation, and shelf-life extension","Akdemir Evrendilek, Gulsun and Bakay, Sahin and Uzuner, Sibel",2021,Journal of Food Processing and Preservation,10.1111/jfpp.15465,https://www.scopus.com/pages/publications/85103535762?origin=resultslist,,45,5,Article,Cited by: 8; All Open Access; Bronze Open Access,True,False,False
Fariha2026,ARTICLE,Next-generation non-thermal technologies for sustainable postharvest preservation: a five-dimensional evaluation framework for climate-smart food systems,"Fariha, Saima and Hassan, Sumaiya and Sarker, Shaswaty and Richi, Suraiya Hassan and Jalal, Sumaiya and Islam, Md Shafiqul",2026,International Journal of Food Science and Technology,10.1093/ijfood/vvag076,https://www.scopus.com/pages/publications/105040798206?origin=resultslist,,61,1,Review,Cited by: 1; All Open Access; Gold Open Access,True,True,False
Yang2026125,ARTICLE,Advances in high pressure processing of fruit and vegetable juices,"Yang, Peiqing and Wang, Wenxin and Liao, Xiaojun",2026,Advances in Food and Nutrition Research,10.1016/bs.afnr.2025.08.002,https://www.scopus.com/pages/publications/105014590879?origin=resultslist,125 - 164,118,,Book chapter,Cited by: 3,False,False,False
Karacabey2021541,BOOK,Modern technologies in opuntia spp. juice processing,"Karacabey, Erkan and Turgut, Sebahattin Serhat and Küçüköner, Erdoğan",2021,"Opuntia spp.: Chemistry, Bioactivity and Industrial Applications",10.1007/978-3-030-78444-7_27,https://www.scopus.com/pages/publications/85140297557?origin=resultslist,541 - 559,,,Book chapter,Cited by: 3,False,False,False
Aslam20242301,ARTICLE,"Downstream Processing, Functional Properties, and Applications of Extracted Proteins from Nonconventional Sources for Improving Food Sustainability","Aslam, Sadia and Akhtar, Aqsa and Nazir, Wahab and Khalid, Nauman and Barrow, Colin J.",2024,ACS Food Science and Technology,10.1021/acsfoodscitech.4c00418,https://www.scopus.com/pages/publications/85204555763?origin=resultslist,2301 - 2321,4,10,Review,Cited by: 3; All Open Access; Green Open Access,True,False,True
Grau-Fuentes2025,ARTICLE,High pressure processing at different hydration levels as a tool to enhance rice bran stability and techno-functionality,"Grau-Fuentes, Eva and Garzón, Raquel and Rodrigo, Dolores and Rosell, Cristina M.",2025,Food Research International,10.1016/j.foodres.2024.115593,https://www.scopus.com/pages/publications/85214036375?origin=resultslist,,201,,Article,Cited by: 6; All Open Access; Green Open Access; Hybrid Gold Open Access,True,True,True
Kaur2022157,BOOK,Non-thermal Food Preservation Technologies,"Kaur, Ravneet and Shekhar, Shubhra and Chaudhary, Sahil and Singh, Barinderjit and Prasad, Kamlesh",2022,Smart and Sustainable Food Technologies,10.1007/978-981-19-1746-2_6,https://www.scopus.com/pages/publications/85159182443?origin=resultslist,157 - 195,,,Book chapter,Cited by: 3,False,False,False
Deshwal2021,ARTICLE,Applications of emerging processing technologies for quality and safety enhancement of non-bovine milk and milk products,"Deshwal, Gaurav Kr and Tiwari, Swati and Kadyan, Saurabh",2021,LWT,10.1016/j.lwt.2021.111845,https://www.scopus.com/pages/publications/85107658450?origin=resultslist,,149,,Article,Cited by: 36,False,False,False
Brito2026,ARTICLE,Integrated preservation strategies and packaging for extended shelf life and food safety of fresh-cut pineapple,"Brito, Vanessa Gabriella and Ampese, Larissa Castro and Marangoni Júnior, Luís",2026,Food Research International,10.1016/j.foodres.2026.120094,https://www.scopus.com/pages/publications/105045595865?origin=resultslist,,242,,Review,Cited by: 0; All Open Access; Hybrid Gold Open Access,True,True,False
Mousakhani Ganjeh2024,ARTICLE,Potential of electric and pressure-based techniques for the inactivation of microorganisms in fresh fish,"Mousakhani Ganjeh, Alireza and Pinto, Carlos A. and Casal, Susana and Saraiva, Jorge A.",2024,Food Bioscience,10.1016/j.fbio.2024.104537,https://www.scopus.com/pages/publications/85195783250?origin=resultslist,,61,,Review,Cited by: 14,False,False,False
Lima2026,ARTICLE,Impact of pH on microbial behaviour in watermelon juice preservation by hyperbaric storage at room temperature,"Lima, Vasco and Pinto, Carlos A. and Saraiva, Jorge A.",2026,Innovative Food Science and Emerging Technologies,10.1016/j.ifset.2026.104681,https://www.scopus.com/pages/publications/105042797139?origin=resultslist,,112,,Article,Cited by: 0; All Open Access; Hybrid Gold Open Access,True,True,False
Song2025,ARTICLE,Comparative effects of thermal pasteurisation and high-pressure processing on the quality-related properties of cocoa honey under refrigerated conditions,"Song, Xiao-Rou and Lin, Zi-Jin and Chen, Yu-Ying and Wang, Chung-Yi",2025,International Journal of Food Science and Technology,10.1093/ijfood/vvaf249,https://www.scopus.com/pages/publications/105025472618?origin=resultslist,,60,2,Article,Cited by: 1; All Open Access; Gold Open Access,True,True,False
Cava2021,ARTICLE,"High-pressure processing and storage temperature on Listeria monocytogenes, microbial counts and oxidative changes of two traditional dry-cured meat products","Cava, R. and Higuero, N. and Ladero, L.",2021,Meat Science,10.1016/j.meatsci.2020.108273,https://www.scopus.com/pages/publications/85089177102?origin=resultslist,,171,,Article,Cited by: 57,False,False,False
Sarker2024197,BOOK,High-Pressure Processing of Fresh Fruits and Vegetables,"Sarker, Ayesha and Shaheb, Md Rayhan",2024,Sustainable Postharvest Technologies for Fruits and Vegetables,10.1201/9781003370376-16,https://www.scopus.com/pages/publications/85201466894?origin=resultslist,197 - 210,,,Book chapter,Cited by: 1,False,False,False
Wu2022,ARTICLE,High pressure processing-based hurdle strategy for microbial shelf life of packed food in the Cold Chain,"Wu, Chi-Pei and Wu, Shu-Meng and Lin, Yan-Han and Wu, Yu-Hsiang and Huang, Bo-Chi and Huang, Hsiao-Wen and Wang, Chung-Yi",2022,Food Packaging and Shelf Life,10.1016/j.fpsl.2022.100983,https://www.scopus.com/pages/publications/85141517765?origin=resultslist,,34,,Review,Cited by: 26,False,False,False
Negi2026225,BOOK,Biomass Waste Processing: Technological Progress and Upgrading,"Negi, Aditi and Moses, Jeyan A.",2026,Conversion and Utilization of Wastes into Sustainable Products: Volume I: Natural and Industrial Wastes for Functional Materials Applications,10.1002/9781394371389.ch7,https://www.scopus.com/pages/publications/105040846685?origin=resultslist,225 - 247,1,,Book chapter,Cited by: 0,False,False,False
Knoerzer2025627,ARTICLE,From Concept to Commercialization: Unlocking the Potential of High-Pressure Thermal Processing,"Knoerzer, Kai and Sevenich, Robert",2025,Food Engineering Reviews,10.1007/s12393-025-09414-9,https://www.scopus.com/pages/publications/105007891900?origin=resultslist,627 - 644,17,3,Review,Cited by: 13; All Open Access; Hybrid Gold Open Access,True,True,False
Yu2025,ARTICLE,High-pressure processing and heat treatment of Murrah buffalo milk: Comparative study on microbial changes during refrigerated storage,"Yu, Darren Sim Xuan and Hui, Chong Kah and Ismail-Fitry, Mohammad Rashedi and Koirala, Pankaj and Nirmal, Nilesh and Nor-Khaizura, Mahmud Ab Rashid",2025,International Journal of Food Microbiology,10.1016/j.ijfoodmicro.2024.110926,https://www.scopus.com/pages/publications/85205417060?origin=resultslist,,426,,Article,Cited by: 9,False,False,False
Gupta202345,BOOK,"Hydrodynamic Shockwave Technology for Meat, Fish, and Poultry Products","Gupta, Vidhi and Harsha, V.",2023,"Non-Thermal Processing Technologies for the Meat, Fish, and Poultry Industries",10.1201/9781003251958-3,https://www.scopus.com/pages/publications/85170174023?origin=resultslist,45 - 58,,,Book chapter,Cited by: 0,False,False,False
Kiprotich2022,ARTICLE,A review of food additives to control the proliferation and transmission of pathogenic microorganisms with emphasis on applications to raw meat-based diets for companion animals,"Kiprotich, Samuel S. and Aldrich, Charles G.",2022,Frontiers in Veterinary Science,10.3389/fvets.2022.1049731,https://www.scopus.com/pages/publications/85142467890?origin=resultslist,,9,,Review,Cited by: 8; All Open Access; Gold Open Access; Green Open Access,True,True,True
Ding2025,ARTICLE,Variations in quality attributes of cow and goat milk subjected to microwave and high-pressure treatments over a two-week storage period,"Ding, Nina and Sun, Qiyue and Yu, Zhongna and Du, Qijing and Fan, Rongbo and Ren, Guangxu and You, Liangliang and Feng, Shuo and Yang, Yongxin and Han, Rongwei",2025,Innovative Food Science and Emerging Technologies,10.1016/j.ifset.2025.104200,https://www.scopus.com/pages/publications/105014537111?origin=resultslist,,105,,Article,Cited by: 5,False,False,False
Amin2026,ARTICLE,High-pressure processing effectively controls Proteus mirabilis and prevents histamine formation in low-salt semi-dried giant catfish,"Amin, Muhamad and Palamae, Suriya and Ali, Sabri Mohd and Benjakul, Soottawat",2026,Food Control,10.1016/j.foodcont.2026.112390,https://www.scopus.com/pages/publications/105042220297?origin=resultslist,,190,,Article,Cited by: 0,False,False,False
Baek2026,ARTICLE,Analyses of the microbial safety and physicochemical characteristics of beef loin treated with high-pressure,"Baek, Ui-Bin and Kim, Hack-Youn",2026,Food Science of Animal Resources,10.1007/s44463-026-00081-w,https://www.scopus.com/pages/publications/105043179699?origin=resultslist,,46,1,Article,Cited by: 0; All Open Access; Gold Open Access; Green Open Access,True,True,True
Ahmed2021,ARTICLE,"Effect of high-pressure treatment and refrigerated storage on the amino acid profile, color, and texture of hammour (Epinephelus coioides) fillets","Ahmed, Jasim and Habeebullah, Sabeena Farvin K. and Thomas, Linu and Mulla, Mehrajfatema Z. and Jacob, Harsha and Alagarsamy, Surendraraj",2021,Journal of Food Processing and Preservation,10.1111/jfpp.15977,https://www.scopus.com/pages/publications/85118273529?origin=resultslist,,45,12,Article,Cited by: 7,False,False,False
Kumar20211,BOOK,Thermal food engineering operations,"Kumar, Nitin and Panghal, Anil and Garg, M.K.",2021,Thermal Food Engineering Operations,10.1002/9781119776437,https://www.scopus.com/pages/publications/85136771082?origin=resultslist,1 - 465,,,Book,Cited by: 4,False,False,False
Pan2024,ARTICLE,"Effects of Ginger Straw Silage with Enzymes on Growth Performance, Digestion and Metabolism, Meat Quality and Rumen Microflora Diversity of Laiwu Black Goat","Pan, Shuyue and Wang, Di and Lin, Yingting and Cheng, Ming and Zhu, Fenghua and Guo, Yixuan",2024,Animals,10.3390/ani14142040,https://www.scopus.com/pages/publications/85199476691?origin=resultslist,,14,14,Article,Cited by: 4; All Open Access; Gold Open Access; Green Open Access,True,True,True
Lee2023,ARTICLE,"Inactivation of Salmonella, Shiga Toxin-producing E. coli, and Listeria monocytogenes in Raw Diet Pet Foods Using High-Pressure Processing","Lee, Alvin and Maks-Warren, Nicole and Aguilar, Viviana and Piszczor, Karolina and Swicegood, Brittany and Ye, Mu and Warren, Joshua and O'Neill, Edward and Fleck, Mark and Tejayadi, Susy",2023,Journal of Food Protection,10.1016/j.jfp.2023.100124,https://www.scopus.com/pages/publications/85165486861?origin=resultslist,,86,9,Article,Cited by: 11; All Open Access; Gold Open Access; Green Open Access,True,True,True
Hu2023V3,BOOK,High-Pressure Processing,"Hu, Hetian and Balasubramaniam, V.M.",2023,"Encyclopedia of Food Safety, Second Edition, Volume 1-4",10.1016/B978-0-12-822521-9.00103-9,https://www.scopus.com/pages/publications/85191916845?origin=resultslist,V3 - 531,1-4,,Book chapter,Cited by: 3,False,False,False
Kim2023,ARTICLE,Inactivation of Escherichia coli O157: H7 in foods by emerging technologies: a review,"Kim, Han-Jung and Song, Won-Jae",2023,Letters in Applied Microbiology,10.1093/lambio/ovac007,https://www.scopus.com/pages/publications/85147046443?origin=resultslist,,76,1,Review,Cited by: 16; All Open Access; Bronze Open Access,True,False,False
Paul202452,BOOK,Ultrasound and High-Pressure Processing of RTE: Recent Trends,"Paul, Indira Dey and Jayachandran, Lakshmi E. and Kumar, Pradyuman",2024,Recent Advances in Ready-to-Eat Food Technology,10.1201/9781032622408-4,https://www.scopus.com/pages/publications/85206613188?origin=resultslist,52 - 64,,,Book chapter,Cited by: 2,False,False,False
Castañeda-Saucedo2023113,BOOK,Pomegranate byproducts,"Castañeda-Saucedo, Ma. Claudia and Tapia-Campos, Ernesto and del Pilar Ramírez-Anaya, Jessica and Cavazos-Garduño, Adriana and Serrano-Niño, Julio C. and Guajardo-Flores, Daniel and Martín del Campo, Sandra Teresita and Pita-López, María Luisa and Nuñez-Maciel, Octavio and Rujano-Silva, Martha Leticia",2023,Food Byproducts: Valorization Through Nutraceutical Production,,https://www.scopus.com/pages/publications/85165635277?origin=resultslist,113 - 138,,,Book chapter,Cited by: 0,False,False,False
Junaid2023143,BOOK,"PRESERVATION STRATEGIES FOR FRUITS AND VEGETABLES: PAST, PRESENT, AND FUTURE SCOPE","Junaid, Pir Mohammad and Ahmad, Faizan and Dar, Ishfaq Hamid and Bhat, Aabid Hussain and Manzoor, Shaziya and Pandith, Junaid Ahmad and Khan, Faisal",2023,QUALITY CONTROL IN FRUIT AND VEGETABLE PROCESSING: Methods and Strategies,,https://www.scopus.com/pages/publications/105020326597?origin=resultslist,143 - 166,,,Book chapter,Cited by: 3,False,False,False
Sun2026,ARTICLE,"From interactions to applications: the role of microbial communities in shaping the physicochemical, safety, and quality attributes of aquatic products","Sun, Lincong and Yan, Jun and Xie, Jing and Wang, Xin-Yun",2026,Food Research International,10.1016/j.foodres.2026.119126,https://www.scopus.com/pages/publications/105036295924?origin=resultslist,,236,,Review,Cited by: 0,False,False,False
Kim2026,ARTICLE,Modulating Effects of Sodium Chloride on the Resistance of Foodborne Pathogens to High-Pressure Processing: Phenotypic and Transcriptomic Insights,"Kim, Min-Ju and Lee, Jae-Ik and Park, Sang-Hyun",2026,Food and Bioprocess Technology,10.1007/s11947-025-04151-7,https://www.scopus.com/pages/publications/105024716440?origin=resultslist,,19,1,Article,Cited by: 1,False,False,False
Barcenilla2023,ARTICLE,Selection of lactic acid bacteria as biopreservation agents and optimization of their mode of application for the control of Listeria monocytogenes in ready-to-eat cooked meat products,"Barcenilla, Coral and Puente, Alba and Cobo-Díaz, José F. and Alexa, Elena-Alexandra and Garcia-Gutierrez, Enriqueta and O'Connor, Paula M. and Cotter, Paul D. and González-Raurich, Montserrat and López, Mercedes and Prieto, Miguel and Álvarez-Ordóñez, Avelino",2023,International Journal of Food Microbiology,10.1016/j.ijfoodmicro.2023.110341,https://www.scopus.com/pages/publications/85167844215?origin=resultslist,,403,,Article,Cited by: 24; All Open Access; Green Open Access; Hybrid Gold Open Access,True,True,True
Palamae2026,ARTICLE,"Enhancement of Safety, Quality and Shelf Life of Meretrix meretrix Clam using Sous Vide Cooking in Combination with High-Pressure Processing","Palamae, Suriya and Ahmad, Abubakar Saleh and Suyapoh, Watcharapol and Thakur, Abhishek and Zhang, Bin and Benjakul, Soottawat",2026,Food and Bioprocess Technology,10.1007/s11947-025-04193-x,https://www.scopus.com/pages/publications/105026931107?origin=resultslist,,19,2,Article,Cited by: 0,False,False,False
Bento2026,ARTICLE,Shelf-life of sterilised alginate-gelatine aerogels developed through an integrated high-pressure and supercritical CO2 process,"Bento, Cristiana S.A. and Lopes, Dhara Leite and Villarreal, Cristiane Flora and Empadinhas, Nuno and Alarico, Susana and de Sousa, Hermínio C. and Braga, Mara E.M.",2026,Journal of Supercritical Fluids,10.1016/j.supflu.2025.106781,https://www.scopus.com/pages/publications/105015685951?origin=resultslist,,228,,Article,Cited by: 1; All Open Access; Hybrid Gold Open Access,True,True,False
Pavón-Vargas2025,ARTICLE,"Comparative analysis of aroma and phenolic compounds in strawberry nectar subjected to equivalent thermal, ohmic heating, high pressure, and pulsed electric fields processes at pilot scale","Pavón-Vargas, Dario and Simkova, Krystina and Puzović, Alema and Moreno-Barreto, Andres and Gędas, Astrid and Murray, Helen and Rabeeah, Ibrahim and Rincon, Sebastian and Anh Truong, Ngoc Quynh and Zavarise, Alberto and Zia, Hassan and Sandei, Luca and Rinaldi, Massimiliano and Georgé, Stephane and Gozzi, Mario and Gössinger, Manfred and Guski, Severin and Humel, Stefan and Jakopic, Jerneja and Le Bourvellec, Carine and Rainieri, Sara and Mikulic-Petkovsek, Maja and Weiss, Agnes and Schmidt, Marc and Guareschi, Francesco and Molitor, Christian and Hofsommer, Mikko and Slatnar, Ana and Halbwirth, Heidi and Cattani, Luca",2025,LWT,10.1016/j.lwt.2025.118066,https://www.scopus.com/pages/publications/105009086374?origin=resultslist,,228,,Article,Cited by: 4; All Open Access; Gold Open Access; Green Open Access,True,True,True
Lemos2022,ARTICLE,Low-pressure long-time or moderate pressure pasteurization at room temperature by hyperbaric inactivation as a new nonthermal preservation approach – A case study on milk,"Lemos, Álvaro T. and Martins, Ana P. and Delgadillo, Ivonne and Saraiva, Jorge A.",2022,Food Microbiology,10.1016/j.fm.2022.104031,https://www.scopus.com/pages/publications/85127339001?origin=resultslist,,105,,Article,Cited by: 11,False,False,False
Buzrul2025,ARTICLE,Determination of Time Required for 5 Log Reduction of Foodborne Pathogens by High Hydrostatic Pressure Processing in Foods,"Buzrul, Sencer and Cam, Mehmet Furkan",2025,Journal of Food Process Engineering,10.1111/jfpe.70044,https://www.scopus.com/pages/publications/85215512790?origin=resultslist,,48,1,Article,Cited by: 4; All Open Access; Bronze Open Access,True,False,False
Scepankova2022,ARTICLE,High-Pressure-Based Strategies for the Inactivation of Bacillus subtilis Endospores in Honey,"Scepankova, Hana and Pinto, Carlos A. and Estevinho, Letícia M. and Saraiva, Jorge A.",2022,Molecules,10.3390/molecules27185918,https://www.scopus.com/pages/publications/85138410467?origin=resultslist,,27,18,Article,Cited by: 19; All Open Access; Gold Open Access; Green Open Access,True,True,True
Wang2024,ARTICLE,Research progress on microbial control techniques of prepared dishes,"Wang, Xiushan and Jing, Pu and Chen, Chen and Wu, Jinhong and Chen, Huiyun and Jiao, Shunshan",2024,Food Physics,10.1016/j.foodp.2024.100015,https://www.scopus.com/pages/publications/85213524513?origin=resultslist,,1,,Review,Cited by: 4; All Open Access; Gold Open Access,True,True,False
Deng2026,ARTICLE,From Source to Structure: Industrial Processing Technologies for Attenuating the Allergenicity of Food Proteins,"Deng, Huxue and Xu, Sulin and Huang, Jinyang and Zhao, Zejun and Zheng, Xiaochen and Zou, Jialin and Su, Ziqian and Wang, Ming and Tian, Yang",2026,Food and Bioprocess Technology,10.1007/s11947-026-04285-2,https://www.scopus.com/pages/publications/105031907247?origin=resultslist,,19,4,Review,Cited by: 5,False,False,False
Ozen2022,ARTICLE,Inactivation of Escherichia coli in apple cider using atmospheric cold plasma,"Ozen, Emine and Kumar, Govindaraj Dev and Mishra, Abhinav and Singh, Rakesh K.",2022,International Journal of Food Microbiology,10.1016/j.ijfoodmicro.2022.109913,https://www.scopus.com/pages/publications/85137729126?origin=resultslist,,382,,Article,Cited by: 30,False,False,False
Barmanray2025125,ARTICLE,Heat Transfer and Pasteurization Techniques in Food and Dairy Processing,"Barmanray, Aradhita and Gaur, Mukesh and Soni, Anjali",2025,Food Engineering Series,10.1007/978-3-031-75834-8_5,https://www.scopus.com/pages/publications/85218024932?origin=resultslist,125 - 157,Part F16,,Book chapter,Cited by: 3,False,False,False
Oliveira2024,ARTICLE,Anti-Listerial Activity of Bacteriocin-like Inhibitory Substance Produced by Enterococcus lactis LBM BT2 Using Alternative Medium with Sugarcane Molasses,"Oliveira, Taciana Freire de and Kuniyoshi, Taís Mayumi and Frota, Elionio Galvão and Bermúdez-Puga, Sebastián and Sakaue, Letícia Naomy and Cassiano, Luara Lucena and Tachibana, Leonardo and Piccoli, Rosane Aparecida Moniz and Converti, Attilio and Oliveira, Ricardo Pinheiro de Souza",2024,Antibiotics,10.3390/antibiotics13030210,https://www.scopus.com/pages/publications/85188833806?origin=resultslist,,13,3,Article,Cited by: 10; All Open Access; Gold Open Access; Green Open Access,True,True,True
Andaluz-Mejía2022,ARTICLE,Non-Thermal Technologies Combined with Antimicrobial Peptides as Methods for Microbial Inactivation: A Review,"Andaluz-Mejía, Larissa and Ruiz-De Anda, Daniela and Ozuna, César",2022,Processes,10.3390/pr10050995,https://www.scopus.com/pages/publications/85130713616?origin=resultslist,,10,5,Review,Cited by: 17; All Open Access; Gold Open Access; Green Open Access,True,True,True
Ates2021,ARTICLE,"High-pressure processing of shalgam with respect to quality characteristics, microbial inactivation, and shelflife extension","Ates, Ceren and Akdemir Evrendilek, Gulsun and Uzuner, Sibel",2021,Journal of Food Processing and Preservation,10.1111/jfpp.15598,https://www.scopus.com/pages/publications/85106336773?origin=resultslist,,45,7,Article,Cited by: 11; All Open Access; Bronze Open Access,True,False,False
Castrica2021,ARTICLE,"Effect of high-pressure processing on physico-chemical, microbiological and sensory traits in fresh fish fillets (Salmo salar and pleuronectes platessa)","Castrica, Marta and Pavlovic, Radmila and Balzaretti, Claudia M. and Curone, Giulio and Brecchia, Gabriele and Copelotti, Emma and Panseri, Sara and Pessina, Davide and Arnoldi, Claudio and Chiesa, Luca Maria",2021,Foods,10.3390/foods10081775,https://www.scopus.com/pages/publications/85112106828?origin=resultslist,,10,8,Article,Cited by: 31; All Open Access; Gold Open Access; Green Open Access,True,True,True
Jha2026,ARTICLE,"Microbial safety in cold-preserved foods: risks, regulatory gaps, and mitigation strategies","Jha, Piyush Kumar and Hanin, Aurelie and Tiwari, Brijesh K. and Dallagi, Heni",2026,Food Control,10.1016/j.foodcont.2025.111869,https://www.scopus.com/pages/publications/105023176278?origin=resultslist,,182,,Review,Cited by: 7,False,False,False
Al2026,ARTICLE,"Ultrasound-driven innovations in poultry processing: opportunities, quality effects, limitations, and safety considerations","Al, Fatma and Haskaraca, Guliz and Yildiz, Semanur",2026,CYTA - Journal of Food,10.1080/19476337.2026.2672211,https://www.scopus.com/pages/publications/105038578418?origin=resultslist,,24,1,Review,Cited by: 0; All Open Access; Gold Open Access; Green Open Access,True,True,True
Gholamhosseinpour2024249,ARTICLE,"Investigating the Effect of Ozone on the Physicochemical, Microbial and Sensory Properties of Brined Ultrafiltered Cheese During Ripening","Gholamhosseinpour, Ali Akbar and Karimi Davijani, Ali and Karami, Mustafa",2024,Iranian Food Science and Technology Research Journal,10.22067/ifstrj.2023.81663.1244,https://www.scopus.com/pages/publications/85199259496?origin=resultslist,249 - 266,20,2,Article,Cited by: 2,False,False,False
Meng2026514,ARTICLE,Advances in the Effects of High-pressure Processing on Milk Quality: From Microbial Safety to Nutritional Enhancement; [超高压技术对牛乳品质影响的研究进展：从微生物安全到营养功能提升],"Meng, Qiuyu and Lü, Fengzhi and Yang, Dong and Wang, Yongtao and Zhao, Liang and Guan, Ning and Zhang, Xiaojun and Feng, Gang and Rao, Lei and Liao, Xiaojun",2026,Science and Technology of Food Industry,10.13386/j.issn1002-0306.2025040167,https://www.scopus.com/pages/publications/105029948520?origin=resultslist,514 - 524,47,4,Article,Cited by: 1,False,False,False
Serra-Castelló2022,ARTICLE,Key Factors Determining the Behavior of Pathogens in Dry-Cured Ham after High Pressure Processing,"Serra-Castelló, Cristina and Desriac, Noémie and Jofré, Anna and Belletti, Nicoletta and Coroller, Louis and Bover-Cid, Sara",2022,Applied Sciences (Switzerland),10.3390/app122412732,https://www.scopus.com/pages/publications/85144835899?origin=resultslist,,12,24,Article,Cited by: 3; All Open Access; Gold Open Access; Green Open Access,True,True,True
Peng2023313,ARTICLE,Ultra-high-pressure technology for preservation of fresh aquatic foods: A review,"Peng, Jiakun and Liu, Chune and Bai, Kaikai and Xing, Shaohua and Liu, Feng",2023,Czech Journal of Food Sciences,10.17221/87/2023-CJFS,https://www.scopus.com/pages/publications/85189531457?origin=resultslist,313 - 322,41,5,Review,Cited by: 7; All Open Access; Gold Open Access; Green Open Access,True,True,True
Jeevitha2023,ARTICLE,Non-thermal processing as a preservation tool for health-promoting beverages,"Jeevitha, G.C. and Saravanan, R. and Mittal, Aanchal and Kumar, S. Venkat",2023,Discover Food,10.1007/s44187-023-00066-4,https://www.scopus.com/pages/publications/85180237906?origin=resultslist,,3,1,Review,Cited by: 16; All Open Access; Gold Open Access; Green Open Access,True,True,True
Khouryieh202531,ARTICLE,Impact of High Pressure Processing on the Safety and Quality of Food Products: A Review,"Khouryieh, Hanna",2025,"Recent Advances in Food, Nutrition and Agriculture",10.2174/012772574X289005240215093457,https://www.scopus.com/pages/publications/85219756945?origin=resultslist,31 - 40,16,1,Review,Cited by: 7,False,False,False
Dunne2025963,BOOK,Future Prospects for Nonthermal Processing Technologies—Linking Products with Technologies,"Dunne, C. Patrick",2025,Nonthermal Processing Technologies for Food: Second Edition,10.1002/9781119265665.ch43,https://www.scopus.com/pages/publications/105022040926?origin=resultslist,963 - 982,2,,Book chapter,Cited by: 0,False,False,False
Iqbal2024379,ARTICLE,Revisiting the Sustainable Non-thermal Food Processing Technologies and Their Effects on Microbial Decontamination,"Iqbal, Reeba and Thakur, Monika",2024,World Sustainability Series,10.1007/978-3-031-46046-3_19,https://www.scopus.com/pages/publications/85179354631?origin=resultslist,379 - 414,Part F1813,,Book chapter,Cited by: 3,False,False,False
Kumar2025277,BOOK,Evolution of hydrodynamic cavitation technology for fresh produce-based beverages,"Kumar, Kurraboyina S.V.S.S. and Naveena, Mulukuri and Lokesh, Atava and Gufrana, Tasneem and Waghmare, Roji",2025,Emerging Green Processing Technologies for Beverages,10.1016/B978-0-443-15732-5.00010-1,https://www.scopus.com/pages/publications/105005924336?origin=resultslist,277 - 307,,,Book chapter,Cited by: 0,False,False,False
de Albuquerque2024293,BOOK,Development of novel ingredients using innovative technologies,"de Albuquerque, Tiago Lima and de França, Ítalo Waldimiro Lima and Fernandes, Fabiano André Narciso and Rodrigues, Sueli",2024,Innovative Food Packaging and Processing Technologies: Present and Future,10.1016/B978-0-323-91742-1.00017-9,https://www.scopus.com/pages/publications/85218373699?origin=resultslist,293 - 347,,,Book chapter,Cited by: 0,False,False,False
Prakash2022131,BOOK,Biofilms: cities of microorganisms,"Prakash, Palkar Omkar and Rayasam, Keerthi and Chaitanya, Kolluru Viswanatha and Peddireddy, Vidyullatha",2022,Bacterial Survival in the Hostile Environment,10.1016/B978-0-323-91806-0.00017-5,https://www.scopus.com/pages/publications/85161808696?origin=resultslist,131 - 148,,,Book chapter,Cited by: 3,False,False,False
Chaikham2026,ARTICLE,"Synergistic effects of pressure–temperature conditions on quality, enzymatic stability, and functional properties of Yanang leaf juice","Chaikham, Pittaya and Saentaweesuk, Supawinee and Srisuk, Narakorn and Jirasatid, Sani",2026,Food Chemistry Advances,10.1016/j.focha.2026.101339,https://www.scopus.com/pages/publications/105040789502?origin=resultslist,,12,,Article,Cited by: 0; All Open Access; Gold Open Access; Green Open Access,True,True,True
Rosario20211163,ARTICLE,Principles and applications of non-thermal technologies and alternative chemical compounds in meat and fish,"Rosario, Denes K. A. and Rodrigues, Bruna L. and Bernardes, Patricia C. and Conte-Junior, Carlos A.",2021,Critical Reviews in Food Science and Nutrition,10.1080/10408398.2020.1754755,https://www.scopus.com/pages/publications/85083847780?origin=resultslist,1163 - 1183,61,7,Review,Cited by: 118,False,False,False
Tavassoli2026150,BOOK,Advanced Technologies in Food Quality Assurance,"Tavassoli, Milad and Abedi-Firoozjah, Reza and Oladzadabbasabadi, Nazila",2026,Food Quality Assurance: The Engineering Approach,10.1201/9781003566052-7,https://www.scopus.com/pages/publications/105038962688?origin=resultslist,150 - 186,,,Book chapter,Cited by: 0,False,False,False
Shi2022,ARTICLE,The Bacterial and Fungi Microbiota of Soy Sauce‐Supplied Lactic Acid Bacteria Treated with High‐Pressure Process,"Shi, Yeu-Ching and Lai, Chiung-Yu and Lee, Bao-Hong and Wu, She-Ching",2022,Fermentation,10.3390/fermentation8030097,https://www.scopus.com/pages/publications/85125227539?origin=resultslist,,8,3,Article,Cited by: 7; All Open Access; Gold Open Access,True,True,False
Zheng2021,ARTICLE,Gelation of chicken batters during heating under high pressure,"Zheng, Hai-bo and Xu, Bao-cai and Xu, Xing-lian and Li, Chao and Bolumar, Tomas and Zhen, Zong-yuan",2021,Innovative Food Science and Emerging Technologies,10.1016/j.ifset.2021.102848,https://www.scopus.com/pages/publications/85116539170?origin=resultslist,,74,,Article,Cited by: 9,False,False,False
Dong2025,ARTICLE,High-pressure processing inactivation of Listeria monocytogenes and Vibrio parahaemolyticus in brown crab (Cancer pagurus) claws,"Dong, Dongli and Pedrós-Garrido, Selene and Boyd, Aoife and Farrell, David and Hurley, Daniel and Lyng, James",2025,Applied Food Research,10.1016/j.afres.2025.101364,https://www.scopus.com/pages/publications/105016993825?origin=resultslist,,5,2,Article,Cited by: 1; All Open Access; Gold Open Access; Green Open Access,True,True,True
Dikmetas2025,ARTICLE,"Low pressure cold plasma treatment for microbial decontamination, improvement of bioaccessibility and aroma profile of dried red peppers","Dikmetas, Dilara Nur and Zargarchi, Sina and Scharf, Sebastian and Gökoglu, Bihter Zeytuncu and Capanoglu, Esra and Karbancioglu-Güler, Funda and Gök, Recep and Esatbeyoglu, Tuba",2025,Food Chemistry,10.1016/j.foodchem.2025.146424,https://www.scopus.com/pages/publications/105017428065?origin=resultslist,,495,,Article,Cited by: 12; All Open Access; Hybrid Gold Open Access,True,True,False
Rey20222324,ARTICLE,High-pressure processing treatment of beef burgers: Effect on Escherichia coli O157 inactivation evaluated by plate count and PMA-qPCR,"Rey, María de los Ángeles and Rodriguez Racca, Anabel and Rossi Ribeiro, Luma and Dos Santos Cruz, Fabiano and Cap, Mariana and Mozgovoj, Marina Valeria and Cristianini, Marcelo and Vaudagna, Sergio Ramón",2022,Journal of Food Science,10.1111/1750-3841.16179,https://www.scopus.com/pages/publications/85130606791?origin=resultslist,2324 - 2336,87,6,Article,Cited by: 15,False,False,False
Liossi2024,ARTICLE,High-pressure carbon dioxide (HPCD): Impact on the quality of fruit juices and inactivation of spores and enzymes,"Liossi, Luciana L. and Heckler, Caroline and Sant'Ana, Anderson S.",2024,Food Research International,10.1016/j.foodres.2024.115316,https://www.scopus.com/pages/publications/85208765598?origin=resultslist,,198,,Review,Cited by: 6,False,False,False
Sevenich2026117,ARTICLE,Does Food Engineering Still Need High Pressure?,"Sevenich, Robert and Matysek, Julia and Rauh, Cornelia",2026,Annual Review of Chemical and Biomolecular Engineering,10.1146/annurev-chembioeng-082323-120912,https://www.scopus.com/pages/publications/105041322248?origin=resultslist,117 - 132,17,1,Review,Cited by: 0,False,False,False
Ahmadi2026,ARTICLE,"Sustainable Dairy Preservation Through Ultrasound: Enhancing Safety, Shelf Life, and Quality: A Review","Ahmadi, Negin and Ahmadi, Nadia and Khosravi-Darani, Kianoush and Abdi-Moghadam, Zohreh",2026,Journal of Food Processing and Preservation,10.1155/jfpp/6722854,https://www.scopus.com/pages/publications/105028920419?origin=resultslist,,2026,1,Review,Cited by: 1; All Open Access; Hybrid Gold Open Access,True,True,False
Jönsson2023,ARTICLE,Exploration of high-pressure processing (HPP) for preservation of the Swedish grown brown macroalgae Saccharina latissima,"Jönsson, Madeleine and Allahgholi, Leila and Rayner, Marilyn and Nordberg Karlsson, Eva",2023,Frontiers in Food Science and Technology,10.3389/frfst.2023.1150482,https://www.scopus.com/pages/publications/85170112004?origin=resultslist,,3,,Article,Cited by: 15; All Open Access; Gold Open Access; Green Open Access,True,True,True
Yang202412638,ARTICLE,Recent developments in applications of physical fields for microbial decontamination and enhancing nutritional properties of germinated edible seeds and sprouts: a review,"Yang, Gaoji and Xu, Juanjuan and Xu, Yuanmei and Guan, Xiangyu and Ramaswamy, Hosahalli S. and Lyng, James G. and Li, Rui and Wang, Shaojin",2024,Critical Reviews in Food Science and Nutrition,10.1080/10408398.2023.2255671,https://www.scopus.com/pages/publications/85171168229?origin=resultslist,12638 - 12669,64,33,Review,Cited by: 20,False,False,False
Rincon2026,ARTICLE,Impact of conventional and non-conventional processing technologies on phenolic compounds and polysaccharides in strawberry nectar: A comparative study of stability,"Rincon, S. and Dufour, C. and Murray, H. and Gössinger, M. and Zia, H. and Moreno, A. and Pavón-Vargas, D. and Cattani, L. and Puzović, A. and Mikulic-Petkovsek, M. and Slatnar, A. and Halbwirth, H. and Dangles, O. and Le Bourvellec, C.",2026,Food Chemistry,10.1016/j.foodchem.2026.148127,https://www.scopus.com/pages/publications/105028495928?origin=resultslist,,505,,Article,Cited by: 1; All Open Access; Green Open Access; Hybrid Gold Open Access,True,True,True
Andrigo2026,ARTICLE,Supercritical carbon dioxide inactivation technology for food product preservation,"Andrigo, Pietro and Spilimbergo, Sara and Zambon, Alessandro",2026,International Journal of Food Microbiology,10.1016/j.ijfoodmicro.2025.111573,https://www.scopus.com/pages/publications/105024898385?origin=resultslist,,448,,Article,Cited by: 1; All Open Access; Green Open Access; Hybrid Gold Open Access,True,True,True
