citekey,entry_type,title,author,year,journal,doi,url,pages,volume,number,scopus_type,note,open_access_flag,gold_oa,green_oa
Jia2025,ARTICLE,Efficacy and safety of GLP-1 receptor agonists in the treatment of obese patients with chronic heart failure: a meta-analysis,"Jia, Anna and Yang, Ming and Wang, Tianhong and Hua, Yusi and Lu, Huimin",2025,Frontiers in Cardiovascular Medicine,10.3389/fcvm.2025.1633114,https://www.scopus.com/pages/publications/105019221937?origin=resultslist,,12,,Review,Cited by: 3; All Open Access; Gold Open Access; Green Open Access,True,True,True
Beutler2026,ARTICLE,GLP-1 physiology and pharmacology along the gut-brain axis,"Beutler, Lisa R.",2026,The Journal of clinical investigation,10.1172/JCI194744,https://www.scopus.com/pages/publications/105027705055?origin=resultslist,,136,2,Review,Cited by: 14; All Open Access; Gold Open Access; Green Open Access,True,True,True
Duru20265263,ARTICLE,Impact of glucagon-like peptide-1 receptor agonists on outcomes following anterior cervical discectomy and fusion: a systematic review and meta-analysis,"Duru, Dave Osinachukwu and Lee, David Kwan Ryung and Edmonds, Chloe and Abraham, Aron and Peach, Younis and Louie, Philip K.",2026,European Spine Journal,10.1007/s00586-026-10258-y,https://www.scopus.com/pages/publications/105046857499?origin=resultslist,5263 - 5271,35,9,Review,Cited by: 0; All Open Access; Hybrid Gold Open Access,True,True,False
Bair20262545,ARTICLE,"GLP-1 Receptor Agonists and the Ocular Surface: A Narrative Review of Restoration, Remodeling, and Clinical Implications","Bair, Henry and Orlick, Molly and Syed, Zeba A.",2026,Ophthalmology and Therapy,10.1007/s40123-026-01425-x,https://www.scopus.com/pages/publications/105043113750?origin=resultslist,2545 - 2562,15,8,Review,Cited by: 0; All Open Access; Gold Open Access; Green Open Access,True,True,True
Badulescu2024,ARTICLE,Glucagon-like peptide 1 agonist and effects on reward behaviour: A systematic review,"Badulescu, Sebastian and Tabassum, Aniqa and Le, Gia Han and Wong, Sabrina and Phan, Lee and Gill, Hartej and Llach, Cristian-Daniel and McIntyre, Roger S. and Rosenblat, Joshua and Mansur, Rodrigo",2024,Physiology and Behavior,10.1016/j.physbeh.2024.114622,https://www.scopus.com/pages/publications/85197167217?origin=resultslist,,283,,Review,Cited by: 74; All Open Access; Hybrid Gold Open Access,True,True,False
Fabiano2025182,ARTICLE,"The Hypothalamus and Hippocampus are Targets for New Drugs Controlling the Energy Balance and Treating Type 2 Diabetes Mellitus, Obesity, and Neurodegenerative Diseases; [El Hipotalamo y el Hipocampo son Blancos de Nuevos Fármacos que Controlan el Equilibrio Energético y Tratan la Diabetes Mellitus Tipo 2, la Obesidad y las Enfermedades Neurodegenerativas]","Fabiano, Matheus Melo and Aguila, Marcia Barbosa and Mandarim-De-lacerda, Carlos A.",2025,International Journal of Morphology,10.4067/S0717-95022025000100182,https://www.scopus.com/pages/publications/105001443153?origin=resultslist,182 - 193,43,1,Review,Cited by: 5; All Open Access; Gold Open Access; Green Open Access,True,True,True
Costa2025,ARTICLE,Efficacy and Safety of GLP-1 Receptor Agonists and SGLT-2 Inhibitors in the Treatment of Diabetes Mellitus and Obesity in Liver Transplant Recipients: A Systematic Review,"Costa, Elena Garlatti and Bitetto, Davide and Fornasiere, Ezio and Fumolo, Elisa and Ferrarese, Alberto and Toniutto, Pierluigi",2025,Journal of Clinical Medicine,10.3390/JCM14134619,https://www.scopus.com/pages/publications/105019516532?origin=resultslist,,14,13,Review,Cited by: 6; All Open Access; Gold Open Access; Green Open Access,True,True,True
Dias2025,ARTICLE,Nutritional Approaches to Enhance GLP-1 Analogue Therapy in Obesity: A Narrative Review,"Dias, Denise Deo and Vasconcelos, Andrea Rodrigues and Souza, Ana Carolina Remondi and Menezes, Caroline de and Silva, Isabella Sobral Teixeira e and Name, José João",2025,Obesities,10.3390/obesities5040088,https://www.scopus.com/pages/publications/105025744353?origin=resultslist,,5,4,Review,Cited by: 8; All Open Access; Gold Open Access; Green Open Access,True,True,True
Albaghlany2026,ARTICLE,The molecular mechanisms of incretin resistance in Type 2 Diabetes Mellitus (T2DM),"Albaghlany, Rawayh Muslim and Mansour, Abbas Ali",2026,Nutrition and Diabetes,10.1038/s41387-026-00426-w,https://www.scopus.com/pages/publications/105043491531?origin=resultslist,,16,1,Review,Cited by: 0; All Open Access; Gold Open Access; Green Open Access,True,True,True
Frey20261221,ARTICLE,GLP-1 receptor agonists and immune checkpoint inhibitor therapy: a narrative review on mechanistic and clinical evidence,"Frey, Connor",2026,Future Oncology,10.1080/14796694.2026.2654735,https://www.scopus.com/pages/publications/105034854999?origin=resultslist,1221 - 1231,22,10,Review,Cited by: 2; All Open Access; Green Open Access,True,False,True
Ali2026,ARTICLE,Efficacy of GLP-1 receptor agonists in Parkinson’s disease: a systematic review and exploratory network meta-analysis of randomized controlled trials,"Ali, Muaz and Sharma, Arkansh and Paruchuri, Amith and Shahzad, Faizan and Khalid, Marwah Bintay and B, Karthik N. and Avanaki, Mona and Nithyanandam, Allimuthu and Khan, Tarannum and Suresh, Vinay",2026,Neurological Sciences,10.1007/s10072-026-08929-1,https://www.scopus.com/pages/publications/105035979088?origin=resultslist,,47,5,Review,Cited by: 2; All Open Access; Green Open Access; Hybrid Gold Open Access,True,True,True
Giang2026,ARTICLE,"For Weight Loss: Why Do GLP-1 Agonists Work, and How Can We Make Them Work Better?","Giang, Charlise and Meng, Jieyi and Mohammad, Mahmoud Ali and Liu, Zhenqi and Wu, Xinle and Zhu, Yi",2026,Biology,10.3390/biology15161395,https://www.scopus.com/pages/publications/105048223297?origin=resultslist,,15,16,Review,Cited by: 0; All Open Access; Gold Open Access; Green Open Access,True,True,True
Wu2026,ARTICLE,"Precision Targeted Therapy for PCOS: Emerging Drugs, Translational Challenges, and Future Opportunities","Wu, Xinhong and Yi, Wei and Liu, Xiawen",2026,Biomedicines,10.3390/biomedicines14010213,https://www.scopus.com/pages/publications/105028656599?origin=resultslist,,14,1,Review,Cited by: 1; All Open Access; Gold Open Access; Green Open Access,True,True,True
Kallieri2026,ARTICLE,"Cardiometabolic Comorbidities in COPD: Focus on Diabetes, GLP-1 Receptor Agonists, SGLT-2 Inhibitors and Antidiabetic Drugs","Kallieri, Maria and Hillas, Georgios and Loukides, Stelios and Kostikas, Konstantinos and Gogali, Athena",2026,Journal of Clinical Medicine,10.3390/jcm15052082,https://www.scopus.com/pages/publications/105032742607?origin=resultslist,,15,5,Review,Cited by: 0; All Open Access; Gold Open Access; Green Open Access,True,True,True
Doroba2025e231,ARTICLE,New therapeutic agents for type 2 diabetes: anaesthetic considerations. A narrative review,"Doroba, Oliwia and Czupryniak, Leszek and Sanfilippo, Filippo and Andruszkiewicz, Paweł and Zawadka, Mateusz",2025,Anaesthesiology Intensive Therapy,10.5114/ait/208895,https://www.scopus.com/pages/publications/105016909160?origin=resultslist,e231 - e238,57,1,Review,Cited by: 3; All Open Access; Gold Open Access; Green Open Access,True,True,True
Flanary2026,ARTICLE,Targeting metabolism to protect fertility and healthy pregnancy with SGLT2 inhibitors and GLP-1RAs,"Flanary, Shannon M and Yoshida, Kyoko and Alejandro, Emilyn U and Townsend, DeWayne",2026,Current Opinion in Physiology,10.1016/j.cophys.2026.100956,https://www.scopus.com/pages/publications/105040338454?origin=resultslist,,49,,Review,Cited by: 0; All Open Access; Green Open Access,True,False,True
Ziegler2026,ARTICLE,Therapeutic potential of GLP-1 receptor agonists and SGLT2 inhibitors in diabetic neuropathy: a critical appraisal,"Ziegler, Dan and Kempler, Peter and Bala, Cornelia and Mankovsky, Boris and Schnell, Oliver and Spallone, Vincenza and Stirban, Alin and Tesfaye, Solomon",2026,Diabetology and Metabolic Syndrome,10.1186/s13098-026-02241-w,https://www.scopus.com/pages/publications/105046308552?origin=resultslist,,18,1,Review,Cited by: 0; All Open Access; Gold Open Access; Green Open Access,True,True,True
Shirmohammadi2026,ARTICLE,Comparative Cardiovascular Outcomes of GLP-1 Receptor Agonists Versus Bariatric Surgery: A Systematic Review and Network Meta-Analysis,"Shirmohammadi, Erfan and Ghasemloo, Negar and Ebrahimi, Navid and Mohammadzadeh, Narjes and Ehtemami, Amir and Babaei, Mahan and Fardoost, Shakiba",2026,"Endocrinology, Diabetes and Metabolism",10.1002/edm2.70311,https://www.scopus.com/pages/publications/105049085609?origin=resultslist,,9,5,Review,Cited by: 0; All Open Access; Gold Open Access; Green Open Access,True,True,True
Burmeister2026,ARTICLE,Glucagon-like peptide-1 and peptide YY multi-agonism with GEP44 to optimize weight loss and glycemic control while reducing gastrointestinal side effects: the future of anti-obesity pharmacotherapy?,"Burmeister, Melissa A. and Brown, Skyler A. and Greer, Jakeem J. and Hoggatt, Tyler J. and Zumwalt, Whitney T.",2026,Frontiers in Endocrinology,10.3389/fendo.2026.1925534,https://www.scopus.com/pages/publications/105047657115?origin=resultslist,,17,,Review,Cited by: 0; All Open Access; Gold Open Access; Green Open Access,True,True,True
Yang2026,ARTICLE,GLP-1 receptor agonists in neurological diseases: mechanisms and therapeutic prospects from metabolism to neuroprotection,"Yang, Mengting and Liang, Zhigang",2026,Frontiers in Immunology,10.3389/fimmu.2026.1839620,https://www.scopus.com/pages/publications/105044517653?origin=resultslist,,17,,Review,Cited by: 0; All Open Access; Gold Open Access; Green Open Access,True,True,True
Lee2025,ARTICLE,Effects of glucagon-like peptide-1 receptor agonists on psychiatric disorders: a systematic review,"Lee, Serene and Yin, Liyang and Teopiz, Kayla M. and Wong, Sabrina and Han Le, Gia and Xiao, Naomi and Stahl, Stephen and Valentino, Kyle and Ho, Roger and Zhang, Melanie C. and Greg Rhee, Taeho and McIntyre, Roger S.",2025,Therapeutic Advances in Psychopharmacology,10.1177/20451253251396304,https://www.scopus.com/pages/publications/105025229234?origin=resultslist,,15,,Review,Cited by: 5; All Open Access; Gold Open Access; Green Open Access,True,True,True
Olivares2026,ARTICLE,"Effects of GLP-1 analogs on metabolic alterations including male sexual function, hypogonadism and erectile dysfunction: a narrative review","Olivares, Aleida and Manuel-Apolinar, Leticia and de la Chesnaye-Caraveo, Elsa and Oviedo, Norma",2026,Translational Andrology and Urology,10.21037/tau-2026-0285,https://www.scopus.com/pages/publications/105046173673?origin=resultslist,,15,7,Review,Cited by: 0; All Open Access; Gold Open Access; Green Open Access,True,True,True
Liu20252709,ARTICLE,"Incretin Receptor Agonism, Fat-free Mass, and Cardiorespiratory Fitness: A Narrative Review","Liu, Zhenqi and Weeldreyer, Nathan R. and Angadi, Siddhartha S.",2025,Journal of Clinical Endocrinology and Metabolism,10.1210/clinem/dgaf335,https://www.scopus.com/pages/publications/105016638302?origin=resultslist,2709 - 2717,110,10,Review,Cited by: 13; All Open Access; Green Open Access,True,False,True
Pililis2024,ARTICLE,The Cardiometabolic Risk in Women with Polycystic Ovarian Syndrome (PCOS): From Pathophysiology to Diagnosis and Treatment,"Pililis, Sotirios and Lampsas, Stamatios and Kountouri, Aikaterini and Pliouta, Loukia and Korakas, Emmanouil and Livadas, Sarantis and Thymis, John and Peppa, Melpomeni and Kalantaridou, Sophia and Oikonomou, Evangelos and Ikonomidis, Ignatios and Lambadiari, Vaia",2024,Medicina (Lithuania),10.3390/medicina60101656,https://www.scopus.com/pages/publications/85207669957?origin=resultslist,,60,10,Review,Cited by: 35; All Open Access; Gold Open Access; Green Open Access,True,True,True
Lalani2026,ARTICLE,Associations Between Glucagon-Like Peptide-1 Receptor Agonists (GLP-1RAs) and Cancer Risk: A Systematic Review and Meta-Analysis,"Lalani, Isha and Nambayan, Reynaldo and Carbonell, Chantelle and Ruan, Yibing and O’Sullivan, Dylan E. and Stukalin, Igor and Hilsden, Robert J. and Brenner, Darren R.",2026,Cancer Control,10.1177/10732748261483767,https://www.scopus.com/pages/publications/105048885814?origin=resultslist,,33,,Review,Cited by: 0; All Open Access; Gold Open Access; Green Open Access,True,True,True
Li2025,ARTICLE,Comparative effectiveness of GLP-1 receptor agonists and dual agonists in the treatment of patients with metabolic dysfunction associated steatohepatitis: a systematic review and meta-analysis,"Li, Meng and Hu, Jianli and Han Chin, Yip and Chew, Han Shi Jocelyn and Wang, Wenru",2025,Frontiers in Endocrinology,10.3389/fendo.2025.1681965,https://www.scopus.com/pages/publications/105019346626?origin=resultslist,,16,,Review,Cited by: 4; All Open Access; Gold Open Access; Green Open Access,True,True,True
Chikatimalla2026,ARTICLE,GLP-1 receptor agonists in stroke prevention: a narrative review on emerging therapeutic frontiers,"Chikatimalla, Rahul and Shah, Ashka and Shah, Twinkle and Perry, Griffin and Banker, Himanshi and Aggarwal, Kanishk and Jain, Rohit",2026,Annals of Medicine,10.1080/07853890.2026.2660386,https://www.scopus.com/pages/publications/105035971492?origin=resultslist,,58,1,Review,Cited by: 2; All Open Access; Gold Open Access; Green Open Access,True,True,True
Kugathasan2024,ARTICLE,"Minireview: Understanding and targeting inflammatory, hemodynamic and injury markers for cardiorenal protection in type 1 diabetes","Kugathasan, Luxcia and Sridhar, Vikas S. and Tommerdahl, Kalie L. and Xu, Cheng and Bjornstad, Petter and Advani, Andrew and Cherney, David Z.I.",2024,Metabolism: Clinical and Experimental,10.1016/j.metabol.2024.155785,https://www.scopus.com/pages/publications/85184468881?origin=resultslist,,153,,Review,Cited by: 11; All Open Access; Hybrid Gold Open Access,True,True,False
Xie2025,ARTICLE,Unlocking the potential of GLP-1 receptor agonists in ocular therapeutics: from molecular pathways to clinical impact,"Xie, Zhixuan and Yang, Zuyi and Tian, Dianzhe and Chen, Youxin",2025,Frontiers in Pharmacology,10.3389/fphar.2025.1618079,https://www.scopus.com/pages/publications/105012779126?origin=resultslist,,16,,Review,Cited by: 13; All Open Access; Gold Open Access; Green Open Access,True,True,True
Natale2024,ARTICLE,Semaglutide in Cardiometabolic Diseases: SELECTing the Target Population,"Natale, Francesco and Luisi, Ettore and Franzese, Rosa and Mollo, Noemi and Solimene, Achille and Caso, Valentina Maria and Corvino, Andrea and Golino, Paolo and Cimmino, Giovanni",2024,Journal of Cardiovascular Development and Disease,10.3390/jcdd11050145,https://www.scopus.com/pages/publications/85194157952?origin=resultslist,,11,5,Review,Cited by: 6; All Open Access; Gold Open Access; Green Open Access,True,True,True
Shokravi2025,ARTICLE,Cardiovascular and renal outcomes of dual combination therapies with glucagon-like peptide-1 receptor agonists and sodium-glucose transport protein 2 inhibitors: a systematic review and meta-analysis,"Shokravi, Arveen and Seth, Jayant and Mancini, G. B. John",2025,Cardiovascular Diabetology,10.1186/s12933-025-02900-8,https://www.scopus.com/pages/publications/105017598882?origin=resultslist,,24,1,Review,Cited by: 20; All Open Access; Gold Open Access; Green Open Access,True,True,True
Breit2025,ARTICLE,The effect of GLP-1RAs on mental health and psychotropics-induced metabolic disorders: A systematic review,"Breit, Sigrid and Hubl, Daniela",2025,Psychoneuroendocrinology,10.1016/j.psyneuen.2025.107415,https://www.scopus.com/pages/publications/105000726586?origin=resultslist,,176,,Review,Cited by: 16; All Open Access; Hybrid Gold Open Access,True,True,False
Chuansangeam2025,ARTICLE,Exploring the link between GLP-1 receptor agonists and dementia: A comprehensive review,"Chuansangeam, Mallika and Phadungsaksawasdi, Pawit and Park, Hyo Jin and Yang, Yuan-Han",2025,Journal of Alzheimer's Disease Reports,10.1177/25424823251342182,https://www.scopus.com/pages/publications/105030962419?origin=resultslist,,9,,Review,Cited by: 15; All Open Access; Gold Open Access; Green Open Access,True,True,True
Kahles2026,ARTICLE,GLP-1 and the cardiovascular system,"Kahles, Florian and Birkenfeld, Andreas L. and Marx, Nikolaus",2026,The Journal of clinical investigation,10.1172/JCI194748,https://www.scopus.com/pages/publications/105030225322?origin=resultslist,,136,4,Review,Cited by: 7; All Open Access; Gold Open Access; Green Open Access,True,True,True
Dimic2025,ARTICLE,The role of GLP-1 in the pathophysiology and treatment of sepsis: a narrative review,"Dimic, Nemanja and Djuric, Marko and Vejapi, Maja and Nenadic, Irina and Bobos, Marina and Bojic, Suzana and Savic, Predrag and Milanovic, Miljan and Stevanovic, Predrag",2025,Frontiers in Medicine,10.3389/fmed.2025.1612034,https://www.scopus.com/pages/publications/105023955751?origin=resultslist,,12,,Review,Cited by: 4; All Open Access; Gold Open Access; Green Open Access,True,True,True
O'Keefe2025102,ARTICLE,"Anti-consumption agents: Tirzepatide and semaglutide for treating obesity-related diseases and addictions, and improving life expectancy","O'Keefe, James H. and Franco, W. Grant and O'Keefe, Evan L.",2025,Progress in Cardiovascular Diseases,10.1016/j.pcad.2024.12.010,https://www.scopus.com/pages/publications/85215630471?origin=resultslist,102 - 112,89,,Review,Cited by: 28; All Open Access; Green Open Access; Hybrid Gold Open Access,True,True,True
Chrysavgis2024,ARTICLE,"Glucagon-like Peptide 1, Glucose-Dependent Insulinotropic Polypeptide, and Glucagon Receptor Agonists in Metabolic Dysfunction-Associated Steatotic Liver Disease: Novel Medication in New Liver Disease Nomenclature","Chrysavgis, Lampros G. and Kazanas, Spyridon and Bafa, Konstantina and Rozani, Sophia and Koloutsou, Maria-Evangelia and Cholongitas, Evangelos",2024,International Journal of Molecular Sciences,10.3390/ijms25073832,https://www.scopus.com/pages/publications/85190375349?origin=resultslist,,25,7,Review,Cited by: 21; All Open Access; Gold Open Access; Green Open Access,True,True,True
Panou20262820,ARTICLE,Glucagon-Like Peptide-1 Receptor Agonists: Their Therapeutic Potential in Cystic Fibrosis,"Panou, Theodoros and Gouveri, Evanthia and Popovic, Djordje S. and Papanas, Nikolaos",2026,Advances in Therapy,10.1007/s12325-026-03599-z,https://www.scopus.com/pages/publications/105035892658?origin=resultslist,2820 - 2835,43,7,Review,Cited by: 0; All Open Access; Green Open Access; Hybrid Gold Open Access,True,True,True
Pereira2026,ARTICLE,Effect of Prehabilitation with GLP-1 Agonists in Obese Patients Undergoing Abdominal Wall Reconstruction or Complex Hernia Repair: A Scoping Review,"Pereira, Mable and Grochowska, Agata and Khan, Sariya and Dib Possiedi, Rafael",2026,Formosan Journal of Surgery,10.1097/FS9.0000000000000298,https://www.scopus.com/pages/publications/105041950566?origin=resultslist,,Publish Ahead of Print,,Review,Cited by: 0; All Open Access; Gold Open Access,True,True,False
Salvio20252022,ARTICLE,Effects of glucagon-like peptide 1 receptor agonists on testicular dysfunction: A systematic review and meta-analysis,"Salvio, Gianmaria and Ciarloni, Alessandro and Ambo, Nicola and Bordoni, Monia and Perrone, Michele and Rossi, Silvia and Balercia, Giancarlo",2025,Andrology,10.1111/andr.70022,https://www.scopus.com/pages/publications/105000321083?origin=resultslist,2022 - 2034,13,8,Review,Cited by: 25; All Open Access; Green Open Access; Hybrid Gold Open Access,True,True,True
Feng2025,ARTICLE,Obesity and emerging intervention strategies: mechanistic insights and novel drug targets,"Feng, Xingrong and Li, Sheyu and Li, Jing and Su, Zhiguang",2025,Chinese Medical Journal,10.1097/CM9.0000000000003919,https://www.scopus.com/pages/publications/105027732539?origin=resultslist,,Publish Ahead of Print,,Review,Cited by: 5; All Open Access; Gold Open Access; Green Open Access,True,True,True
Amorim Moreira Alves2025,ARTICLE,Mechanisms of GLP-1 in Modulating Craving and Addiction: Neurobiological and Translational Insights,"Amorim Moreira Alves, Gabriel and Teranishi, Masatoki and Teixeira de Castro Gonçalves Ortega, Ana Claudia and James, Frank and Perera Molligoda Arachchige, Arosh S.",2025,Medical sciences,10.3390/medsci13030136,https://www.scopus.com/pages/publications/105015230297?origin=resultslist,,13,3,Review,Cited by: 21; All Open Access; Gold Open Access; Green Open Access,True,True,True
Varnum2024,ARTICLE,Impact of GLP-1 Agonists on Male Reproductive Health—A Narrative Review,"Varnum, Alexandra Aponte and Pozzi, Edoardo and Deebel, Nicholas Allen and Evans, Aymara and Eid, Nathalie and Sadeghi-Nejad, Hossein and Ramasamy, Ranjith",2024,Medicina (Lithuania),10.3390/medicina60010050,https://www.scopus.com/pages/publications/85183130512?origin=resultslist,,60,1,Review,Cited by: 32; All Open Access; Gold Open Access; Green Open Access,True,True,True
Gupta2026,ARTICLE,"GLP-1 receptor agonists, metabolic syndrome, and Alzheimer's disease: Lessons and opportunities from the EVOKE trials","Gupta, Pragati and Pozzilli, Valeria and De Giovanni, Anastasia and Sapio, Elisabetta and Motolese, Francesco and Capone, Fioravante and Pozzilli, Paolo",2026,Journal of Neuroendocrinology,10.1111/jne.70246,https://www.scopus.com/pages/publications/105047073796?origin=resultslist,,38,8,Review,Cited by: 0; All Open Access; Green Open Access; Hybrid Gold Open Access,True,True,True
Wong2025,ARTICLE,Efficacy and Safety of Glucagon-like Peptide-1 Receptor Agonists for Treatment of Obstructive Sleep Apnea: A Systematic Review and Meta-Analysis of Randomized Controlled Trials,"Wong, Stanley and Fabiano, Nicholas and Zhou, Carl and Luu, Brandon and Shorr, Risa and Slassi, Sarah and Solmi, Marco and Husain, Ishrat and Mak, Michael S. B.",2025,Psychiatry International,10.3390/psychiatryint6030111,https://www.scopus.com/pages/publications/105017403616?origin=resultslist,,6,3,Review,Cited by: 1; All Open Access; Gold Open Access; Green Open Access,True,True,True
Soresi20243541,ARTICLE,Glucagon-like peptide 1 agonists are potentially useful drugs for treating metabolic dysfunction-associated steatotic liver disease,"Soresi, Maurizio and Giannitrapani, Lydia",2024,World Journal of Gastroenterology,10.3748/wjg.v30.i30.3541,https://www.scopus.com/pages/publications/85201558881?origin=resultslist,3541 - 3547,30,30,Review,Cited by: 17; All Open Access; Green Open Access; Hybrid Gold Open Access,True,True,True
Yang2025467,ARTICLE,Effects of Anti-Diabetic Drugs on Erectile Dysfunction: A Systematic Review and Meta-Analysis,"Yang, Bo and Cheng, Huiqun and Hu, Yu and Chen, Yizhu and Xu, Yong and Huang, Wei and Long, Yang and Gao, Chenlin",2025,"Diabetes, Metabolic Syndrome and Obesity",10.2147/DMSO.S503216,https://www.scopus.com/pages/publications/85219045546?origin=resultslist,467 - 478,18,,Review,Cited by: 23; All Open Access; Gold Open Access; Green Open Access,True,True,True
Innocenzi2026,ARTICLE,Beyond Weight Loss: A Comprehensive Review of Integrated Pharmacotherapy and Metabolic Bariatric Surgery in Endometrial Cancer Care,"Innocenzi, Chiara and Goglia, Marta and Reitano, Elisa and Pavone, Matteo and Fiorenza, Giorgio and Orsi, Michela and Querleu, Denis and Giménez, Mariano Eduardo and Silecchia, Gianfranco and Bizzarri, Nicolò and Fagotti, Anna and Fanfani, Francesco and Marescaux, Jacques and Forgione, Antonello",2026,Medicina (Lithuania),10.3390/medicina62081571,https://www.scopus.com/pages/publications/105048238366?origin=resultslist,,62,8,Review,Cited by: 0; All Open Access; Gold Open Access; Green Open Access,True,True,True
Du2026,ARTICLE,Altered eating experience during GLP-1 receptor agonist therapy: a sensory–liking–wanting framework for food preference and nutritional behaviour,"Du, Jiayi and Yang, Zhuo and Chen, Yan",2026,Frontiers in Nutrition,10.3389/fnut.2026.1870484,https://www.scopus.com/pages/publications/105047086852?origin=resultslist,,13,,Review,Cited by: 0; All Open Access; Gold Open Access; Green Open Access,True,True,True
Zhao2025,ARTICLE,Role of GLP‑1 receptor agonists in sepsis and their therapeutic potential in sepsis‑induced muscle atrophy (Review),"Zhao, Xuan and Liu, Yukun and Wang, Dongfang and Li, Tonghan and Xu, Zhikai and Li, Zhanfei and Bai, Xiangjun and Wang, Yuchang",2025,International Journal of Molecular Medicine,10.3892/ijmm.2025.5515,https://www.scopus.com/pages/publications/86000684530?origin=resultslist,,55,5,Review,Cited by: 11; All Open Access; Green Open Access; Hybrid Gold Open Access,True,True,True
Li2026,ARTICLE,GLP-1 Receptor Agonists in Neurological Disorders: From Mechanisms to Clinical Translation,"Li, Pengpeng and Gao, Yangyang and Liu, Wei",2026,"Drug Design, Development and Therapy",10.2147/DDDT.S613616,https://www.scopus.com/pages/publications/105041894110?origin=resultslist,,20,,Review,Cited by: 0; All Open Access; Gold Open Access; Green Open Access,True,True,True
Buonanno2026,ARTICLE,"Glucagon-like Peptide-1 Receptor Agonists in Rheumatoid Arthritis: A Scoping Review of Metabolic, Anti-Inflammatory, and Cardioprotective Effects","Buonanno, Simona and Gaggiano, Carla and Baldi, Caterina and Cantarini, Luca and Frediani, Bruno and Gentileschi, Stefano",2026,Journal of Personalized Medicine,10.3390/jpm16060284,https://www.scopus.com/pages/publications/105042886366?origin=resultslist,,16,6,Review,Cited by: 0; All Open Access; Gold Open Access; Green Open Access,True,True,True
Ftiha2025,ARTICLE,Glucagon-Like Peptide-1 Receptor Agonists: A Novel Indication for Substance Use Disorders?,"Ftiha, Farage and Ftiha, Joey and Parikh, Manish A. and Frishman, William H. and Peterson, Stephen J.",2025,Cardiology in Review,10.1097/CRD.0000000000001145,https://www.scopus.com/pages/publications/105027421558?origin=resultslist,,Publish Ahead of Print,,Review,Cited by: 1; All Open Access; Hybrid Gold Open Access,True,True,False
Simsek2026,ARTICLE,GLP-1 Receptor Agonists for Obesity Management in Older Adults: A Scoping Review on the Risk of Sarcopenia and Sarcopenic Obesity,"Simsek, Hilal and Ucar, Asli",2026,Current Nutrition Reports,10.1007/s13668-026-00777-x,https://www.scopus.com/pages/publications/105041935248?origin=resultslist,,15,1,Review,Cited by: 1; All Open Access; Green Open Access; Hybrid Gold Open Access,True,True,True
Ho2025,ARTICLE,Glucagon-Like Peptide-1 Receptor Agonists and Peri-Procedural Aspiration Risk,"Ho, Cindy N. and Ayers, Alessandra T. and Kohn, Michael A. and Umpierrez, Guillermo E. and Klonoff, David C.",2025,Journal of the Endocrine Society,10.1210/jendso/bvaf088,https://www.scopus.com/pages/publications/105014329150?origin=resultslist,,9,9,Review,Cited by: 7; All Open Access; Gold Open Access; Green Open Access,True,True,True
Rroji2024,ARTICLE,Transforming Diabetes Care: The Molecular Pathways through Which GLP1-RAs Impact the Kidneys in Diabetic Kidney Disease,"Rroji, Merita and Spasovski, Goce",2024,Biomedicines,10.3390/biomedicines12030657,https://www.scopus.com/pages/publications/85188668532?origin=resultslist,,12,3,Review,Cited by: 27; All Open Access; Gold Open Access; Green Open Access,True,True,True
Moaket2025,ARTICLE,GLP-1 and the Degenerating Brain: Exploring Mechanistic Insights and Therapeutic Potential,"Moaket, Osama Sobhi and Obaid, Sarah Eyad and Obaid, Fawaz Eyad and Shakeeb, Yusuf Abdulkarim and Elsharief, Samir Mohammed and Tania, Afrin and Darwish, Radwan and Butler, Alexandra E. and Moin, Abu Saleh Md",2025,International Journal of Molecular Sciences,10.3390/ijms262110743,https://www.scopus.com/pages/publications/105021455856?origin=resultslist,,26,21,Review,Cited by: 29; All Open Access; Gold Open Access; Green Open Access,True,True,True
Altabas2025,ARTICLE,Exploring the Evidence for Personalized Pharmacotherapy in Type 2 Diabetes—A Systematic Review,"Altabas, Velimir and Marinković Radošević, Jelena",2025,Journal of Personalized Medicine,10.3390/jpm15110539,https://www.scopus.com/pages/publications/105023078194?origin=resultslist,,15,11,Review,Cited by: 2; All Open Access; Gold Open Access,True,True,False
Riehl-Tonn2024,ARTICLE,GLP-1 Agonism for Kidney Transplant Recipients: A Narrative Review of Current Evidence and Future Directions Across the Research Spectrum,"Riehl-Tonn, Victoria J. and Medak, Kyle D. and Rampersad, Christie and MacPhee, Anne and Harrison, Tyrone G.",2024,Canadian Journal of Kidney Health and Disease,10.1177/20543581241290317,https://www.scopus.com/pages/publications/85208809616?origin=resultslist,,11,,Review,Cited by: 8; All Open Access; Gold Open Access; Green Open Access,True,True,True
Krug2025,ARTICLE,Beyond Weight Loss: GLP-1 Usage and Appetite Regulation in the Context of Eating Disorders and Psychosocial Processes,"Krug, Isabel and Dang, An Binh and Portingale, Jade and Li, Yakun and Won, Ying Qing",2025,Nutrients,10.3390/nu17233735,https://www.scopus.com/pages/publications/105024480884?origin=resultslist,,17,23,Review,Cited by: 6; All Open Access; Gold Open Access; Green Open Access,True,True,True
Goldenberg2024,ARTICLE,"Management of type 2 diabetes, obesity, or nonalcoholic steatohepatitis with high-dose GLP-1 receptor agonists and GLP-1 receptor-based co-agonists","Goldenberg, Ronald M. and Gilbert, Jeremy D. and Manjoo, Priya and Pedersen, Sue D. and Woo, Vincent C. and Lovshin, Julie A.",2024,Obesity Reviews,10.1111/obr.13663,https://www.scopus.com/pages/publications/85176909284?origin=resultslist,,25,3,Review,Cited by: 22; All Open Access; Bronze Open Access,True,False,False
Scheen2025,ARTICLE,Weight loss therapy and addiction: Increased risk after bariatric surgery but reduced risk with GLP-1 receptor agonists,"Scheen, André J.",2025,Diabetes and Metabolism,10.1016/j.diabet.2025.101612,https://www.scopus.com/pages/publications/85217081757?origin=resultslist,,51,2,Review,Cited by: 10; All Open Access; Green Open Access,True,False,True
Paschou2025291,ARTICLE,GLP-1RAs in patients with psoriasis,"Paschou, Ioanna A. and Sali, Evangelia and Paschou, Stavroula A. and Psaltopoulou, Theodora and Nicolaidou, Electra and Stratigos, Alexander J.",2025,Hormones,10.1007/s42000-025-00635-5,https://www.scopus.com/pages/publications/85218106997?origin=resultslist,291 - 293,24,2,Review,Cited by: 6; All Open Access; Green Open Access; Hybrid Gold Open Access,True,True,True
Pilśniak2025,ARTICLE,The Role of Glucagon-like Peptide-1 Receptor Agonists in Alzheimer’s and Parkinson’s Disease: A Literature Review of Clinical Trials,"Pilśniak, Joanna and Węgrzynek-Gallina, Julia and Bednarczyk, Błażej and Buczek, Aleksandra and Pilśniak, Aleksandra and Chmiela, Tomasz and Jarosińska, Agnieszka and Siuda, Joanna and Holecki, Michał",2025,Life,10.3390/life15121893,https://www.scopus.com/pages/publications/105025904262?origin=resultslist,,15,12,Review,Cited by: 1; All Open Access; Gold Open Access; Green Open Access,True,True,True
Krisanapan2024,ARTICLE,Safety and Efficacy of GLP-1 Receptor Agonists in Type 2 Diabetes Mellitus with Advanced and End-Stage Kidney Disease: A Systematic Review and Meta-Analysis,"Krisanapan, Pajaree and Sanpawithayakul, Kanokporn and Pattharanitima, Pattharawin and Thongprayoon, Charat and Miao, Jing and Mao, Michael A. and Suppadungsuk, Supawadee and Tangpanithandee, Supawit and Craici, Iasmina M. and Cheungpasitporn, Wisit",2024,Diseases,10.3390/diseases12010014,https://www.scopus.com/pages/publications/85183364059?origin=resultslist,,12,1,Review,Cited by: 23; All Open Access; Gold Open Access; Green Open Access,True,True,True
Llongueras-Espí2025,ARTICLE,Role of Glucagon-like Peptide-1 Receptor Agonists (GLP-1RAs) in Patients with Chronic Heart Failure,"Llongueras-Espí, Pasqual and García-Romero, Elena and Comín-Colet, Josep and González-Costello, José",2025,Biomolecules,10.3390/biom15091342,https://www.scopus.com/pages/publications/105017009234?origin=resultslist,,15,9,Review,Cited by: 3; All Open Access; Gold Open Access; Green Open Access,True,True,True
Suastika2026,ARTICLE,"GLP-1 Receptor Agonists in the Rehabilitation of Patients with Heart Failure: Mechanisms, Clinical Evidence, and Future Perspectives","Suastika, Luh Oliva Saraswati and Bando, Yasuko K. and Hoshino, Keiji and Koitabashi, Norimichi and Saito, Yukihiro and Yuasa, Shinsuke and Nakamura, Kazufumi",2026,Nutrients,10.3390/nu18111688,https://www.scopus.com/pages/publications/105041248227?origin=resultslist,,18,11,Review,Cited by: 0; All Open Access; Gold Open Access; Green Open Access,True,True,True
Abedi2026,ARTICLE,"GLP-1 Receptor Agonists, Fertility Restoration, and Reproductive Safety in Women of Reproductive Age: A Narrative Review","Abedi, Malak Moones and Patni, Mohamedanas Mohamedfaruk and Shajahan, Arshiya Nasreen Bint and Dube, Rajani and Khadeeja, Liyan and Alabid, Ibrahim and Kharoufeh, Ahmad and Kar, Subhranshu Sekhar and George, Biji Thomas and Bahutair, Shadha Nasser and Pandurangan, Thilakavathy",2026,Journal of Clinical Medicine,10.3390/jcm15093204,https://www.scopus.com/pages/publications/105038547070?origin=resultslist,,15,9,Review,Cited by: 4; All Open Access; Gold Open Access; Green Open Access,True,True,True
Tsiampali2024611,ARTICLE,Animal studies on glucagon-like peptide-1 receptor agonists and related polyagonists in nonalcoholic fatty liver disease,"Tsiampali, Chara and Vachliotis, Ilias D. and Goulas, Antonis and Polyzos, Stergios A.",2024,Hormones,10.1007/s42000-024-00541-2,https://www.scopus.com/pages/publications/85187479133?origin=resultslist,611 - 619,23,4,Review,Cited by: 8; All Open Access; Green Open Access; Hybrid Gold Open Access,True,True,True
Feng2025201,ARTICLE,Current understanding and controversy on brain access of GLP-1 and GLP-1 receptor agonists,"Feng, Jianuo and Jin, Tianru",2025,Journal of Translational Internal Medicine,10.1515/jtim-2025-0026,https://www.scopus.com/pages/publications/105009715907?origin=resultslist,201 - 210,13,3,Review,Cited by: 5; All Open Access; Green Open Access; Hybrid Gold Open Access,True,True,True
He2024,ARTICLE,Research progress of GLP-1RAs in the treatment of type 2 diabetes mellitus,"He, Xu and Zhao, Wei and Li, PeiHang and Zhang, YinJiang and Li, GuoHua and Su, HongYu and Lu, BiNan and Pang, ZongRan",2024,Frontiers in Pharmacology,10.3389/fphar.2024.1483792,https://www.scopus.com/pages/publications/85216567040?origin=resultslist,,15,,Review,Cited by: 12; All Open Access; Gold Open Access; Green Open Access,True,True,True
Elghanam2026691,ARTICLE,Evaluating the clinical effects of GLP-1 receptor agonists for Alzheimer's and Parkinson's diseases using minimal clinically important difference: systematic review and meta-analysis,"Elghanam, Yomna and Kim, Eunyoung",2026,Archives of Pharmacal Research,10.1007/s12272-026-01615-y,https://www.scopus.com/pages/publications/105038130972?origin=resultslist,691 - 712,49,5,Review,Cited by: 0; All Open Access; Green Open Access; Hybrid Gold Open Access,True,True,True
Zhong2024,ARTICLE,GLP-1 receptor agonists and myocardial metabolism in atrial fibrillation,"Zhong, Jiani and Chen, Hang and Liu, Qiming and Zhou, Shenghua and Liu, Zhenguo and Xiao, Yichao",2024,Journal of Pharmaceutical Analysis,10.1016/j.jpha.2023.12.007,https://www.scopus.com/pages/publications/85193225499?origin=resultslist,,14,5,Review,Cited by: 29; All Open Access; Gold Open Access; Green Open Access,True,True,True
Oswald2025,ARTICLE,Now and the Future: Medications Changing the Landscape of Cardiovascular Disease and Heart Failure Management,"Oswald, Thomas and Coombs, Steven and Ellery, Susan and Liu, Alexander",2025,Journal of Clinical Medicine,10.3390/jcm14113948,https://www.scopus.com/pages/publications/105007738471?origin=resultslist,,14,11,Review,Cited by: 3; All Open Access; Gold Open Access; Green Open Access,True,True,True
AL-Noshokaty2025,ARTICLE,Unlocking the multifaceted roles of GLP-1: Physiological functions and therapeutic potential,"AL-Noshokaty, Tohada M. and Abdelhamid, Rehab and Abdelmaksoud, Nourhan M. and Khaled, Aya and Hossam, Mariam and Ahmed, Razan and Saber, Toka and Khaled, Shahd and Elshaer, Shereen Saeid and Abulsoud, Ahmed I.",2025,Toxicology Reports,10.1016/j.toxrep.2025.101895,https://www.scopus.com/pages/publications/85215574126?origin=resultslist,,14,,Review,Cited by: 35; All Open Access; Gold Open Access; Green Open Access,True,True,True
Bade2025753,ARTICLE,GLP-1 agonists: a game changer in pain treatment and addiction,"Bade, Sahil and Hurdle, Mark Friedrich B. and Bade, Sohail and Encalada, Sebastian and Kanahan-Osman, Sharima and Gupta, Sahil",2025,Pain Management,10.1080/17581869.2025.2536998,https://www.scopus.com/pages/publications/105012203254?origin=resultslist,753 - 765,15,10,Review,Cited by: 7; All Open Access; Green Open Access,True,False,True
Ji2024,ARTICLE,Glucagon-like peptide-1 receptor agonists in neoplastic diseases,"Ji, Lisan and He, Xianzhen and Min, Xinwen and Yang, Handong and Wu, Wenwen and Xu, Hao and Chen, Jun and Mei, Aihua",2024,Frontiers in Endocrinology,10.3389/fendo.2024.1465881,https://www.scopus.com/pages/publications/85205965181?origin=resultslist,,15,,Review,Cited by: 6; All Open Access; Gold Open Access; Green Open Access,True,True,True
Kunutsor2024589,ARTICLE,"Cardiovascular effectiveness of newer glucose-lowering agents, with and without baseline lipid-lowering therapy in type 2 diabetes: A systematic meta-analysis of cardiovascular outcome trials and real-world evidence","Kunutsor, Setor K. and Seidu, Borenyi S. and Seidu, Samuel",2024,Primary Care Diabetes,10.1016/j.pcd.2024.09.007,https://www.scopus.com/pages/publications/85205450468?origin=resultslist,589 - 598,18,6,Review,Cited by: 7; All Open Access; Hybrid Gold Open Access,True,True,False
Wang2024,ARTICLE,Recent Advances in the Management of Diabetic Kidney Disease: Slowing Progression,"Wang, Na and Zhang, Chun",2024,International Journal of Molecular Sciences,10.3390/ijms25063086,https://www.scopus.com/pages/publications/85189184650?origin=resultslist,,25,6,Review,Cited by: 95; All Open Access; Gold Open Access; Green Open Access,True,True,True
Yamanouchi2026,ARTICLE,The Roles of Incretin Hormones GIP and GLP-1 in Metabolic and Cardiovascular Health: A Comprehensive Review,"Yamanouchi, Dai",2026,International Journal of Molecular Sciences,10.3390/ijms27010027,https://www.scopus.com/pages/publications/105027156002?origin=resultslist,,27,1,Review,Cited by: 17; All Open Access; Gold Open Access; Green Open Access,True,True,True
Deng2025,ARTICLE,Roles of glucagon-like peptide 1 receptor agonists in immune cell biology and autoimmune/autoinflammatory diseases,"Deng, Sihui and Chen, Zeyu and Shi, Yuling",2025,Cell and Bioscience,10.1186/s13578-025-01486-8,https://www.scopus.com/pages/publications/105018670139?origin=resultslist,,15,1,Review,Cited by: 13; All Open Access; Gold Open Access; Green Open Access,True,True,True
Kornatowska2026,ARTICLE,The Evolution of MASLD Management: From Revised Nomenclature to Disease-Modifying Therapies,"Kornatowska, Karolina and Kopciał, Szymon and Wiekiera, Mateusz and Wiekiera, Adrianna and Budzik, Paweł and Tyniec, Mateusz and Morshed, Kamal",2026,Gastroenterology Insights,10.3390/gastroent17020033,https://www.scopus.com/pages/publications/105042920217?origin=resultslist,,17,2,Review,Cited by: 0; All Open Access; Gold Open Access,True,True,False
Akl2025499,ARTICLE,Localized Semaglutide Injection for Hyperinsulinemia-Induced Lymphatic Dysfunction: A Narrative Review Proposing a Promising Metabolic Perspective for Lymphedema Therapy,"Akl, Maher Monir and Ahmed, Amr",2025,Advanced Pharmaceutical Bulletin,10.34172/apb.025.43911,https://www.scopus.com/pages/publications/105020318361?origin=resultslist,499 - 505,15,3,Review,Cited by: 3; All Open Access; Gold Open Access; Green Open Access,True,True,True
J2025,ARTICLE,Renoprotective mechanisms of glucagon-like peptide-1 receptor agonists,"J, Chen and ME, Cooper and MT, Coughlan",2025,Diabetes and Metabolism,10.1016/j.diabet.2025.101641,https://www.scopus.com/pages/publications/105000756179?origin=resultslist,,51,3,Review,Cited by: 21; All Open Access; Hybrid Gold Open Access,True,True,False
Boscart2026,ARTICLE,Plant- and Microalgae-Based Biotechnological Strategies for Affordable and Non-Invasive Delivery of Antidiabetic Peptides,"Boscart, Thibault and Barras, Alexandre and Plaisance, Valérie and Pawlowski, Valérie and Giovanelli, Emerson and Bardor, Muriel and D’Hulst, Christophe and Abderrahmani, Amar",2026,Pharmaceutics,10.3390/pharmaceutics18020223,https://www.scopus.com/pages/publications/105031366248?origin=resultslist,,18,2,Review,Cited by: 0; All Open Access; Gold Open Access; Green Open Access,True,True,True
Abdullah Bin Ahmed2024,ARTICLE,A Comprehensive Review on Weight Gain following Discontinuation of Glucagon-Like Peptide-1 Receptor Agonists for Obesity,"Abdullah Bin Ahmed, Ibrahim",2024,Journal of Obesity,10.1155/2024/8056440,https://www.scopus.com/pages/publications/85193674425?origin=resultslist,,2024,,Review,Cited by: 36; All Open Access; Gold Open Access; Green Open Access,True,True,True
Gatto2025469,ARTICLE,The Effects of GLP-1 Agonists on Musculoskeletal Health and Orthopedic Care,"Gatto, Andrew and Liu, Kevin and Milan, Nesa and Wong, Stephanie",2025,Current Reviews in Musculoskeletal Medicine,10.1007/s12178-025-09978-3,https://www.scopus.com/pages/publications/105005108758?origin=resultslist,469 - 480,18,10,Review,Cited by: 38; All Open Access; Green Open Access; Hybrid Gold Open Access,True,True,True
Theodorakis2025,ARTICLE,"Integrated Management of Cardiovascular–Renal–Hepatic–Metabolic Syndrome: Expanding Roles of SGLT2is, GLP-1RAs, and GIP/GLP-1RAs","Theodorakis, Nikolaos and Nikolaou, Maria",2025,Biomedicines,10.3390/biomedicines13010135,https://www.scopus.com/pages/publications/85215929037?origin=resultslist,,13,1,Review,Cited by: 39; All Open Access; Gold Open Access; Green Open Access,True,True,True
Thin2025,ARTICLE,"GLP-1R Agonists and Their Therapeutic Potential in Inflammatory Bowel Disease and Other Immune-Mediated Inflammatory Diseases, a Systematic Review of the Literature","Thin, Lena and Teh, Wei Ling",2025,Biomedicines,10.3390/biomedicines13051128,https://www.scopus.com/pages/publications/105006561859?origin=resultslist,,13,5,Review,Cited by: 10; All Open Access; Gold Open Access; Green Open Access,True,True,True
Cozma2025,ARTICLE,Added Value to GLP-1 Receptor Agonist: Intermittent Fasting and Lifestyle Modification to Improve Therapeutic Effects and Outcomes,"Cozma, Dragos and Văcărescu, Cristina and Stoicescu, Claudiu",2025,Biomedicines,10.3390/biomedicines13123079,https://www.scopus.com/pages/publications/105025727981?origin=resultslist,,13,12,Review,Cited by: 3; All Open Access; Gold Open Access; Green Open Access,True,True,True
Vettor2026213,ARTICLE,"Overcoming the barriers in the screening, diagnosis, and follow-up of patients with metabolic dysfunction–associated steatotic liver disease (MASLD) and metabolic dysfunction–associated steatohepatitis (MASH)","Vettor, Roberto and Petroni, Maria Letizia and Dotan, Idit and Lalazar, Gadi and Haluzík, Martin and Spearman, C. Wendy and Dave, Joel A. and Abaalkhail, Faisal and Abusnana, Salah and Alshehri, Ali and Bruha, Radan and Harangi, Mariann and Jazzar, Ahmad and Kukla, Michał and Kumar, Shiva and Lambadiari, Vaia and Papatheodoridis, George and Papp, Mária and Petta, Salvatore and Pop, Corina Silvia and Stoian, Anca Pantea and Tomasiewicz, Krzysztof",2026,Reviews in Endocrine and Metabolic Disorders,10.1007/s11154-026-10027-8,https://www.scopus.com/pages/publications/105038132977?origin=resultslist,213 - 235,27,2,Review,Cited by: 1; All Open Access; Green Open Access; Hybrid Gold Open Access,True,True,True
McFarlin2024E747,ARTICLE,Incretin and glucagon receptor polypharmacology in chronic kidney disease,"McFarlin, Brandon E. and Duffin, Kevin L. and Konkar, Anish",2024,American Journal of Physiology - Endocrinology and Metabolism,10.1152/ajpendo.00374.2023,https://www.scopus.com/pages/publications/85193772891?origin=resultslist,E747 - E766,326,6,Review,Cited by: 14; All Open Access; Green Open Access; Hybrid Gold Open Access,True,True,True
Mousavi2025,ARTICLE,"Safety, efficacy, and cardiovascular benefits of combination therapy with SGLT-2 inhibitors and GLP-1 receptor agonists in patients with diabetes mellitus: a systematic review and meta-analysis of randomized controlled trials","Mousavi, Asma and Shojaei, Shayan and Soleimani, Hamidreza and Semirani-Nezhad, Davood and Ebrahimi, Pouya and Zafari, Ali and Ebrahimi, Rasoul and Roozbehi, Khatere and Harrison, Anil and Syed, Mushabbar A. and Kuno, Toshiki and Askari, Mani Khorsand and Almandoz, Jaime P. and Jun, John and Hosseini, Kaveh",2025,Diabetology and Metabolic Syndrome,10.1186/s13098-025-01635-6,https://www.scopus.com/pages/publications/85218637306?origin=resultslist,,17,1,Review,Cited by: 30; All Open Access; Gold Open Access; Green Open Access,True,True,True
Sola-Leyva2025258,ARTICLE,The hidden impact of GLP-1 receptor agonists on endometrial receptivity and implantation,"Sola-Leyva, Alberto and Pathare, Amruta D. S. and Apostolov, Apostol and Aleksejeva, Elina and Kask, Keiu and Tammiste, Triin and Ruiz-Durán, Susana and Risal, Sanjiv and Acharya, Ganesh and Salumets, Andres",2025,Acta Obstetricia et Gynecologica Scandinavica,10.1111/aogs.15010,https://www.scopus.com/pages/publications/85212422966?origin=resultslist,258 - 266,104,2,Review,Cited by: 18; All Open Access; Gold Open Access; Green Open Access,True,True,True
He2025,ARTICLE,Advances in GLP-1 receptor agonists for pain treatment and their future potential,"He, Yongtao and Xu, Biao and Zhang, Mengna and Chen, Dan and Wu, Shuyuan and Gao, Jie and Liu, Yongpeng and Zhang, Zixin and Kuang, Junzhe and Fang, Quan",2025,Journal of Headache and Pain,10.1186/s10194-025-01979-4,https://www.scopus.com/pages/publications/86000042218?origin=resultslist,,26,1,Review,Cited by: 33; All Open Access; Gold Open Access; Green Open Access,True,True,True
Abbasi20262682,ARTICLE,Advances in GLP-1 receptor agonists delivery systems for obesity and diabetes,"Abbasi, Mehrnaz and Sun, Kai and Huggins, Kevin W. and Heath, Braeden and DeLoit, Hannah and McGinness, Lauren and Mccamy, Kate",2026,Acta Pharmaceutica Sinica B,10.1016/j.apsb.2026.01.035,https://www.scopus.com/pages/publications/105034526140?origin=resultslist,2682 - 2710,16,5,Review,Cited by: 4; All Open Access; Gold Open Access; Green Open Access,True,True,True
Yu2026,ARTICLE,Novel antidiabetic agents and the risk of respiratory diseases: a systematic review and meta-analysis of 27 randomized controlled trials,"Yu, Zhexuan and Gu, Bingyan and Zhang, Junyao and Jin, Weifeng and Wan, Haitong and Jin, Wei",2026,Frontiers in Medicine,10.3389/fmed.2025.1721311,https://www.scopus.com/pages/publications/105027889691?origin=resultslist,,12,,Review,Cited by: 1; All Open Access; Gold Open Access; Green Open Access,True,True,True
Carli2024,ARTICLE,Lipid metabolism in MASLD and MASH: From mechanism to the clinic,"Carli, Fabrizia and Della Pepa, Giuseppe and Sabatini, Silvia and Vidal Puig, Antonio and Gastaldelli, Amalia",2024,JHEP Reports,10.1016/j.jhepr.2024.101185,https://www.scopus.com/pages/publications/85208116496?origin=resultslist,,6,12,Review,Cited by: 151; All Open Access; Gold Open Access; Green Open Access,True,True,True
De Girolamo2026,ARTICLE,Muscle health in the modern era of incretin-based therapies,"De Girolamo, Giuseppe and Sangineto, Moris and Di Gioia, Giuseppe and Bianco, Rossella and Ciarnelli, Martina and Serviddio, Gaetano",2026,European Journal of Clinical Investigation,10.1111/eci.70155,https://www.scopus.com/pages/publications/105023501825?origin=resultslist,,56,1,Review,Cited by: 6; All Open Access; Green Open Access; Hybrid Gold Open Access,True,True,True
Kong20244036,ARTICLE,Glucagon-like peptide-1 receptor agonists: Exploring the mechanisms from glycemic control to treatment of multisystemic diseases,"Kong, Mo-Wei and Yu, Yang and Wan, Ying and Gao, Yu and Zhang, Chun-Xiang",2024,World Journal of Gastroenterology,10.3748/wjg.v30.i36.4036,https://www.scopus.com/pages/publications/85204558543?origin=resultslist,4036 - 4043,30,36,Review,Cited by: 4; All Open Access; Green Open Access; Hybrid Gold Open Access,True,True,True
Menon2024347,ARTICLE,A systematic review on the efficacy of GLP-1 receptor agonists in mitigating psychotropic drug-related weight gain,"Menon, Trisha and Lee, Serene and Gong, Xuan Yi and Wong, Sabrina and Le, Gia Han and Kwan, Angela T.H. and Teopiz, Kayla M. and Ho, Roger and Cao, Bing and Rhee, Taeho Greg and Jing Zheng, Yang and Valentino, Kyle and Lin, Kangguang and Vinberg, Maj and Lo, Heidi K.Y. and McIntyre, Roger S.",2024,CNS Spectrums,10.1017/S1092852924000531,https://www.scopus.com/pages/publications/85210415909?origin=resultslist,347 - 353,29,5,Review,Cited by: 14; All Open Access; Bronze Open Access; Green Open Access,True,False,True
Roy2025,ARTICLE,From metabolism to mind: The expanding role of the GLP-1 receptor in neurotherapeutics,"Roy, Akash and Dawson, Valina L. and Dawson, Ted M.",2025,Neurotherapeutics,10.1016/j.neurot.2025.e00712,https://www.scopus.com/pages/publications/105011952636?origin=resultslist,,22,5,Review,Cited by: 25; All Open Access; Gold Open Access; Green Open Access,True,True,True
Gallo2024,ARTICLE,Update on Obesity and Cardiovascular Risk: From Pathophysiology to Clinical Management,"Gallo, Giovanna and Desideri, Giovambattista and Savoia, Carmine",2024,Nutrients,10.3390/nu16162781,https://www.scopus.com/pages/publications/85202605100?origin=resultslist,,16,16,Review,Cited by: 40; All Open Access; Gold Open Access; Green Open Access,True,True,True
Zhou2026,ARTICLE,From indirect regulation to multi-layered metabolic control in MASLD: Multi-receptor agonism and microbiota–metabolite functional convergence,"Zhou, Sini and Dong, Ling",2026,Pharmacological Research,10.1016/j.phrs.2026.108369,https://www.scopus.com/pages/publications/105047251031?origin=resultslist,,231,,Review,Cited by: 0; All Open Access; Gold Open Access,True,True,False
Liu2026,ARTICLE,Research on epicardial adipose tissue as a metabolic therapeutic target in AF: focus on GLP-1 receptor agonists,"Liu, Ling and Lu, Junlin",2026,Frontiers in Cardiovascular Medicine,10.3389/fcvm.2026.1708109,https://www.scopus.com/pages/publications/105033097513?origin=resultslist,,13,,Review,Cited by: 1; All Open Access; Gold Open Access; Green Open Access,True,True,True
Yadav2026,ARTICLE,Changes in esophageal physiology following weight loss interventions: a narrative review,"Yadav, Devvrat and Gyawali, C. Prakash",2026,Annals of Esophagus,10.21037/aoe-2026-1-0006,https://www.scopus.com/pages/publications/105043016441?origin=resultslist,,9,,Review,Cited by: 0; All Open Access; Gold Open Access,True,True,False
MacIsaac2024,ARTICLE,Glucagon-like peptide-1 receptor agonists and kidney outcomes,"MacIsaac, Richard J. and Trevella, Philippa and Ekinci, Elif I.",2024,Journal of Diabetes,10.1111/1753-0407.13609,https://www.scopus.com/pages/publications/85205605269?origin=resultslist,,16,10,Review,Cited by: 17; All Open Access; Gold Open Access; Green Open Access,True,True,True
Chen2026,ARTICLE,GLP-1RAs: antidiabetic drug crossover—new hope for chronic inflammatory airway diseases,"Chen, Yinan and Shen, Yili and Shen, Hui and Liu, Zhicong",2026,Respiratory Research,10.1186/s12931-026-03569-7,https://www.scopus.com/pages/publications/105034454469?origin=resultslist,,27,1,Review,Cited by: 2; All Open Access; Gold Open Access; Green Open Access,True,True,True
Sibal2026527,ARTICLE,Nonhormonal Pharmacological Interventions in Adolescent Polycystic Ovary Syndrome (PCOS): A Systematic Review,"Sibal, Rhea and Keogh, Morgan and Latthe, Pallavi and Idkowiak, Jan",2026,Journal of Pediatric and Adolescent Gynecology,10.1016/j.jpag.2026.01.001,https://www.scopus.com/pages/publications/105035177476?origin=resultslist,527 - 534,39,4,Review,Cited by: 2; All Open Access; Green Open Access; Hybrid Gold Open Access,True,True,True
Karakasis2025,ARTICLE,GLP-1 Receptor Agonists and Myocardial Perfusion: Bridging Mechanisms to Clinical Outcomes,"Karakasis, Paschalis and Patoulias, Dimitrios and Theofilis, Panagiotis and Pamporis, Konstantinos and Sagris, Marios and Vlachakis, Panayotis K. and Koufakis, Theocharis and Antoniadis, Antonios P. and Fragakis, Nikolaos",2025,International Journal of Molecular Sciences,10.3390/ijms26073050,https://www.scopus.com/pages/publications/105002277301?origin=resultslist,,26,7,Review,Cited by: 29; All Open Access; Gold Open Access; Green Open Access,True,True,True
Zawilska2026,ARTICLE,Searching for New Pharmacological Treatments of Alcohol Use Disorder (AUD): Focus on GLP–1 Receptor Agonists,"Zawilska, Jolanta B. and Zwierzyńska, Ewa and Wojcieszak, Jakub",2026,International Journal of Molecular Sciences,10.3390/ijms27104502,https://www.scopus.com/pages/publications/105040231802?origin=resultslist,,27,10,Review,Cited by: 1; All Open Access; Gold Open Access; Green Open Access,True,True,True
Amorim Moreira Alves202685,ARTICLE,GLP-1 Receptor Agonists in Metabolic Dysfunction-Associated Steatotic Liver Disease: Bridging Hepatic and Cardiovascular Outcomes,"Amorim Moreira Alves, Gabriel and Teranishi, Masatoki and Majumdar, Rajendranandini and Khan, Fazal and Dodeja, Mohan and Teixeira de Castro Gonçalves Ortega, Ana Claudia and Acerboni, Marco and Perera Molligoda Arachchige, Arosh S. and James, Frank",2026,Chronic Diseases and Translational Medicine,10.1002/cdt3.70048,https://www.scopus.com/pages/publications/105033563462?origin=resultslist,85 - 99,12,2,Review,Cited by: 1; All Open Access; Gold Open Access; Green Open Access,True,True,True
Klausen2025,ARTICLE,Effects of GLP-1 Receptor Agonists in Alcohol Use Disorder,"Klausen, Mette Kruse and Knudsen, Gitte Moos and Vilsbøll, Tina and Fink-Jensen, Anders",2025,Basic and Clinical Pharmacology and Toxicology,10.1111/bcpt.70004,https://www.scopus.com/pages/publications/85216813392?origin=resultslist,,136,3,Review,Cited by: 16; All Open Access; Green Open Access; Hybrid Gold Open Access,True,True,True
Spezani20261622,ARTICLE,Beyond diabetes and obesity: GLP-1 receptor agonists in disrupting the vicious cycle of metabolic dysfunction and neuroinflammation,"Spezani, Renata and Mandarim-de-Lacerda, Carlos A.",2026,"Diabetes, Obesity and Metabolism",10.1111/dom.70400,https://www.scopus.com/pages/publications/105025375214?origin=resultslist,1622 - 1637,28,3,Review,Cited by: 12; All Open Access; Green Open Access; Hybrid Gold Open Access,True,True,True
Gandhi2026,ARTICLE,"GLP-1 Receptor Agonists at the Crossroads of Circadian Biology, Sleep, and Metabolic Disease","Gandhi, Ayush and Phyu, Ei Moe and Koom-Dadzie, Kwame and Dickson, Kodwo Bosomefi and Halm, Josiah",2026,International Journal of Molecular Sciences,10.3390/ijms27062853,https://www.scopus.com/pages/publications/105034271599?origin=resultslist,,27,6,Review,Cited by: 2; All Open Access; Gold Open Access; Green Open Access,True,True,True
Xie20241053,ARTICLE,Health Technology Assessment: Evaluation of 7 Glucagon-Like Peptide-1 Receptor Agonists for the Treatment of Type 2 Diabetes Mellitus,"Xie, Zeyu and Hu, Jia and Li, Mengting and Hu, Xiao and Chen, Jisheng",2024,Risk Management and Healthcare Policy,10.2147/RMHP.S455897,https://www.scopus.com/pages/publications/85192493619?origin=resultslist,1053 - 1067,17,,Review,Cited by: 5; All Open Access; Gold Open Access; Green Open Access,True,True,True
Wan2024191,ARTICLE,"GLP-1RA Essentials in Gastroenterology: Side Effect Management, Precautions for Endoscopy and Applications for Gastrointestinal Disease Treatment","Wan, Justin and Ferrari, Caesar and Tadros, Micheal",2024,Gastroenterology Insights,10.3390/gastroent15010014,https://www.scopus.com/pages/publications/85188791201?origin=resultslist,191 - 212,15,1,Review,Cited by: 27; All Open Access; Gold Open Access; Green Open Access,True,True,True
Quodling2026,ARTICLE,The Potential Indirect Impact of GLP-1 Receptor Agonists in the Management of Fibromyalgia,"Quodling, Nicole and Carrick, Frederick R. and Hoffman, Norman and Jemni, Monèm",2026,Journal of Clinical Medicine,10.3390/jcm15093330,https://www.scopus.com/pages/publications/105038393364?origin=resultslist,,15,9,Review,Cited by: 1; All Open Access; Gold Open Access; Green Open Access,True,True,True
Desai2026,ARTICLE,Glucagon-Like Peptide-1 Receptor Agonists in Inflammatory Bowel Disease: A Narrative Review,"Desai, Aakash and Habib, Hany and Wahbeh, Lina and Farraye, Francis A.",2026,Gastro Hep Advances,10.1016/j.gastha.2026.101023,https://www.scopus.com/pages/publications/105043293789?origin=resultslist,,5,9,Review,Cited by: 0; All Open Access; Gold Open Access; Green Open Access,True,True,True
Wookey2025105,ARTICLE,Perioperative Use of GLP-1 Receptor Agonists in Patients Undergoing Cardiac Procedures: A Scoping Review,"Wookey, Oscar and Galligan, Anna and Wilkie, Bruce and MacIsaac, Andrew and Paratz, Elizabeth",2025,Heart Lung and Circulation,10.1016/j.hlc.2024.11.025,https://www.scopus.com/pages/publications/85215437233?origin=resultslist,105 - 117,34,2,Review,Cited by: 10; All Open Access; Bronze Open Access,True,False,False
Mousavi2025,ARTICLE,The role of glucagon-like peptide-1 receptor agonists in weight regain treatment or prevention after bariatric surgery: a systematic review and meta-analysis,"Mousavi, Asma and Shojaei, Shayan and Azarboo, Alireza and Bahri, Razman Arabzadeh and Mohammadi, Sara and Alilou, Sanam and Yousefifar, Shaygan and Maleki, Saba and Radkhah, Hanieh",2025,Eating and Weight Disorders,10.1007/s40519-025-01770-z,https://www.scopus.com/pages/publications/105014725081?origin=resultslist,,30,1,Review,Cited by: 8; All Open Access; Gold Open Access; Green Open Access,True,True,True
Sun2025,ARTICLE,The immunomodulatory effects of GLP-1 receptor agonists in neurogenerative diseases and ischemic stroke treatment,"Sun, Haohui and Hao, Yue and Liu, Hao and Gao, Feng",2025,Frontiers in Immunology,10.3389/fimmu.2025.1525623,https://www.scopus.com/pages/publications/105000744394?origin=resultslist,,16,,Review,Cited by: 34; All Open Access; Gold Open Access; Green Open Access,True,True,True
Ciancio20261744308,ARTICLE,Glucagon-like peptide-1 receptor agonists in psoriasis and psoriatic arthritis: emerging evidence and future research opportunities,"Ciancio, Giovanni and Maranini, Beatrice and Sandri, Gilda and Amati, Gabriele and Bortoluzzi, Alessandra and Silvagni, Ettore and Govoni, Marcello and Giuggioli, Dilia",2026,Frontiers in immunology,10.3389/fimmu.2026.1744308,https://www.scopus.com/pages/publications/105039117317?origin=resultslist,1744308,17,,Review,Cited by: 2; All Open Access; Gold Open Access; Green Open Access,True,True,True
Kettner2026239,ARTICLE,Glucagon-like Peptide-1 Receptor Agonists and Reproductive Health: Current Evidence and Clinical Implications,"Kettner, Jordyn and Donnelly, Elizabeth and Maes, Marina L.",2026,Journal of Pharmacy Practice,10.1177/08971900251376795,https://www.scopus.com/pages/publications/105016728316?origin=resultslist,239 - 250,39,3,Review,Cited by: 2; All Open Access; Bronze Open Access,True,False,False
Marcon2025,ARTICLE,Anti-Inflammatory and Anti-Oxidative Effects of GLP1-RAs and SGLT2i: The Guiding Star Towards Cardiovascular Protection in Type 2 Diabetes,"Marcon, Livia M. R. and Mazzieri, Alessio",2025,Immuno,10.3390/immuno5010011,https://www.scopus.com/pages/publications/105001164772?origin=resultslist,,5,1,Review,Cited by: 10; All Open Access; Gold Open Access; Green Open Access,True,True,True
Alnima2024259,ARTICLE,Are the lipid-lowering effects of incretin-based therapies relevant for cardiovascular benefit?,"Alnima, Teba and Smits, Mark M. and Hanssen, Nordin M.J.",2024,Current Opinion in Lipidology,10.1097/MOL.0000000000000949,https://www.scopus.com/pages/publications/85200574885?origin=resultslist,259 - 267,35,6,Review,Cited by: 3; All Open Access; Green Open Access,True,False,True
Ștefănescu2025,ARTICLE,Evaluating Suicidal Risk in GLP-1RA Therapy: An Umbrella Review of Meta-Analytic Evidence,"Ștefănescu, Cristina and Bratu, Elena Alexandra and Pelin, Ana Maria and Boroi, Denisa and Crecan-Suciu, Bianca Daniela and Ștefănescu, Victorița",2025,Healthcare (Switzerland),10.3390/healthcare13222958,https://www.scopus.com/pages/publications/105022918662?origin=resultslist,,13,22,Review,Cited by: 3; All Open Access; Gold Open Access,True,True,False
Apperloo2026207,ARTICLE,GLP-1-based therapeutics for cardiorenal protection in metabolic diseases,"Apperloo, Ellen M. and Heerspink, Hiddo J.L. and Van Raalte, Daniël H. and Muskiet, Marcel H.A.",2026,Nephrology Dialysis Transplantation,10.1093/ndt/gfaf110,https://www.scopus.com/pages/publications/105029059280?origin=resultslist,207 - 219,41,2,Review,Cited by: 12; All Open Access; Green Open Access; Hybrid Gold Open Access,True,True,True
Huang202635,ARTICLE,Association of glucagon-like peptide-1 receptor agonists with risk of gastrointestinal adverse events: evidence from a drug target Mendelian randomization,"Huang, Haozhang and Liu, Jin and Lu, Xiaozhao and Tan, Ning and Liu, Yong",2026,European Heart Journal - Cardiovascular Pharmacotherapy,10.1093/ehjcvp/pvaf065,https://www.scopus.com/pages/publications/105029259620?origin=resultslist,35 - 37,12,1,Review,Cited by: 0; All Open Access; Green Open Access; Hybrid Gold Open Access,True,True,True
Chen2026,ARTICLE,Effect of Glucagon-Like Peptide-1 Receptor Agonists on Cardiometabolic Risk Factors in Type 1 Diabetes Mellitus: A Systematic Review and Meta-Analysis,"Chen, Yizhu and Tang, Yufei and Yue, Rui and Yang, Bo and Wang, Ai and Long, Yang and Xu, Yong and Gao, Chenlin",2026,Diabetes/Metabolism Research and Reviews,10.1002/dmrr.70111,https://www.scopus.com/pages/publications/105023593184?origin=resultslist,,42,1,Review,Cited by: 4; All Open Access; Bronze Open Access,True,False,False
Abdelmalek20242001,ARTICLE,The role of glucagon-like peptide-1 receptor agonists in metabolic dysfunction-associated steatohepatitis,"Abdelmalek, Manal F. and Harrison, Stephen A. and Sanyal, Arun J.",2024,"Diabetes, Obesity and Metabolism",10.1111/dom.15524,https://www.scopus.com/pages/publications/85188699465?origin=resultslist,2001 - 2016,26,6,Review,Cited by: 34; All Open Access; Hybrid Gold Open Access,True,True,False
Chen2024117,ARTICLE,The Antidepressant Effects of GLP-1 Receptor Agonists: A Systematic Review and Meta-Analysis,"Chen, Xinda and Zhao, Peiyi and Wang, Weihao and Guo, Lixin and Pan, Qi",2024,American Journal of Geriatric Psychiatry,10.1016/j.jagp.2023.08.010,https://www.scopus.com/pages/publications/85170267842?origin=resultslist,117 - 127,32,1,Review,Cited by: 166; All Open Access; Hybrid Gold Open Access,True,True,False
Wen2025,ARTICLE,Tirzepatide Versus Semaglutide on Weight Loss in Type 2 Diabetes Patients: A Systematic Review and Meta-Analysis of Direct Comparative Studies,"Wen, Jimmy and Syed, Burhaan and Nadora, Denise and How-Volkman, Christiane and Bernstein, Ethan and Truong, Alina and Akhtar, Muzammil and Razick, Adam and Puglisi, Jose and Frezza, Eldo",2025,"Endocrinology, Diabetes and Metabolism",10.1002/edm2.70045,https://www.scopus.com/pages/publications/105002057589?origin=resultslist,,8,3,Review,Cited by: 12; All Open Access; Gold Open Access; Green Open Access,True,True,True
Saghafi2026,ARTICLE,Protecting the endocrine axis in immuno-oncology: GLP-1 receptor agonists as host-directed modulators in colorectal cancer,"Saghafi, Samira and Yaghoubi, Mohammad Ali and Safarpour, Hossein and Raeisi, Hamideh and Mousavi, Zohreh",2026,Biomedicine and Pharmacotherapy,10.1016/j.biopha.2025.118948,https://www.scopus.com/pages/publications/105026233296?origin=resultslist,,194,,Review,Cited by: 2; All Open Access; Gold Open Access,True,True,False
Feng2024312,ARTICLE,Hepatic function of glucagon-like peptide-1 and its based diabetes drugs,"Feng, Jia Nuo and Jin, Tianru",2024,Medical Review,10.1515/mr-2024-0018,https://www.scopus.com/pages/publications/85196033390?origin=resultslist,312 - 325,4,4,Review,Cited by: 13; All Open Access; Gold Open Access; Green Open Access,True,True,True
Lampsas2026,ARTICLE,The Effects of GLP-1 Receptor Agonists on Retinal Microvascular Alterations,"Lampsas, Stamatios and Chardalia, Gerasimia-Marina and Agapitou, Chrysa and Papastamopoulos, Konstantinos and Theodossiadis, Panagiotis and Siasos, Gerasimos and Oikonomou, Evangelos and Lambadiari, Vaia and Chatziralli, Irini",2026,Biomedicines,10.3390/biomedicines14051057,https://www.scopus.com/pages/publications/105040201465?origin=resultslist,,14,5,Review,Cited by: 0; All Open Access; Gold Open Access; Green Open Access,True,True,True
Mullur2024,ARTICLE,GLP-1 receptor agonist-based therapies and cardiovascular risk: a review of mechanisms,"Mullur, Neerav and Morissette, Arianne and Morrow, Nadya M. and Mulvihill, Erin E.",2024,Journal of Endocrinology,10.1530/JOE-24-0046,https://www.scopus.com/pages/publications/85205407012?origin=resultslist,,263,1,Review,Cited by: 40; All Open Access; Green Open Access; Hybrid Gold Open Access,True,True,True
Elnaggar2026,ARTICLE,Efficacy of SGLT2 Inhibitors Versus GLP-1 Receptor Agonists in Type 2 Diabetes Patients with Non-alcoholic Fatty Liver Disease: A Systematic Review and Meta-analysis,"Elnaggar, Mohamed and Abbas, Omar F. and Almarfadi, Abdullah and Refaei, Abdelrahman and Eltaly, Hatem and Abd El Aziz, Mohamed",2026,Current Hepatology Reports,10.1007/s11901-025-00718-2,https://www.scopus.com/pages/publications/105027844753?origin=resultslist,,25,1,Review,Cited by: 0; All Open Access; Hybrid Gold Open Access,True,True,False
Yang2026,ARTICLE,Research progress on the molecular mechanism and clinical evidence of glucagon-like peptide-1 receptor agonists in improving sarcopenia,"Yang, Qun and Wang, Yuting and Gao, Ge and Li, Haitao and Gao, Yu and He, Jianqiu",2026,Diabetology and Metabolic Syndrome,10.1186/s13098-026-02133-z,https://www.scopus.com/pages/publications/105040399509?origin=resultslist,,18,1,Review,Cited by: 1; All Open Access; Gold Open Access; Green Open Access,True,True,True
Zasadzinska2025214,ARTICLE,The Evolving Role of GLP-1 Receptor Agonists in MASLD: Current Evidence and Future Directions,"Zasadzinska, Maria and Borowski, Grzegorz and Bakuła, Piotr and Jałocha, Kamila",2025,Journal of Diabetology,10.4103/jod.jod_18_25,https://www.scopus.com/pages/publications/105010871530?origin=resultslist,214 - 222,16,3,Review,Cited by: 4; All Open Access; Gold Open Access; Green Open Access,True,True,True
Ellegaard2025,ARTICLE,Treatment of Bile Acid Diarrhea With Glucagon-Like Peptide 1 Receptor Agonists: A Promising Yet Understudied Approach,"Ellegaard, Anne-Marie and Kårhus, Martin L. and Winther-Jensen, Matilde and Lund, Asger B. and Knop, Filip K.",2025,Clinical and Translational Gastroenterology,10.14309/ctg.0000000000000815,https://www.scopus.com/pages/publications/85215567449?origin=resultslist,,16,3,Review,Cited by: 6; All Open Access; Gold Open Access; Green Open Access,True,True,True
Panou2025,ARTICLE,Ferroptosis and pyroptosis in diabetes mellitus: emerging therapeutic potential of GLP-1 receptor agonists,"Panou, Theodoros and Gouveri, Evanthia and Rizzo, Manfredi and Popovic, Djordje S. and Papanas, Nikolaos",2025,Frontiers in Clinical Diabetes and Healthcare,10.3389/fcdhc.2025.1657710,https://www.scopus.com/pages/publications/105020595167?origin=resultslist,,6,,Review,Cited by: 2; All Open Access; Gold Open Access; Green Open Access,True,True,True
Wang2026,ARTICLE,Cardiorenal protective effects of glucagon-like peptide-1 receptor agonists in chronic kidney disease: a systematic review and meta-analysis,"Wang, Yuqi and Feng, Luda and Wang, Yajing and Li, Boyang and Liang, Ning and Song, Xuan and Qin, Jianguo and Zhang, Mianzhi and Li, Yu",2026,Renal Failure,10.1080/0886022X.2026.2620155,https://www.scopus.com/pages/publications/105029612401?origin=resultslist,,48,1,Review,Cited by: 1; All Open Access; Gold Open Access; Green Open Access,True,True,True
Lotosky2025,ARTICLE,GLP-1 and Its Role in Glycogen Production: A Narrative Review,"Lotosky, Joseph and Jean, Xavier and Altankhuyag, Anungoo and Khan, Saqib and Bernotas, Ashley and Sharafshah, Alireza and Blum, Kenneth and Posner, Alan and Thanos, Panayotis K.",2025,Biomedicines,10.3390/biomedicines13071610,https://www.scopus.com/pages/publications/105011618733?origin=resultslist,,13,7,Review,Cited by: 13; All Open Access; Gold Open Access; Green Open Access,True,True,True
Wu202517879,ARTICLE,"Comprehensive Review of Sepsis-Related Skeletal Muscle Atrophy: Mechanisms, Diagnosis and Therapeutic Strategies","Wu, Qiqi and Huang, Qiufen and Xu, Zhikai and Hou, Chaoyao and Wang, Chuntao",2025,Journal of Inflammation Research,10.2147/JIR.S554850,https://www.scopus.com/pages/publications/105026489386?origin=resultslist,17879 - 17894,18,,Review,Cited by: 6; All Open Access; Gold Open Access; Green Open Access,True,True,True
Dhas2024,ARTICLE,Repurposing metabolic regulators: antidiabetic drugs as anticancer agents,"Dhas, Yogita and Biswas, Nupur and M.R, Divyalakshmi and Jones, Lawrence D. and Ashili, Shashaanka",2024,Molecular Biomedicine,10.1186/s43556-024-00204-z,https://www.scopus.com/pages/publications/85205511597?origin=resultslist,,5,1,Review,Cited by: 35; All Open Access; Gold Open Access; Green Open Access,True,True,True
Hoteit2025,ARTICLE,The dual impact of GLP-1 receptor agonists on metabolic and reproductive health in polycystic ovary syndrome: insights from human and animal trials,"Hoteit, Bassel H. and Kotaich, Jana and Ftouni, Hadi and Hazime, Fatima and Safawi, Abdallah and Masri, Rim and Marwani, Mia",2025,Therapeutic Advances in Endocrinology and Metabolism,10.1177/20420188251383064,https://www.scopus.com/pages/publications/105035403715?origin=resultslist,,16,,Review,Cited by: 6; All Open Access; Gold Open Access; Green Open Access,True,True,True
Hu2026,ARTICLE,The mechanisms of GLP-1 receptor agonists in liver diseases: their multifaceted impact on immune response and metabolic regulation,"Hu, Zixuan and Tian, Dianzhe and Yang, Zuyi and Zhang, Junwei and Zhang, Lei and Xu, Yiyao and Lu, Xin",2026,Frontiers in Pharmacology,10.3389/fphar.2026.1754721,https://www.scopus.com/pages/publications/105041514127?origin=resultslist,,17,,Review,Cited by: 2; All Open Access; Gold Open Access; Green Open Access,True,True,True
Jalleh20251,ARTICLE,Clinical Consequences of Delayed Gastric Emptying With GLP-1 Receptor Agonists and Tirzepatide,"Jalleh, Ryan J. and Plummer, Mark P. and Marathe, Chinmay S. and Umapathysivam, Mahesh M. and Quast, Daniel R. and Rayner, Christopher K. and Jones, Karen L. and Wu, Tongzhi and Horowitz, Michael and Nauck, Michael A.",2025,Journal of Clinical Endocrinology and Metabolism,10.1210/clinem/dgae719,https://www.scopus.com/pages/publications/85212427036?origin=resultslist,1 - 15,110,1,Review,Cited by: 117; All Open Access; Green Open Access; Hybrid Gold Open Access,True,True,True
Porterfield2026,ARTICLE,Combination cardiometabolic therapy in type 2 diabetes: optimizing SGLT2 inhibitor and GLP‑1 receptor agonist use,"Porterfield, Laura R. and Nadeem, Saad and Swanson, Dallin and Hayek, Salim S and Vaughan, Elizabeth M",2026,Current Atherosclerosis Reports,10.1007/s11883-026-01448-6,https://www.scopus.com/pages/publications/105044761818?origin=resultslist,,28,1,Review,Cited by: 0; All Open Access; Green Open Access; Hybrid Gold Open Access,True,True,True
Gunawan202526,ARTICLE,"Dual GIP/GLP1-RA, GCGR/GLP-1 RA and GLP1-RA for the Treatment of Metabolic Dysfunction-associated Steatotic Liver Disease with Type 2 Diabetes: A Systematic Review and Meta-analysis","Gunawan, Burhan and Nugroho, Heri and Sibarani, Roy Panusuan",2025,US Endocrinology,10.17925/EE.2025.21.2.5,https://www.scopus.com/pages/publications/105019950554?origin=resultslist,26 - 32,21,2,Review,Cited by: 2; All Open Access; Gold Open Access; Green Open Access,True,True,True
Huang2026,ARTICLE,Redox-Driven Blood–Nerve Barrier Dysfunction in Diabetic Peripheral Neuropathy: Mechanisms and Therapeutic Opportunities,"Huang, Wei-Hsiu and Wong, Chih-Shung",2026,Antioxidants,10.3390/antiox15060670,https://www.scopus.com/pages/publications/105042901447?origin=resultslist,,15,6,Review,Cited by: 0; All Open Access; Gold Open Access; Green Open Access,True,True,True
Wang2025,ARTICLE,Diabetic kidney disease macrophage cholesterol efflux: a revolution from metabolism to immune,"Wang, Jinjin and Cai, Yi and Feng, Yuxi and Zhu, Qin",2025,Frontiers in Endocrinology,10.3389/fendo.2025.1714167,https://www.scopus.com/pages/publications/105022231623?origin=resultslist,,16,,Review,Cited by: 6; All Open Access; Gold Open Access; Green Open Access,True,True,True
Christensen2024,ARTICLE,Dietary intake by patients taking GLP-1 and dual GIP/GLP-1 receptor agonists: A narrative review and discussion of research needs,"Christensen, Sandra and Robinson, Katie and Thomas, Sara and Williams, Dominique R.",2024,Obesity Pillars,10.1016/j.obpill.2024.100121,https://www.scopus.com/pages/publications/85199703922?origin=resultslist,,11,,Review,Cited by: 112; All Open Access; Gold Open Access; Green Open Access,True,True,True
Ahmad2025450,ARTICLE,Glucagon-Like Peptide 1 Receptor Agonists (GLP-1RAs) Improve Periodontal and Peri-Implant Health in Type 2 Diabetes Mellitus,"Ahmad, Paras and Estrin, Nathan and Farshidfar, Nima and Zhang, Yufeng and Miron, Richard J.",2025,Journal of Periodontal Research,10.1111/jre.13410,https://www.scopus.com/pages/publications/105004454408?origin=resultslist,450 - 465,60,5,Review,Cited by: 17; All Open Access; Hybrid Gold Open Access,True,True,False
Passos202567,ARTICLE,Influence of glucagon-like peptide-1 receptor agonists on hepatic events in type 2 diabetes: a systematic review and meta-analysis,"Passos, Pedro Robson Costa and Filho, Valbert Oliveira Costa and Noronha, Mariana Macambira and Hyppolito, Elodie Bomfim and Saldanha, Erick Figueiredo and Motta, Rodrigo Vieira",2025,Journal of Gastroenterology and Hepatology (Australia),10.1111/jgh.16752,https://www.scopus.com/pages/publications/85204782984?origin=resultslist,67 - 77,40,1,Review,Cited by: 18; All Open Access; Bronze Open Access,True,False,False
Li20261,ARTICLE,Potential Antiarrhythmic Mechanisms of Glucagon-Like Peptide-1 Receptor Agonists (GLP-1RAs),"Li, Jianhong and Fu, Kun and Zhao, Jiaqian and Zou, Ying and Li, Li and Huang, Qiuyuan and Long, Limei and Ou, Xianhong and Lei, Ming and Zhang, Chunxiang and Tan, Xiaoqiu and Chen, Tangting",2026,"Drug Design, Development and Therapy",10.2147/DDDT.S579419,https://www.scopus.com/pages/publications/105029584547?origin=resultslist,1 - 16,20,,Review,Cited by: 1; All Open Access; Gold Open Access; Green Open Access,True,True,True
Lisco202472,ARTICLE,Is Tirzepatide the New Game Changer in Type 2 Diabetes?,"Lisco, Giuseppe and Disoteo, Olga Eugenia and De Geronimo, Vincenzo and De Tullio, Anna and Giagulli, Vito Angelo and Guastamacchia, Edoardo and De Pergola, Giovanni and Jirillo, Emilio and Triggiani, Vincenzo",2024,Endocrines,10.3390/endocrines5010005,https://www.scopus.com/pages/publications/85194422646?origin=resultslist,72 - 86,5,1,Review,Cited by: 8; All Open Access; Gold Open Access; Green Open Access,True,True,True
Panou20251077,ARTICLE,The Therapeutic Potential of Dipeptidyl Peptidase 4 Inhibitors and Glucagon-Like Peptide-1 Receptor Agonists in Diabetic Peripheral Neuropathy,"Panou, Theodoros and Gouveri, Evanthia and Popovic, Djordje S. and Papazoglou, Dimitrios and Papanas, Nikolaos",2025,Diabetes Therapy,10.1007/s13300-025-01712-z,https://www.scopus.com/pages/publications/105001502419?origin=resultslist,1077 - 1105,16,6,Review,Cited by: 11; All Open Access; Gold Open Access; Green Open Access,True,True,True
Mariam2024,ARTICLE,Glucagon-like peptide agonists: A prospective review,"Mariam, Zamara and Niazi, Sarfaraz K.",2024,"Endocrinology, Diabetes and Metabolism",10.1002/edm2.462,https://www.scopus.com/pages/publications/85179954060?origin=resultslist,,7,1,Review,Cited by: 101; All Open Access; Gold Open Access; Green Open Access,True,True,True
Gong2025,ARTICLE,GLP-1 receptor agonists: exploration of transformation from metabolic regulation to multi-organ therapy,"Gong, Bing and Li, Couwen and Shi, Zhuang’e and Wang, FuPing and Dai, Ruanxian and Chen, Guobing and Su, Heng",2025,Frontiers in Pharmacology,10.3389/fphar.2025.1675552,https://www.scopus.com/pages/publications/105016904373?origin=resultslist,,16,,Review,Cited by: 20; All Open Access; Gold Open Access; Green Open Access,True,True,True
Athauda2026,ARTICLE,The promise of GLP-1 receptor agonists for neurodegenerative diseases,"Athauda, Dilan and Greig, Nigel H. and Meissner, Wassilios G. and Foltynie, Thomas and Gandhi, Sonia",2026,The Journal of clinical investigation,10.1172/JCI194745,https://www.scopus.com/pages/publications/105030414691?origin=resultslist,,136,4,Review,Cited by: 17; All Open Access; Gold Open Access; Green Open Access,True,True,True
Miao2025,ARTICLE,"Managing cardiovascular events, hyperglycemia, and obesity in type 2 diabetes through microRNA regulation linked to glucagon-like peptide-1 receptor agonists","Miao, Xiaolei and Davoudi, Maryam and Alitotonchi, Zahra and Ahmadi, Ensieh Sadat and Amraee, Fatemeh and Alemi, Ashraf and Afrisham, Reza",2025,Diabetology and Metabolic Syndrome,10.1186/s13098-025-01581-3,https://www.scopus.com/pages/publications/85217557600?origin=resultslist,,17,1,Review,Cited by: 18; All Open Access; Gold Open Access; Green Open Access,True,True,True
Antonič2025,ARTICLE,"The male hormone reset: how GLP-1RAs, lifestyle and testosterone transform obesity-linked problems","Antonič, Kristina Groti and Zitzmann, Michael",2025,Aging Male,10.1080/13685538.2025.2601423,https://www.scopus.com/pages/publications/105024984517?origin=resultslist,,28,1,Review,Cited by: 2; All Open Access; Gold Open Access; Green Open Access,True,True,True
Marchionni202615,ARTICLE,"Targeting the Metabolic-Inflammatory Axis in Psoriasis and Psoriatic Arthritis: Evidence From Diet, Glucagon-like Peptide-1 Receptor Agonists, and Patient Perspectives","Marchionni, Giulia and Guma, Monica and Fernandez, Anthony P. and Grieb, Suzanne M. and Eder, Lihi and Lindsay, Christine A. and Soriano, Enrique R.",2026,The Journal of rheumatology,10.3899/jrheum.2026-0589,https://www.scopus.com/pages/publications/105049004927?origin=resultslist,15 - 18,53,,Review,Cited by: 0; All Open Access; Bronze Open Access,True,False,False
Cardoso2026,ARTICLE,GLP-1RA precision medicine in people with type 2 diabetes: current insights and future prospects,"Cardoso, Pedro and Dennis, John M. and Pearson, Ewan R.",2026,The Journal of clinical investigation,10.1172/JCI194742,https://www.scopus.com/pages/publications/105027705674?origin=resultslist,,136,2,Review,Cited by: 9; All Open Access; Gold Open Access; Green Open Access,True,True,True
Volkow2026831,ARTICLE,Glucagon-Like Peptide-1 Receptor Agonists in Psychiatry: A Pharmacoepidemiological Scoping Review,"Volkow, Nora D. and Xu, Rong",2026,Biological Psychiatry,10.1016/j.biopsych.2026.03.1002,https://www.scopus.com/pages/publications/105038175688?origin=resultslist,831 - 839,100,8,Review,Cited by: 3; All Open Access; Green Open Access,True,False,True
Roberts2025102,ARTICLE,Advances in incretin therapies for targeting cardiovascular disease in diabetes,"Roberts, Timothy D. and Hutchinson, Dana S. and Wootten, Denise and De Blasio, Miles J. and Ritchie, Rebecca H.",2025,Journal of Molecular and Cellular Cardiology,10.1016/j.yjmcc.2025.03.007,https://www.scopus.com/pages/publications/105000034118?origin=resultslist,102 - 115,202,,Review,Cited by: 4; All Open Access; Hybrid Gold Open Access,True,True,False
Wang2025,ARTICLE,GLP-1 receptor agonists synergistic effects of metabolic reprogramming and cardioprotection,"Wang, Xuan and Qi, Mengmeng and Yang, Lili and Yang, Libo and Wang, Xiaoyue and Zhang, Fang and Cui, Yukun and Wang, Dongxin and Wang, Yangang and Lv, Wenshan",2025,Frontiers in Endocrinology,10.3389/fendo.2025.1614726,https://www.scopus.com/pages/publications/105019975704?origin=resultslist,,16,,Review,Cited by: 10; All Open Access; Gold Open Access; Green Open Access,True,True,True
Sinha20252046,ARTICLE,"Efficacy and Safety of GLP-1 Receptor Agonists, Dual Agonists, and Retatrutide for Weight Loss in Adults With Overweight or Obesity: A Bayesian NMA","Sinha, Binayak and Ghosal, Samit",2025,Obesity,10.1002/oby.24360,https://www.scopus.com/pages/publications/105010901803?origin=resultslist,2046 - 2054,33,11,Review,Cited by: 16; All Open Access; Bronze Open Access,True,False,False
Teixeira2025,ARTICLE,Exploring the Role of GLP-1 Receptor Agonists in Alzheimer’s Disease: A Review of Preclinical and Clinical Evidence,"Teixeira, Lívia C. R. and Luizon, Marcelo R. and Gomes, Karina B.",2025,Receptors (Switzerland),10.3390/receptors4010002,https://www.scopus.com/pages/publications/105033064608?origin=resultslist,,4,1,Review,Cited by: 16; All Open Access; Gold Open Access; Green Open Access,True,True,True
Khalifa2026,ARTICLE,GLP-1 RAs for Treating Metabolic Dysfunction-Associated Steatosis Liver Disease: From GLP-1 Discovery to FDA Approval: A Comprehensive Narrative Review,"Khalifa, Olfa and Arredouani, Abdelilah",2026,Pharmaceuticals,10.3390/ph19030408,https://www.scopus.com/pages/publications/105034257120?origin=resultslist,,19,3,Review,Cited by: 2; All Open Access; Gold Open Access; Green Open Access,True,True,True
Ganamurali2026,ARTICLE,Bidirectional interplay between the gut microbiota and GLP-1 receptor agonists: towards Microbiome-Mediated therapeutics in type 2 diabetes mellitus,"Ganamurali, Nila and Sabarathinam, Sarvesh",2026,Journal of Diabetes and Metabolic Disorders,10.1007/s40200-025-01834-y,https://www.scopus.com/pages/publications/105028800738?origin=resultslist,,25,1,Review,Cited by: 9; All Open Access; Green Open Access,True,False,True
Sandha2026,ARTICLE,Perioperative Nutrition and Surgical Outcomes in Patients Receiving Glucagon-like Peptide-1 Receptor Agonists: A Scoping Review,"Sandha, Tegbir Singh and Ron, Ofir and Rozen, Warren M. and Seth, Ishith and Cuomo, Roberto",2026,Medicina (Lithuania),10.3390/medicina62081434,https://www.scopus.com/pages/publications/105048281936?origin=resultslist,,62,8,Review,Cited by: 0; All Open Access; Gold Open Access; Green Open Access,True,True,True
Mega2026,ARTICLE,New Treatment Options for MASLD Patients with Type 2 Diabetes,"Mega, Andrea and Turri, Chiara and Marzi, Luca and Dauriz, Marco and Sacco, Rodolfo and Floreani, Annarosa and Stasi, Cristina",2026,Life,10.3390/life16020254,https://www.scopus.com/pages/publications/105031612540?origin=resultslist,,16,2,Review,Cited by: 5; All Open Access; Gold Open Access; Green Open Access,True,True,True
Völker2026,ARTICLE,The potential role of GLP-1 receptor agonists in substance use disorders – a systematic review,"Völker, K.M. and Prechtl, B.L.H. and Bormann, N.L. and Choi, D.S.",2026,Frontiers in Pharmacology,10.3389/fphar.2025.1702448,https://www.scopus.com/pages/publications/105027648949?origin=resultslist,,16,,Review,Cited by: 10; All Open Access; Gold Open Access; Green Open Access,True,True,True
Damhof20268769,ARTICLE,Early Weight Regain After GLP-1 Receptor Agonist Discontinuation: Mechanisms and Implications for Treatment De-Escalation Strategies,"Damhof, M.A. and van Bruggen, F.H. and van Roon, E.N.",2026,"Diabetes, Obesity and Metabolism",10.1111/dom.71075,https://www.scopus.com/pages/publications/105043703769?origin=resultslist,8769 - 8776,28,10,Review,Cited by: 1; All Open Access; Green Open Access; Hybrid Gold Open Access,True,True,True
DeLacey202641,ARTICLE,Pros and Cons of Early Treatment with GLP-1 Receptor Agonist and SGLT-2 Inhibitors for Youth with Type 2 Diabetes: A Narrative Review,"DeLacey, Sean E. and Dieguez, Abigayil C. and Bensignor, Megan O.",2026,Diabetes Therapy,10.1007/s13300-025-01823-7,https://www.scopus.com/pages/publications/105022508564?origin=resultslist,41 - 54,17,1,Review,Cited by: 0; All Open Access; Gold Open Access; Green Open Access,True,True,True
Dimitri2025,ARTICLE,Treatment of Hypothalamic Obesity With GLP-1 Analogs,"Dimitri, Paul and Roth, Christian L.",2025,Journal of the Endocrine Society,10.1210/jendso/bvae200,https://www.scopus.com/pages/publications/85216008240?origin=resultslist,,9,1,Review,Cited by: 24; All Open Access; Gold Open Access; Green Open Access,True,True,True
Sun2026,ARTICLE,Glucagon-like peptide-1 receptor agonists reduce major adverse cardiovascular events and worsening heart failure in patients with heart failure: an umbrella meta-analysis,"Sun, Changxin and Meng, Chuchuan and Yuan, Yongfang and Hu, Lanqing and Li, Xiaoya and Wu, Min and Liu, Longtao",2026,BMC Endocrine Disorders,10.1186/s12902-026-02246-6,https://www.scopus.com/pages/publications/105038853640?origin=resultslist,,26,1,Review,Cited by: 0; All Open Access; Gold Open Access; Green Open Access,True,True,True
Fan2025,ARTICLE,"GLP-1 as a regulator of sepsis outcomes: Insights into cellular metabolism, inflammation, and therapeutic potential","Fan, Weixuan and Zhang, Qiulei and Wang, Cong and Sun, Jian and Zhang, Jingxiao and Yin, Yongjie",2025,International Immunopharmacology,10.1016/j.intimp.2025.114390,https://www.scopus.com/pages/publications/86000282358?origin=resultslist,,152,,Review,Cited by: 10; All Open Access; Hybrid Gold Open Access,True,True,False
Paulo2025,ARTICLE,Beyond weight loss: a case study and narrative review of the potential role of glucagon-like peptide-1 receptor agonists for the treatment of idiopathic intracranial hypertension,"Paulo, Danilo Andriatti and Bursztyn, Lulu",2025,Annals of Eye Science,10.21037/aes-24-42,https://www.scopus.com/pages/publications/105018602546?origin=resultslist,,10,,Review,Cited by: 0; All Open Access; Gold Open Access,True,True,False
Fu2024,ARTICLE,Emerging role of antidiabetic drugs in cardiorenal protection,"Fu, Wen-Jia and Huo, Jin-Ling and Mao, Zi-Hui and Pan, Shao-Kang and Liu, Dong-Wei and Liu, Zhang-Suo and Wu, Peng and Gao, Zhong-Xiuzi",2024,Frontiers in Pharmacology,10.3389/fphar.2024.1349069,https://www.scopus.com/pages/publications/85185328367?origin=resultslist,,15,,Review,Cited by: 20; All Open Access; Gold Open Access; Green Open Access,True,True,True
Albulushi2025,ARTICLE,GLP-1 receptor agonists and pulmonary hypertension in diabetes: A promising therapeutic strategy,"Albulushi, Arif and El-Sharnouby, Khaled and Soror, Kareem and Alhajri, Noora and Imperator, Giuseppe",2025,American Heart Journal Plus: Cardiology Research and Practice,10.1016/j.ahjo.2025.100555,https://www.scopus.com/pages/publications/105006811288?origin=resultslist,,55,,Review,Cited by: 4; All Open Access; Gold Open Access; Green Open Access,True,True,True
Altami2026,ARTICLE,Glucagon-like Peptide-1 Receptor Agonists and Alcohol Use Outcomes: A Systematic Review of Clinical Evidence,"Altami, Ibrahim K. and Alabdulrahim, Eyad A. and Alfayez, Osamah M.",2026,Journal of Clinical Medicine,10.3390/jcm15124781,https://www.scopus.com/pages/publications/105042704876?origin=resultslist,,15,12,Review,Cited by: 0; All Open Access; Gold Open Access; Green Open Access,True,True,True
Beig2026183,ARTICLE,"GLP-1 Receptor Agonists and Endoscopy: Understanding Gastric Stasis, Aspiration Risk, and Contemporary Peri-Procedural Guidance","Beig, Junaid and Ta, Jason and Jones, Sophie and Scott, Emily and Sofi, Khalid and Osler, Frances and Jansen, Marije and Chhabra, Puneet",2026,Chronic Diseases and Translational Medicine,10.1002/cdt3.70059,https://www.scopus.com/pages/publications/105042083804?origin=resultslist,183 - 196,12,3,Review,Cited by: 0; All Open Access; Gold Open Access; Green Open Access,True,True,True
Pantea2024,ARTICLE,The Influence of GLP1 on Body Weight and Glycemic Management in Patients with Diabetes—A Scientometric Investigation and Visualization Study,"Pantea, Ileana and Repanovici, Angela and Andreescu, Oana",2024,Medicina (Lithuania),10.3390/medicina60111761,https://www.scopus.com/pages/publications/85210431543?origin=resultslist,,60,11,Review,Cited by: 11; All Open Access; Gold Open Access; Green Open Access,True,True,True
Al-Taweel2026,ARTICLE,Role of glucagon-like peptide-1 receptor agonists in type 2 diabetes-associated atherosclerosis: from vascular mechanism to omics-based biomarkers and imaging,"Al-Taweel, Raghad and Malki, Ahmed",2026,Frontiers in Cardiovascular Medicine,10.3389/fcvm.2026.1813873,https://www.scopus.com/pages/publications/105042264620?origin=resultslist,,13,,Review,Cited by: 0; All Open Access; Gold Open Access; Green Open Access,True,True,True
De Giorgi2025870,ARTICLE,Glucagon-like peptide-1 receptor agonists for major neurocognitive disorders,"De Giorgi, Riccardo and Ghenciulescu, Ana and Yotter, Courtney and Taquet, Maxime and Koychev, Ivan",2025,"Journal of Neurology, Neurosurgery and Psychiatry",10.1136/jnnp-2024-335593,https://www.scopus.com/pages/publications/105002367737?origin=resultslist,870 - 883,96,9,Review,Cited by: 33; All Open Access; Green Open Access; Hybrid Gold Open Access,True,True,True
Wang2024,ARTICLE,Anti-atherosclerotic effect of incretin receptor agonists,"Wang, Xin and Yang, Xin and Qi, Xiaoyan and Fan, Gang and Zhou, Lingzhi and Peng, Zhengliang and Yang, Jing",2024,Frontiers in Endocrinology,10.3389/fendo.2024.1463547,https://www.scopus.com/pages/publications/85208649098?origin=resultslist,,15,,Review,Cited by: 12; All Open Access; Gold Open Access; Green Open Access,True,True,True
Alhowail2026,ARTICLE,"Semaglutide in cognitive dysfunction: neuroprotective potential, clinical trial limitations, and a prevention-focused framework","Alhowail, Ahmad H. and Al Mouslem, Abdulaziz K. and Almatrafi, Mohammed A. and Aldubayan, Maha A.",2026,Frontiers in Aging Neuroscience,10.3389/fnagi.2026.1851072,https://www.scopus.com/pages/publications/105043308181?origin=resultslist,,18,,Review,Cited by: 0; All Open Access; Gold Open Access; Green Open Access,True,True,True
Zambrano-Villacres2026,ARTICLE,"Nutrition-First Support for GLP-1 and Dual Incretin Therapy in Obesity: A Practical Framework for Dietary Management, Symptom Tolerability, and Long-Term Weight Maintenance","Zambrano-Villacres, Raynier and Campuzano-Donoso, Martín and Reytor-González, Claudia and Rossetti, Gianluca and Cobellis, Luigi and Cobellis, Francesco and Pilone, Vincenzo and Simancas-Racines, Daniel and Schiavo, Luigi",2026,Nutrients,10.3390/nu18111751,https://www.scopus.com/pages/publications/105041368174?origin=resultslist,,18,11,Review,Cited by: 2; All Open Access; Gold Open Access; Green Open Access,True,True,True
Karacabeyli2026,ARTICLE,Cardioprotective mechanisms and effects of glucagon-like peptide-1 receptor agonists in autoimmune rheumatic diseases,"Karacabeyli, Derin and Lacaille, Diane",2026,Rheumatology,10.1093/rheumatology/keag147,https://www.scopus.com/pages/publications/105036818045?origin=resultslist,,65,4,Review,Cited by: 1; All Open Access; Green Open Access; Hybrid Gold Open Access,True,True,True
Lisco2025,ARTICLE,Incretin-Based Adjunct to Background Insulin Treatment for Managing Body Weight Excess in Type 1 Diabetes: An Expert Opinion Viewpoint From the Italian Association of Clinical Endocrinologists,"Lisco, Giuseppe and De Tullio, Anna and Disoteo, Olga Eugenia and Armigliato, Michela and Guastamacchia, Edoardo and Marucci, Simonetta and De Pergola, Giovanni and Papini, Enrico and Chianelli, Marco and Frasoldati, Andrea and De Geronimo, Vincenzo and Triggiani, Vincenzo",2025,Diabetes/Metabolism Research and Reviews,10.1002/dmrr.70073,https://www.scopus.com/pages/publications/105015421106?origin=resultslist,,41,6,Review,Cited by: 2; All Open Access; Green Open Access; Hybrid Gold Open Access,True,True,True
Petrie2025,ARTICLE,GLP-1 receptor agonists for the treatment of alcohol use disorder,"Petrie, Gavin N. and Mayo, Leah M.",2025,Journal of Clinical Investigation,10.1172/JCI192414,https://www.scopus.com/pages/publications/105004389839?origin=resultslist,,135,9,Review,Cited by: 8; All Open Access; Gold Open Access; Green Open Access,True,True,True
Li2026,ARTICLE,"Diabetic kidney disease: integrating multi-omics insights, artificial intelligence, and novel therapeutics for precision medicine","Li, Tao and Chen, Kaili and Sun, Yiting and Zhang, Linqi",2026,Frontiers in Genetics,10.3389/fgene.2026.1760654,https://www.scopus.com/pages/publications/105029084424?origin=resultslist,,17,,Review,Cited by: 5; All Open Access; Gold Open Access; Green Open Access,True,True,True
Park2025333,ARTICLE,Glucagon-Like Peptide-1 and Hypothalamic Regulation of Satiation: Cognitive and Neural Insights from Human and Animal Studies,"Park, Joon Seok and Kim, Kyu Sik and Choi, Hyung Jin",2025,Diabetes and Metabolism Journal,10.4093/dmj.2025.0106,https://www.scopus.com/pages/publications/105005473981?origin=resultslist,333 - 347,49,3,Review,Cited by: 32; All Open Access; Gold Open Access; Green Open Access,True,True,True
Checa-Ros2026,ARTICLE,Glucagon-like Peptide Receptor Agonists and Kidney Outcomes in the Era of Personalized Medicine: Focus on Albuminuria,"Checa-Ros, Ana and Okojie, Owahabanun Joshua and Wassouf, Jacob Gabriel and Yedean, Aida and Hsueh, Wei-Chung and Hebda, Patryk and Llobell, Esther Rodriguez and Muhmenthaler, Greta Bianca and Tran, Martin Duc-Duy and D’Marco, Luis",2026,Journal of Personalized Medicine,10.3390/jpm16020097,https://www.scopus.com/pages/publications/105031239601?origin=resultslist,,16,2,Review,Cited by: 2; All Open Access; Gold Open Access; Green Open Access,True,True,True
Alicic2025i3,ARTICLE,Combination therapy: an upcoming paradigm to improve kidney and cardiovascular outcomes in chronic kidney disease,"Alicic, Radica Z. and Neumiller, Joshua J. and Tuttle, Katherine R.",2025,Nephrology Dialysis Transplantation,10.1093/ndt/gfae212,https://www.scopus.com/pages/publications/85217864445?origin=resultslist,i3 - i17,40,Supplement_1,Review,Cited by: 52; All Open Access; Green Open Access; Hybrid Gold Open Access,True,True,True
Kim2026844,ARTICLE,Beyond Fat Loss: Addressing the Sarcopenia Challenge of Incretin-Based Therapies,"Kim, Ji Yoon and Kim, Nam Hoon",2026,Diabetes & metabolism journal,10.4093/dmj.2026.0702,https://www.scopus.com/pages/publications/105050205874?origin=resultslist,844 - 862,50,5,Review,Cited by: 0; All Open Access; Gold Open Access; Green Open Access,True,True,True
Lin2025289,ARTICLE,Glucagon-Like Peptide-1 Receptor Agonists in the Prevention of Ischemic Stroke: Therapeutic Potential and Mechanisms,"Lin, Zhenzong and Li, Zixiao and Jia, Qian",2025,Journal of Stroke,10.5853/jos.2025.00584,https://www.scopus.com/pages/publications/105018788046?origin=resultslist,289 - 301,27,3,Review,Cited by: 7; All Open Access; Gold Open Access; Green Open Access,True,True,True
Wang2026,ARTICLE,GLP-1-based combination strategies for weight loss: Multi-target agents and combination therapies,"Wang, Xinyao and Lin, Rutao and Sun, Qinmei and Xin, Xin and Feng, Qin",2026,Pharmacological Research,10.1016/j.phrs.2026.108331,https://www.scopus.com/pages/publications/105043643233?origin=resultslist,,230,,Review,Cited by: 0; All Open Access; Gold Open Access,True,True,False
Kanbay2025,ARTICLE,Gut microbiota modulation in GLP-1RA and SGLT-2i therapy: clinical implications and mechanistic insights in type 2 diabetes,"Kanbay, Mehmet and Al-Shiab, Rama and Shah, Ermeena and Ozbek, Lasin and Guldan, Mustafa and Ortiz, Alberto and Fouque, Denis",2025,Clinical Kidney Journal,10.1093/ckj/sfaf351,https://www.scopus.com/pages/publications/105025558404?origin=resultslist,,18,12,Review,Cited by: 14; All Open Access; Gold Open Access; Green Open Access,True,True,True
Cao2024,ARTICLE,Hunting for heroes: Brain neurons mediating GLP-1R agonists in obesity treatment,"Cao, Yuhan and Tong, Qingchun",2024,Obesity Medicine,10.1016/j.obmed.2024.100569,https://www.scopus.com/pages/publications/85210292130?origin=resultslist,,52,,Review,Cited by: 6; All Open Access; Green Open Access,True,False,True
Wang2026,ARTICLE,"Dietary Fiber and Glucagon-Like Peptide-1 Receptor Agonists in Obesity Management: Converging Mechanisms, Interactions, and Strategies for Durable Weight Control","Wang, Yuxin and Liu, Jiaxin and Verbeke, Kristin and Retamal, Naschla Gasaly and Akkerman, Renate and de Vos, Paul",2026,Advances in Nutrition,10.1016/j.advnut.2026.100647,https://www.scopus.com/pages/publications/105039768409?origin=resultslist,,17,6,Review,Cited by: 1; All Open Access; Green Open Access; Hybrid Gold Open Access,True,True,True
Xie2025,ARTICLE,Comparative gastrointestinal adverse effects of GLP-1 receptor agonists and multi-target analogs in type 2 diabetes: a Bayesian network meta-analysis,"Xie, Xingmiao and Yang, Shuiyuan and Deng, Shuzhen and Liu, Yuying and Xu, Zhibin and He, Binghong",2025,Frontiers in Pharmacology,10.3389/fphar.2025.1613610,https://www.scopus.com/pages/publications/105018484640?origin=resultslist,,16,,Review,Cited by: 36; All Open Access; Gold Open Access; Green Open Access,True,True,True
Bilal2026,ARTICLE,Efficacy and Safety of Glucagon-Like Peptide-1 Receptor Agonists Following Bariatric Surgery: A Systematic Review and Meta-Analysis,"Bilal, Abdur Rafay and Ibrahim, Muhammad and Arfin, S. M. Washaqul and Bilal, Abdur Raheem and Balach, Rahul and Qureshi, Shaheer and Gaba, Hateem and Collins, Peter and Ahmed, Raheel and Waqas, Saad Ahmed",2026,"Endocrinology, Diabetes and Metabolism",10.1002/edm2.70102,https://www.scopus.com/pages/publications/105030620115?origin=resultslist,,9,2,Review,Cited by: 1; All Open Access; Gold Open Access; Green Open Access,True,True,True
Barać2025,ARTICLE,GLP-1 Receptor Signaling and Oral Dysfunction: A Narrative Review on the Mechanistic Basis of Semaglutide-Related Oral Adverse Effects,"Barać, Milena and Roganović, Jelena",2025,Biology,10.3390/biology14121650,https://www.scopus.com/pages/publications/105025777978?origin=resultslist,,14,12,Review,Cited by: 12; All Open Access; Gold Open Access; Green Open Access,True,True,True
Rao2026442,ARTICLE,Antidiabetic Medications and Bladder Cancer Risk in Type 2 Diabetes: A Systematic Review and Meta-Analysis of Randomized Controlled Trials,"Rao, Yufeng and Meng, Shiqiu and Yu, Evan Yi-Wen and Chen, Yiming and van Alebeek, Remigius and Al-Zalabani, Abdulmohsen H. and Zeegers, Maurice P. and Wesselius, Anke",2026,Endocrine Practice,10.1016/j.eprac.2025.11.017,https://www.scopus.com/pages/publications/105028407050?origin=resultslist,442 - 454,32,3,Review,Cited by: 2; All Open Access; Green Open Access; Hybrid Gold Open Access,True,True,True
Huang2024E38236,ARTICLE,Gastrointestinal safety evaluation of semaglutide for the treatment of type 2 diabetes mellitus: A meta-analysis,"Huang, Xiaoyan and Wu, Miaohui and Lin, Jiaojiao and Mou, Lunpan and Zhang, Yaping and Jiang, Jianjia",2024,Medicine (United States),10.1097/MD.0000000000038236,https://www.scopus.com/pages/publications/85194219858?origin=resultslist,E38236,103,21,Review,Cited by: 4; All Open Access; Gold Open Access; Green Open Access,True,True,True
Cho2026464,ARTICLE,Engineered nutrient-stimulated hormonal multi-agonists for precision targeting of obesity and metabolic disorders,"Cho, Yun Kyung and Jung, Chang Hee",2026,Clinical and Molecular Hepatology,10.3350/cmh.2025.0744,https://www.scopus.com/pages/publications/105035845915?origin=resultslist,464 - 486,32,2,Review,Cited by: 2; All Open Access; Gold Open Access; Green Open Access,True,True,True
Belančić2026,ARTICLE,"Obesity, Low-Grade Chronic Inflammation, and Clinical Outcomes in Spondyloarthritis: A Translational Synthesis","Belančić, Andrej and Radić, Mislav and Rogoznica Pavlović, Marija and Vučković, Marijana and Prižmić, Petra Šimac and Gkrinia, Elvira Meni Maria and Radić, Josipa and Fajkić, Almir",2026,Metabolites,10.3390/metabo16050347,https://www.scopus.com/pages/publications/105040070442?origin=resultslist,,16,5,Review,Cited by: 1; All Open Access; Gold Open Access; Green Open Access,True,True,True
Scheen20254083,ARTICLE,Glucagon-like peptide-1 receptor agonists and alcohol use disorders: An emerging unexpected beneficial effect,"Scheen, André J.",2025,"Diabetes, Obesity and Metabolism",10.1111/dom.16453,https://www.scopus.com/pages/publications/105005113238?origin=resultslist,4083 - 4091,27,8,Review,Cited by: 14; All Open Access; Green Open Access,True,False,True
Sa202650,ARTICLE,Psychiatric effects of GLP-1 receptor agonists: A systematic review of emerging evidence,"Sa, Brianna and Maristany, Anthony and Subramaniam, Ashwin and Guillen, Ryan and Buonocore, Brooke and Smith, Audrey and Oldak, Sean E. and Padilla, Vanessa",2026,"Diabetes, Obesity and Metabolism",10.1111/dom.70198,https://www.scopus.com/pages/publications/105019591685?origin=resultslist,50 - 59,28,1,Review,Cited by: 15; All Open Access; Hybrid Gold Open Access,True,True,False
Zheng2024,ARTICLE,Glucagon-like peptide-1 receptor: mechanisms and advances in therapy,"Zheng, Zhikai and Zong, Yao and Ma, Yiyang and Tian, Yucheng and Pang, Yidan and Zhang, Changqing and Gao, Junjie",2024,Signal Transduction and Targeted Therapy,10.1038/s41392-024-01931-z,https://www.scopus.com/pages/publications/85204292599?origin=resultslist,,9,1,Review,Cited by: 934; All Open Access; Gold Open Access; Green Open Access,True,True,True
Winkelman2026481,ARTICLE,Glucagon-like Peptide-1 Receptor Agonists and Colorectal Cancer Risk,"Winkelman, Jeremy W. and Levine, Matthew J.",2026,AACE Endocrinology and Diabetes,10.1016/j.aed.2026.02.013,https://www.scopus.com/pages/publications/105035060269?origin=resultslist,481 - 487,13,3,Review,Cited by: 0; All Open Access; Green Open Access; Hybrid Gold Open Access,True,True,True
Albanese2025,ARTICLE,Ocular Effects of GLP-1 Receptor Agonists: A Review of Current Evidence and Safety Concerns,"Albanese, Giuseppe Maria and Visioli, Giacomo and Alisi, Ludovico and Giovannetti, Francesca and Lucchino, Luca and Armentano, Marta and Catania, Fiammetta and Marenco, Marco and Gharbiya, Magda",2025,Diabetology,10.3390/diabetology6100117,https://www.scopus.com/pages/publications/105020171948?origin=resultslist,,6,10,Review,Cited by: 8; All Open Access; Gold Open Access; Green Open Access,True,True,True
Yu202534,ARTICLE,Impact of glucagon-like peptide-1 receptor agonists on cutaneous events: A systematic review and meta-analysis,"Yu, Chun-Chiao and Xanthavanij, Nutchapon and Wang, Tsu Hsien and See, Xin Ya and Chang, Yu-Cheng and Chiang, Cho-Hung and Hsia, Yuan Ping and Chang, Ching-Chung and Yang, Kevin and Chiang, Cho-Han",2025,JAAD Reviews,10.1016/j.jdrv.2025.04.009,https://www.scopus.com/pages/publications/105018182499?origin=resultslist,34 - 36,5,,Review,Cited by: 6; All Open Access; Gold Open Access; Green Open Access,True,True,True
Cengiz Kaynakcı2026,ARTICLE,Potential role of postbiotics in supporting lean mass preservation and weight-loss sustainability during GLP-1–based anti-obesity therapy,"Cengiz Kaynakcı, Emel",2026,Frontiers in Nutrition,10.3389/fnut.2026.1794882,https://www.scopus.com/pages/publications/105038110645?origin=resultslist,,13,,Review,Cited by: 0; All Open Access; Gold Open Access; Green Open Access,True,True,True
Lopez Delgado2026,ARTICLE,Phenotypic and genomic frameworks for precision pharmacotherapy in obesity: a narrative review,"Lopez Delgado, Dario S. and Reyes-Zermeño, Miriam Gabriela and Lemus, Elian David Sanjuanelo and Acosta-Celis, Catherine G. and Kantún-Marín, María Amparo and Gomez-Lujan, Martín and Fallaza-Moya, Kevin Gabriel and Muñoz-Chuquilín, Oscar and Trujillo-Levano, Sandra and Gutierrez-Chavez, Giancarlo and Bonilla-Asalde, Cesar and Rivera-Lozada, Oriana and Barboza, Joshuan J.",2026,Frontiers in Medicine,10.3389/fmed.2026.1803474,https://www.scopus.com/pages/publications/105047094503?origin=resultslist,,13,,Review,Cited by: 0; All Open Access; Gold Open Access; Green Open Access,True,True,True
Hyung2026,ARTICLE,"Glucagon-like Peptide-1 Receptor Agonists and Chronic Pain: Preclinical Antinociceptive Mechanisms, Indirect Metabolic–Functional Effects, and Clinical Considerations—A Narrative Review","Hyung, Sung-Woo and Park, Ui Jin and Ryu, Jeong Hwan and Chung, Siwook",2026,Journal of Clinical Medicine,10.3390/jcm15155932,https://www.scopus.com/pages/publications/105047052193?origin=resultslist,,15,15,Review,Cited by: 0; All Open Access; Gold Open Access; Green Open Access,True,True,True
Kim20261766,ARTICLE,Clinical Knowns and Mechanistic Unknowns: Cardioprotection and Inflammation Modulation of GLP-1 Receptor Agonists and SGLT2 Inhibitors,"Kim, Ellis Y. and Feinstein, Matthew J.",2026,Canadian Journal of Cardiology,10.1016/j.cjca.2026.02.024,https://www.scopus.com/pages/publications/105035210787?origin=resultslist,1766 - 1780,42,8,Review,Cited by: 3; All Open Access; Green Open Access,True,False,True
Bykova2024,ARTICLE,Glucagon-like Peptide-1 Receptor Agonists in the Context of Pathophysiology of Diverse Heart Failure with Preserved Ejection Fraction Phenotypes: Potential Benefits and Mechanisms of Action,"Bykova, Aleksandra and Serova, Maria and Chashkina, Maria and Kosharnaya, Raisa and Salpagarova, Zukhra and Andreev, Denis and Giverts, Ilya",2024,Cardiac Failure Review,10.15420/CFR.2024.06,https://www.scopus.com/pages/publications/85208461516?origin=resultslist,,10,,Review,Cited by: 11; All Open Access; Gold Open Access; Green Open Access,True,True,True
Daniels2025301,ARTICLE,Glucagon-like peptide-1 receptor agonism and end-organ protection,"Daniels, Samuel and Karlsson, Cecilia and Schrauwen, Patrick and Parker, Victoria E.R.",2025,Trends in Endocrinology and Metabolism,10.1016/j.tem.2025.01.002,https://www.scopus.com/pages/publications/85217649616?origin=resultslist,301 - 315,36,4,Review,Cited by: 13; All Open Access; Hybrid Gold Open Access,True,True,False
Usman2025880,ARTICLE,Safety and efficacy of glucagon-like peptide 1 receptor agonists in solid organ transplant recipients with diabetes mellitus: a systematic review and meta-analysis,"Usman, Muhammad and Yu, Hao and Chen, Xutao and Zhan, Yihua and Lai, Cong and Xu, Kewei",2025,Kidney Research and Clinical Practice,10.23876/j.krcp.24.271,https://www.scopus.com/pages/publications/105022453723?origin=resultslist,880 - 898,44,6,Review,Cited by: 4; All Open Access; Gold Open Access; Green Open Access,True,True,True
Zaher2025115,ARTICLE,Exploring synergistic therapy for metabolic dysfunction-associated steatotic liver disease,"Zaher, Anas and Elsaygh, Hassan",2025,Przeglad Gastroenterologiczny,10.5114/pg.2025.151891,https://www.scopus.com/pages/publications/105009088691?origin=resultslist,115 - 120,20,2,Review,Cited by: 0; All Open Access; Gold Open Access; Green Open Access,True,True,True
Bucciarelli2025,ARTICLE,Psychotropic effects of GLP-1R agonists,"Bucciarelli, Loredana and Cimino, Vincenzo and Dell'Osso, Bernardo and Fiorina, Paolo",2025,Pharmacological Research,10.1016/j.phrs.2025.108036,https://www.scopus.com/pages/publications/105021871516?origin=resultslist,,222,,Review,Cited by: 11; All Open Access; Gold Open Access; Green Open Access,True,True,True
Siddiqui20256847,ARTICLE,Sex differences in the efficacy of GLP-1 receptor agonists: A systematic review and meta-analysis of cardiovascular and renal outcome trials,"Siddiqui, Hasan Fareed and Ali, Dua and Sajid, Maryam and Qureshi, Shaheer and Siddiqui, Hibah and Hasan, Ali and Ripley, David and Ahmed, Raheel and Waqas, Saad Ahmed",2025,"Diabetes, Obesity and Metabolism",10.1111/dom.70123,https://www.scopus.com/pages/publications/105015488140?origin=resultslist,6847 - 6856,27,12,Review,Cited by: 12; All Open Access; Hybrid Gold Open Access,True,True,False
Yang2025,ARTICLE,The role of GLP-1 receptor agonists in IBD-related surgery and IBD-related complications of inflammatory bowel disease among patients with metabolic comorbidities: a systematic review and meta-analysis,"Yang, Mengqi and Huo, Yujia and Liu, Zhining and Bai, Guannan and He, Dongjun and Zhang, Lin",2025,Frontiers in Medicine,10.3389/fmed.2025.1621958,https://www.scopus.com/pages/publications/105015194658?origin=resultslist,,12,,Review,Cited by: 5; All Open Access; Gold Open Access; Green Open Access,True,True,True
Li2024,ARTICLE,Efficacy and safety of GLP-1RAs for people with obesity: A systematic review based on RCT and Bayesian network meta-analysis,"Li, Hong and Yu, Guanzheng and Huang, Qi and Yang, Bao and Nie, Juan and Liu, Yinbei and Tu, Xing",2024,Biomedicine and Pharmacotherapy,10.1016/j.biopha.2024.116150,https://www.scopus.com/pages/publications/85182893065?origin=resultslist,,171,,Review,Cited by: 22; All Open Access; Gold Open Access,True,True,False
Gupta2026427,ARTICLE,Evolution of incretin-based therapies: From GLP-1 monotherapy to dual and triple agonists: A new era in metabolic therapy,"Gupta, Monika and Shukla, Jitendra",2026,Indian Journal of Medical Research,10.25259/IJMR_2041_2025,https://www.scopus.com/pages/publications/105037379147?origin=resultslist,427 - 435,163,4,Review,Cited by: 0; All Open Access; Gold Open Access; Green Open Access,True,True,True
Liu2024,ARTICLE,Comparative Efficacy and Safety of Glucagon-like Peptide-1 Receptor Agonists in Children and Adolescents with Obesity or Overweight: A Systematic Review and Network Meta-Analysis,"Liu, Ligang and Shi, Hekai and Shi, Yufei and Wang, Anlin and Guo, Nuojin and Tao, Heqing and Nahata, Milap C.",2024,Pharmaceuticals,10.3390/ph17070828,https://www.scopus.com/pages/publications/85199869792?origin=resultslist,,17,7,Review,Cited by: 33; All Open Access; Gold Open Access; Green Open Access,True,True,True
Ridha2024NP809,ARTICLE,Decoding the Implications of Glucagon-like Peptide-1 Receptor Agonists on Accelerated Facial and Skin Aging,"Ridha, Zainab and Fabi, Sabrina Guillen and Zubar, Raheel and Dayan, Steven H",2024,Aesthetic Surgery Journal,10.1093/asj/sjae132,https://www.scopus.com/pages/publications/85206396764?origin=resultslist,NP809 - NP818,44,11,Review,Cited by: 36; All Open Access; Bronze Open Access,True,False,False
Woo2026,ARTICLE,GLP-1 Receptor Agonists for Treating Alcohol Use Disorder: A Critical Review,"Woo, Sean and Zhu, Grace and Castro, Chrismely and Phuong, Allen and Roy, Aadita and Davis, Christal N. and Kranzler, Henry R.",2026,"Alcohol, Clinical and Experimental Research",10.1111/acer.70312,https://www.scopus.com/pages/publications/105038889752?origin=resultslist,,50,5,Review,Cited by: 0; All Open Access; Green Open Access; Hybrid Gold Open Access,True,True,True
Sharkey2025321,ARTICLE,Anti-obesity drugs for the gastroenterologist,"Sharkey, Lisa",2025,Frontline Gastroenterology,10.1136/flgastro-2024-102995,https://www.scopus.com/pages/publications/86000146472?origin=resultslist,321 - 329,16,4,Review,Cited by: 3; All Open Access; Bronze Open Access,True,False,False
Voros2026,ARTICLE,"A Systematic Review on GLP-1 Receptor Agonists in Reproductive Health: Integrating IVF Data, Ovarian Physiology and Molecular Mechanisms","Voros, Charalampos and Chatzinikolaou, Fotios and Papapanagiotou, Ioannis and Polykalas, Spyridon and Mavrogianni, Despoina and Koulakmanidis, Aristotelis-Marios and Athanasiou, Diamantis and Kanaka, Vasiliki and Bananis, Kyriakos and Athanasiou, Antonia and Athanasiou, Aikaterini and Papadimas, Georgios and Tsimpoukelis, Charalampos and Vaitsis, Dimitrios and Karpouzos, Athanasios and Daskalaki, Maria Anastasia and Kanakas, Nikolaos and Theodora, Marianna and Thomakos, Nikolaos and Antsaklis, Panagiotis and Loutradis, Dimitrios and Daskalakis, Georgios",2026,International Journal of Molecular Sciences,10.3390/ijms27020759,https://www.scopus.com/pages/publications/105028753678?origin=resultslist,,27,2,Review,Cited by: 12; All Open Access; Gold Open Access; Green Open Access,True,True,True
Alkhouri2025169,ARTICLE,The pleiotropic effects of glucagon-like peptide-1 receptor agonists in patients with metabolic dysfunction-associated steatohepatitis: a review for gastroenterologists,"Alkhouri, Naim and Charlton, Michael and Gray, Meagan and Noureddin, Mazen",2025,Expert Opinion on Investigational Drugs,10.1080/13543784.2025.2473062,https://www.scopus.com/pages/publications/105000330224?origin=resultslist,169 - 195,34,3,Review,Cited by: 26; All Open Access; Bronze Open Access,True,False,False
Brogaard2026,ARTICLE,Clinical and mechanistic effects of GLP-1 receptor agonists in hidradenitis suppurativa and comorbidities,"Brogaard, Emma and Nielsen, Valdemar Wendelboe and Pedersen, Nadja Højgaard and Holgersen, Nikolaj and Thomsen, Simon Francis",2026,Science Progress,10.1177/00368504261464855,https://www.scopus.com/pages/publications/105043796309?origin=resultslist,,109,3,Review,Cited by: 0; All Open Access; Gold Open Access; Green Open Access,True,True,True
Wang202547,ARTICLE,Current Status of Glucagon-like Peptide-1 Receptor Agonists in Metabolic Dysfunction-associated Steatotic Liver Disease: A Clinical Perspective,"Wang, Ming-Wang and Lu, Lun-Gen",2025,Journal of Clinical and Translational Hepatology,10.14218/JCTH.2024.00271,https://www.scopus.com/pages/publications/85215416091?origin=resultslist,47 - 61,13,1,Review,Cited by: 12; All Open Access; Gold Open Access; Green Open Access,True,True,True
Rea2025,ARTICLE,GLP-1 receptor agonists and pancreatic beta cell apoptosis in diabetes mellitus: a systematic review and meta-analysis of preclinical studies,"Rea, Nicolas and Ramdass, Prakash V. A. K.",2025,Frontiers in Clinical Diabetes and Healthcare,10.3389/fcdhc.2025.1579961,https://www.scopus.com/pages/publications/105015960543?origin=resultslist,,6,,Review,Cited by: 11; All Open Access; Gold Open Access; Green Open Access,True,True,True
Leach2026,ARTICLE,A rapid review of the effects of GLP-1 receptor agonists on opioid and stimulant use-related outcomes,"Leach, Marisa and Marziali, Megan E. and Parashar, Surita and Bondy, Greg and Guillemi, Silvia and Harris, Marianne and Hull, Mark and Stone, Sarah and Kooij, Katherine W. and Hogg, Robert S. and Montaner, Julio S.G.",2026,Drug and Alcohol Dependence Reports,10.1016/j.dadr.2026.100440,https://www.scopus.com/pages/publications/105037946811?origin=resultslist,,19,,Review,Cited by: 0; All Open Access; Gold Open Access; Green Open Access,True,True,True
Aoun2024,ARTICLE,GLP-1 receptor agonists: A novel pharmacotherapy for binge eating (Binge eating disorder and bulimia nervosa)? A systematic review,"Aoun, Laurence and Almardini, Shaza and Saliba, Fares and Haddadin, Fadi and Mourad, Omar and Jdaidani, Jennifer and Morcos, Zeina and Al Saidi, Ibrahim and Bou Sanayeh, Elie and Saliba, Saliba and Almardini, Michel and Zaidan, Julie",2024,Journal of Clinical and Translational Endocrinology,10.1016/j.jcte.2024.100333,https://www.scopus.com/pages/publications/85186961437?origin=resultslist,,35,,Review,Cited by: 80; All Open Access; Gold Open Access; Green Open Access,True,True,True
Shao2026,ARTICLE,Research progress on oral glucagon-like peptide-1 receptor agonists in the treatment of diabetes mellitus type 2,"Shao, Qian and Xiong, Juan and Wu, Jing and Mao, Jingxin and Hu, Qing",2026,Frontiers in Molecular Biosciences,10.3389/fmolb.2025.1729904,https://www.scopus.com/pages/publications/105027966145?origin=resultslist,,12,,Review,Cited by: 3; All Open Access; Gold Open Access; Green Open Access,True,True,True
Avogaro20261297,ARTICLE,The combination of glucagon-like peptide-1 receptor agonists and sodium–glucose cotransporter-2 inhibitors: a narrative review of existing meta-analysis,"Avogaro, Angelo and Neccia, Matteo and Delfini, Marina and Franculli, Aldo and Enea, Giulia and Magli, Anna and Bemporad, Joshua and Fadini, Gian Paolo",2026,Acta Diabetologica,10.1007/s00592-026-02666-9,https://www.scopus.com/pages/publications/105030529149?origin=resultslist,1297 - 1303,63,8,Review,Cited by: 3; All Open Access; Green Open Access; Hybrid Gold Open Access,True,True,True
Lee2025,ARTICLE,Glucagon-like Peptide-1 receptor agonists for the prevention and treatment of Parkinson's disease,"Lee, Serene and Yin, Liyang and Xiao, Naomi and Rhee, Taeho Greg and Lo, Heidi K.Y. and Wong, Sabrina and Fox, Susan and Teopiz, Kayla and Lam, Bess Yin-Hung and Zheng, Yang Jing and Le, Gia Han and Mansur, Rodrigo B. and Rosenblat, Joshua D. and McIntyre, Roger S.",2025,CNS Spectrums,10.1017/S109285292510031X,https://www.scopus.com/pages/publications/105008554852?origin=resultslist,,30,1,Review,Cited by: 5; All Open Access; Green Open Access; Hybrid Gold Open Access,True,True,True
Sawami2024,ARTICLE,Updated evidence on cardiovascular and renal effects of GLP-1 receptor agonists and combination therapy with SGLT2 inhibitors and finerenone: a narrative review and perspectives,"Sawami, Kosuke and Tanaka, Atsushi and Node, Koichi",2024,Cardiovascular Diabetology,10.1186/s12933-024-02500-y,https://www.scopus.com/pages/publications/85209371107?origin=resultslist,,23,1,Review,Cited by: 29; All Open Access; Gold Open Access; Green Open Access,True,True,True
Tobaiqy2026,ARTICLE,"Adverse Events Associated with Incretin-Based Therapies: A Narrative Review on Mechanisms, Clinical Management, and Risk Mitigation","Tobaiqy, Mansour and Alqutub, Sulafa Tarek",2026,"Drug Design, Development and Therapy",10.2147/DDDT.S622972,https://www.scopus.com/pages/publications/105046508014?origin=resultslist,,20,,Review,Cited by: 0; All Open Access; Gold Open Access; Green Open Access,True,True,True
Haller2024,ARTICLE,Incretin therapy in feline diabetes mellitus – A review of the current state of research,"Haller, Nina and Lutz, Thomas A.",2024,Domestic Animal Endocrinology,10.1016/j.domaniend.2024.106869,https://www.scopus.com/pages/publications/85195543600?origin=resultslist,,89,,Review,Cited by: 4; All Open Access; Green Open Access; Hybrid Gold Open Access,True,True,True
Berg2025,ARTICLE,Discontinuing glucagon-like peptide-1 receptor agonists and body habitus: A systematic review and meta-analysis,"Berg, Sara and Stickle, Hannah and Rose, Suzanne J. and Nemec, Eric C.",2025,Obesity Reviews,10.1111/obr.13929,https://www.scopus.com/pages/publications/105001693006?origin=resultslist,,26,8,Review,Cited by: 84; All Open Access; Bronze Open Access,True,False,False
Bilal2026,ARTICLE,Efficacy and safety of GLP-1RA on cardio-metabolic outcomes in overweight or obese Chinese adults: a systematic review and meta-analysis,"Bilal, Abdur Rafay and Sajid, Maryam and Arfin, S. M Washaqul and Bilal, Abdur Raheem and Gaba, Hateem and Qureshi, Shaheer and Farooq, Zubair and Inam, Muhammad Haris and Aminpoor, Hasibullah and Waqas, Saad Ahmed",2026,Journal of Diabetes and Metabolic Disorders,10.1007/s40200-026-02000-8,https://www.scopus.com/pages/publications/105044052054?origin=resultslist,,25,2,Review,Cited by: 0; All Open Access; Green Open Access,True,False,True
Grigson2026823,ARTICLE,Glucagon-Like Peptide-1 Receptor Agonists as a Candidate Treatment for Opioid Use Disorder: From Rats to Humans,"Grigson, Patricia Sue and Bunce, Scott C. and Brick, Timothy R. and Freet, Christopher S. and Nyland, Jennifer E. and Kawasaki, Sarah S. and Brandl, Christopher G. and Shealy, Elise and Huddleston, Kendall",2026,Biological Psychiatry,10.1016/j.biopsych.2026.06.033,https://www.scopus.com/pages/publications/105047915624?origin=resultslist,823 - 830,100,8,Review,Cited by: 0; All Open Access; Hybrid Gold Open Access,True,True,False
Sinclair2026,ARTICLE,Demographic Mix of Care Homes and Personalised Use of SGLT-2 Inhibitors and GLP-1RAs in Residents with Type 2 Diabetes Mellitus,"Sinclair, Alan J. and Waseem, Fiza and Abdelhafiz, Ahmed H.",2026,Journal of Personalized Medicine,10.3390/jpm16020062,https://www.scopus.com/pages/publications/105031254198?origin=resultslist,,16,2,Review,Cited by: 0; All Open Access; Gold Open Access; Green Open Access,True,True,True
Pavlova2025119,ARTICLE,Semaglutide: Multilevel organ protection in type 2 diabetes – from the heart and kidneys to peripheral vessels; [Семаглутид: многоуровневая органопротекция при сахарном диабете 2-го типа –от сердца и почек до периферических сосудов],"Pavlova, Maria G.",2025,Meditsinskiy Sovet,10.21518/ms2025-475,https://www.scopus.com/pages/publications/105030840330?origin=resultslist,119 - 126,,16,Review,Cited by: 0; All Open Access; Gold Open Access,True,True,False
Luconi2025691,ARTICLE,Repurposing glucose-lowering drugs for cancer therapy,"Luconi, Michaela and Cantini, Giulia and Crescioli, Clara",2025,Trends in Cancer,10.1016/j.trecan.2025.04.010,https://www.scopus.com/pages/publications/105005374170?origin=resultslist,691 - 710,11,7,Review,Cited by: 16; All Open Access; Green Open Access; Hybrid Gold Open Access,True,True,True
Kamrul-Hasan2024,ARTICLE,Pancreatic Safety of Tirzepatide and Its Effects on Islet Cell Function: A Systematic Review and Meta-Analysis,"Kamrul-Hasan, A.B.M. and Mondal, Sunetra and Dutta, Deep and Nagendra, Lakshmi and Kabir, Mohammed Ruhul and Pappachan, Joseph M.",2024,Obesity Science and Practice,10.1002/osp4.70032,https://www.scopus.com/pages/publications/85212876965?origin=resultslist,,10,6,Review,Cited by: 8; All Open Access; Gold Open Access; Green Open Access,True,True,True
Hammad2025,ARTICLE,Exploring the multifaceted roles of GLP-1 receptor agonists; a comprehensive review,"Hammad, Bisma Fatima and Zafar, Nimrah and Ullah, Muneeb and Faisal, Syeda Jazilah and Iftikhar, Fizzah and Waheed, Haadia and Muzaffar, Muhammad Waleed and Ahmed, Khadija and Ashraf, Faz and Zahid, Komal and Akhtar, Maimoona and Mahmmoud Fadelallah Eljack, Mohammed",2025,Frontiers in Clinical Diabetes and Healthcare,10.3389/fcdhc.2025.1590530,https://www.scopus.com/pages/publications/105011342006?origin=resultslist,,6,,Review,Cited by: 9; All Open Access; Gold Open Access; Green Open Access,True,True,True
Xu2026,ARTICLE,Molecular evidence associating GLP-1 receptor agonists and brain-derived neurotrophic factors in neurodegenerative and psychiatric disorders: A systematic review,"Xu, Tianyi and Zheng, Yang Jing and Wong, Sabrina and Dri, Christine E. and Zhou, Xin Tong and Teopiz, Kayla M. and Le, Gia Han and McIntyre, Roger S.",2026,Asian Journal of Psychiatry,10.1016/j.ajp.2026.104870,https://www.scopus.com/pages/publications/105028942605?origin=resultslist,,117,,Review,Cited by: 4; All Open Access; Hybrid Gold Open Access,True,True,False
Shen2026,ARTICLE,Medication Safety and Perioperative Risk Management of GLP-1 Receptor Agonists: A Pharmacist-Led Framework for Individualized Care,"Shen, Naitao and Zhu, Chenyang and Wang, Fengqing and Wu, Miaolian",2026,Therapeutics and Clinical Risk Management,10.2147/TCRM.S623743,https://www.scopus.com/pages/publications/105048234100?origin=resultslist,,22,,Review,Cited by: 0; All Open Access; Gold Open Access; Green Open Access,True,True,True
Facciorusso2025715,ARTICLE,Effects of Glucagon-Like Peptide-1 Receptor Agonists on Upper Gastrointestinal Endoscopy: A Meta-Analysis,"Facciorusso, Antonio and Ramai, Daryl and Dhar, Jahnvi and Samanta, Jayanta and Chandan, Saurabh and Gkolfakis, Paraskevas and Crinò, Stefano Francesco and Maida, Marcello and Anderloni, Andrea and Boskoski, Ivo and Triantafyllou, Konstantinos and Dinis-Ribeiro, Mario and Hassan, Cesare and Fuccio, Lorenzo and Arvanitakis, Marianna",2025,Clinical Gastroenterology and Hepatology,10.1016/j.cgh.2024.07.021,https://www.scopus.com/pages/publications/85203255754?origin=resultslist,715 - 725.e3,23,5,Review,Cited by: 43; All Open Access; Green Open Access; Hybrid Gold Open Access,True,True,True
Llinares-Arvelo2025,ARTICLE,Targeting Sarcopenia in CKD: The Emerging Role of GLP-1 Receptor Agonists,"Llinares-Arvelo, Vicente and Martínez-Alberto, Carlos E. and González-Luis, Ainhoa and Macía-Heras, Manuel and Siverio-Morales, Orlando and Navarro-González, Juan F. and Donate-Correa, Javier",2025,International Journal of Molecular Sciences,10.3390/ijms26168096,https://www.scopus.com/pages/publications/105014255430?origin=resultslist,,26,16,Review,Cited by: 7; All Open Access; Gold Open Access; Green Open Access,True,True,True
Ntikoudi2025,ARTICLE,"Metabolic-Associated Steatotic Liver Disease (MASLD) and Type 2 Diabetes: Mechanisms, Diagnostic Approaches, and Therapeutic Interventions","Ntikoudi, Anastasia and Papachristou, Anastasia and Tsalkitzi, Afroditi and Margari, Nikoletta and Evangelou, Eleni and Vlachou, Eugenia",2025,Diabetology,10.3390/diabetology6040023,https://www.scopus.com/pages/publications/105003449586?origin=resultslist,,6,4,Review,Cited by: 9; All Open Access; Gold Open Access; Green Open Access,True,True,True
Dahshan2026,ARTICLE,"Glucagon-like peptide-1 receptor agonists in movement disorders: From Parkinson's disease to the broader spectrum — Mechanisms, evidence, and future directions","Dahshan, Ahmed and Khalil, Marwa Ibrahim Mahfouz and El-Jaafary, Shaimaa I. and Al Yamani, Ahmed",2026,Clinical Parkinsonism and Related Disorders,10.1016/j.prdoa.2026.100461,https://www.scopus.com/pages/publications/105041392260?origin=resultslist,,15,,Review,Cited by: 1; All Open Access; Gold Open Access; Green Open Access,True,True,True
Lu2026,ARTICLE,Glucagon-like peptide-1 and dual/triple receptor agonists in the treatment of metabolic dysfunction-associated steatotic liver disease: advances in mechanistic research,"Lu, Xinyi and Yang, Li",2026,Frontiers in Medicine,10.3389/fmed.2026.1763185,https://www.scopus.com/pages/publications/105031056712?origin=resultslist,,13,,Review,Cited by: 3; All Open Access; Gold Open Access; Green Open Access,True,True,True
Bi2026,ARTICLE,Glucagon-like peptide-1 receptor agonists and risk of depression: a systematic review and meta-analysis,"Bi, Zheng and Jiao, Zhiyu and Li, Jinju and Fang, Zhaohui",2026,BMC Psychiatry,10.1186/s12888-026-08016-x,https://www.scopus.com/pages/publications/105038431761?origin=resultslist,,26,1,Review,Cited by: 0; All Open Access; Gold Open Access; Green Open Access,True,True,True
Bhat2025,ARTICLE,Efficacy and safety of incretin co-agonists: Transformative advances in cardiometabolic healthcare,"Bhat, Sowrabha and Fernandez, Cornelius J. and Lakshmi, Vijaya and Pappachan, Joseph M.",2025,World Journal of Cardiology,10.4330/wjc.v17.i8.107991,https://www.scopus.com/pages/publications/105013851652?origin=resultslist,,17,8,Review,Cited by: 3; All Open Access; Gold Open Access; Green Open Access,True,True,True
Mostafa2024,ARTICLE,"Risk of bone fracture by using dipeptidyl peptidase-4 inhibitors, glucagon-like peptide-1 receptor agonists, or sodium-glucose cotransporter-2 inhibitors in patients with type 2 diabetes mellitus: a network meta-analysis of population-based cohort studies","Mostafa, Mohamed E. A. and Alrasheed, Tariq",2024,Frontiers in Endocrinology,10.3389/fendo.2024.1410883,https://www.scopus.com/pages/publications/85207517192?origin=resultslist,,15,,Review,Cited by: 10; All Open Access; Gold Open Access; Green Open Access,True,True,True
Suter2025,ARTICLE,The Role of GLP-1RA Medications in Medical Weight Loss and the Positive Impacts on Lipid Management,"Suter, Blair and Rhodes, Allison and Bigeh, Allison and Frommeyer, Timothy and Mehta, Laxmi S.",2025,Current Cardiovascular Risk Reports,10.1007/s12170-025-00761-0,https://www.scopus.com/pages/publications/105000828951?origin=resultslist,,19,1,Review,Cited by: 2; All Open Access; Hybrid Gold Open Access,True,True,False
Kuthati2025,ARTICLE,Therapeutic Effects of GLP-1 Receptor Agonists and DPP-4 Inhibitors in Neuropathic Pain: Mechanisms and Clinical Implications,"Kuthati, Yaswanth and Davuluri, Venkata Naga Goutham and Wong, Chih-Shung",2025,Biomolecules,10.3390/biom15050622,https://www.scopus.com/pages/publications/105006920234?origin=resultslist,,15,5,Review,Cited by: 28; All Open Access; Gold Open Access; Green Open Access,True,True,True
Aguado2026,ARTICLE,Exploring the therapeutic potential of GLP-1 receptor agonists in pulmonary arterial hypertension,"Aguado, Benoit and Lacoste-Palasset, Thomas and Ruffenach, Grégoire and Bauer, Fabrice and Savale, Laurent and Humbert, Marc and Montani, David and Antigny, Fabrice",2026,ERJ Open Research,10.1183/23120541.01479-2025,https://www.scopus.com/pages/publications/105045468562?origin=resultslist,,12,3,Review,Cited by: 0; All Open Access; Gold Open Access; Green Open Access,True,True,True
Dalbeni2025,ARTICLE,Glucagon-Like Peptide-1 Receptor Agonists and Hepatocellular Carcinoma Prevention: A Meta-Analysis and Clinical Decision Framework,"Dalbeni, Andrea and Vicardi, Marco and Natola, Leonardo Antonio and Cattazzo, Filippo and Auriemma, Alessandra and Lombardi, Rosa and Cinque, Felice and Dalle Carbonare, Luca and Mantovani, Alessandro and Sacerdoti, David",2025,Cancer Medicine,10.1002/cam4.71434,https://www.scopus.com/pages/publications/105024486755?origin=resultslist,,14,24,Review,Cited by: 6; All Open Access; Gold Open Access; Green Open Access,True,True,True
Abdelrahman2025,ARTICLE,Harnessing GLP-1 Receptor Agonists for Obesity Treatment: Prospects and Obstacles on the Horizon,"Abdelrahman, Riad Mohammed and Musa, Taha Hussein and Arbab, Ismail Adam and Suliman, Mohsen Hussein and Ahmed, Eltieb Omer and Mohamed, Asma Noureldaim and Musa, Hassan Hussein and Jalal, Mohammed and Gasmallah, Sahar Ibrahim",2025,Journal of Obesity,10.1155/jobe/9919810,https://www.scopus.com/pages/publications/105022736599?origin=resultslist,,2025,1,Review,Cited by: 11; All Open Access; Gold Open Access; Green Open Access,True,True,True
Doumani2024,ARTICLE,GLP-1 Receptor Agonists and Diabetic Kidney Disease: A Game Charger in the Field?,"Doumani, Georgia and Theofilis, Panagiotis and Tsimihodimos, Vasilis and Kalaitzidis, Rigas G.",2024,Life,10.3390/life14111478,https://www.scopus.com/pages/publications/85210449360?origin=resultslist,,14,11,Review,Cited by: 4; All Open Access; Gold Open Access; Green Open Access,True,True,True
Buonanno2025,ARTICLE,The potential role of GLP-1 receptor agonists in the management of psoriatic disease: a scoping review,"Buonanno, Simona and Gaggiano, Carla and Terribili, Riccardo and Cantarini, Luca and Frediani, Bruno and Gentileschi, Stefano",2025,Inflammation Research,10.1007/s00011-025-02140-2,https://www.scopus.com/pages/publications/105022521800?origin=resultslist,,74,1,Review,Cited by: 13; All Open Access; Green Open Access; Hybrid Gold Open Access,True,True,True
La Vignera2026,ARTICLE,Personalization of incretin therapy: can GLP-1 and GIP receptor polymorphisms influence therapy response?,"La Vignera, Sandro and Condorelli, Rosita A",2026,Journal of the Endocrine Society,10.1210/jendso/bvag149,https://www.scopus.com/pages/publications/105045224912?origin=resultslist,,10,8,Review,Cited by: 0; All Open Access; Gold Open Access; Green Open Access,True,True,True
Khashayar2024,ARTICLE,Hypoglycemic agents and bone health; an umbrella systematic review of the clinical trials’ meta-analysis studies,"Khashayar, Pouria and Rad, Farid Farahani and Tabatabaei-Malazy, Ozra and Golabchi, Sara MohammadHosseinzadeh and Khashayar, Patricia and Mohammadi, Mehdi and Ebrahimpour, Sholeh and Larijani, Bagher",2024,Diabetology and Metabolic Syndrome,10.1186/s13098-024-01518-2,https://www.scopus.com/pages/publications/85212756386?origin=resultslist,,16,1,Review,Cited by: 6; All Open Access; Gold Open Access; Green Open Access,True,True,True
Deng2024,ARTICLE,First-line treatment with sodium-glucose cotransporter 2 inhibitors and glucagon-like peptide-1 receptor agonists in type 2 diabetic population at low risk of cardiovascular disease: a meta-analysis,"Deng, Rui and Mei, Kaibo and Song, Tiangang and Huang, Jinyi and Wu, Yifan and Yu, Peng and Yan, Zhiwei and Liu, Xiao",2024,Frontiers in Endocrinology,10.3389/fendo.2024.1289643,https://www.scopus.com/pages/publications/85185270286?origin=resultslist,,15,,Review,Cited by: 5; All Open Access; Gold Open Access; Green Open Access,True,True,True
Kuchakulla20269,ARTICLE,Impact of GLP-1 Receptor Agonists on Male Fertility: Emerging Evidence and Future Directions,"Kuchakulla, Manish and Poppas, Phillip J. and Wald, Gal and Masterson, John M. and Gurayah, Aaron A. and Bhambhvani, Hriday P. and Kashanian, James A.",2026,Urology,10.1016/j.urology.2025.09.038,https://www.scopus.com/pages/publications/105045519737?origin=resultslist,9 - 17,213,,Review,Cited by: 5; All Open Access; Green Open Access,True,False,True
Schmitz2026625,ARTICLE,GLP-1 receptor agonists for kidney transplant recipients,"Schmitz, Sarah H and Orandi, Babak J",2026,Nephrology Dialysis Transplantation,10.1093/ndt/gfaf199,https://www.scopus.com/pages/publications/105034768443?origin=resultslist,625 - 635,41,4,Review,Cited by: 5; All Open Access; Green Open Access,True,False,True
Saldívar-Cerón2025,ARTICLE,Oral Small-Molecule GLP-1 Receptor Agonists: Mechanistic Insights and Emerging Therapeutic Strategies,"Saldívar-Cerón, Héctor Iván and Vargas-Camacho, Jorge Arturo and León-Cabrera, Sonia and Briseño-Díaz, Paola and Castañeda-Ramírez, Ari Evelyn and Muciño-Galicia, Axel Eduardo and Díaz-Domínguez, María Regina",2025,Scientia Pharmaceutica,10.3390/scipharm93020026,https://www.scopus.com/pages/publications/105008899220?origin=resultslist,,93,2,Review,Cited by: 16; All Open Access; Gold Open Access; Green Open Access,True,True,True
McIntyre2026896,ARTICLE,Glucagon-Like Peptide-1 Receptor Agonists for Mood Disorders and Suicide Risk,"McIntyre, Roger S.",2026,Biological Psychiatry,10.1016/j.biopsych.2026.04.019,https://www.scopus.com/pages/publications/105041645467?origin=resultslist,896 - 904,100,8,Review,Cited by: 1; All Open Access; Hybrid Gold Open Access,True,True,False
Marassi2025102,ARTICLE,Real-world Evidence on Oral Semaglutide for the Management of Type 2 Diabetes. A Narrative Review for Clinical Practice,"Marassi, M. and Fadini, G.P.",2025,Clinical Therapeutics,10.1016/j.clinthera.2024.11.005,https://www.scopus.com/pages/publications/85210757157?origin=resultslist,102 - 110,47,1,Review,Cited by: 22; All Open Access; Green Open Access; Hybrid Gold Open Access,True,True,True
Morales20251977,ARTICLE,How to individualize renoprotective therapy in obese patients with chronic kidney disease: a commentary by the Diabesity Working Group of the ERA,"Morales, Enrique and Martin, William P. and Bevc, Sebastjan and Jenssen, Trond G. and Miglinas, Marius and Trillini, Matias",2025,Nephrology Dialysis Transplantation,10.1093/ndt/gfaf069,https://www.scopus.com/pages/publications/105017448969?origin=resultslist,1977 - 1988,40,10,Review,Cited by: 6; All Open Access; Green Open Access; Hybrid Gold Open Access,True,True,True
Grandone20251985,ARTICLE,Preoperative weight loss by noninvasive approach in patients with obesity scheduled for bariatric and metabolic surgery: an update narrative review of indications and results available until 2024,"Grandone, Ilenia and Nannipieri, Monica and Conte, Caterina and Cava, Edda and Schiavo, Luigi",2025,Updates in Surgery,10.1007/s13304-025-02198-x,https://www.scopus.com/pages/publications/105002395010?origin=resultslist,1985 - 1999,77,7,Review,Cited by: 8; All Open Access; Green Open Access; Hybrid Gold Open Access,True,True,True
Miousse2025C1822,ARTICLE,GLP-1 receptor agonists in the context of cancer: the road ahead,"Miousse, Isabelle R.",2025,American Journal of Physiology - Cell Physiology,10.1152/ajpcell.00245.2025,https://www.scopus.com/pages/publications/105005508417?origin=resultslist,C1822 - C1828,328,6,Review,Cited by: 12; All Open Access; Bronze Open Access; Green Open Access,True,False,True
Bushi2025,ARTICLE,Association of GLP-1 Receptor Agonists With Risk of Suicidal Ideation and Behaviour: A Systematic Review and Meta-Analysis,"Bushi, Ganesh and Khatib, Mahalaqua Nazli and Rohilla, Shivam and Singh, Mahendra Pratap and Uniyal, Nidhi and Ballal, Suhas and Bansal, Pooja and Bhopte, Kiran and Gupta, Manika and Gaidhane, Abhay M. and Tomar, Balvir S. and Ashraf, Ayash and Ravi Kumar, M. and Chauhan, Ashish Singh and Sah, Sanjit and Serhan, Hashem Abu and Shabil, Muhammed",2025,Diabetes/Metabolism Research and Reviews,10.1002/dmrr.70037,https://www.scopus.com/pages/publications/85217657863?origin=resultslist,,41,2,Review,Cited by: 22; All Open Access; Green Open Access; Hybrid Gold Open Access,True,True,True
Ali2026,ARTICLE,Glucagon-like peptide-1 receptor agonists as potential preventive and therapeutic agents in ischemic stroke,"Ali, Muhammad and Yang, Meng and Eide, Sarah and Sun, Hong-Shuo and Jin, Tianru and Feng, Zhong-Ping",2026,Advanced Neurology,10.36922/AN025150027,https://www.scopus.com/pages/publications/105037167181?origin=resultslist,,5,2,Review,Cited by: 0; All Open Access; Hybrid Gold Open Access,True,True,False
Asif2025,ARTICLE,Incidence of Glaucoma in Type 2 Diabetes Patients Treated With GLP-1 Receptor Agonists: A Systematic Review and Meta-Analysis,"Asif, Maheen and Asif, Aliza and Rahman, Ummi Aiman and Farooqi, Hanzala Ahmed and Fatima, Oshaz and Ali, Waqar and Jafar, Uzair and Jaber, Mohammed Hammad",2025,"Endocrinology, Diabetes and Metabolism",10.1002/edm2.70059,https://www.scopus.com/pages/publications/105007759993?origin=resultslist,,8,4,Review,Cited by: 6; All Open Access; Gold Open Access; Green Open Access,True,True,True
Albor2026,ARTICLE,The Role of GLP1 Receptor Agonists and Multi-agonist Incretin Therapies for Specific Obesity-related Health Conditions: Evidence and Rationale for Prioritisation,"Albor, Christo and Anyiam, Oluwaseun and Boyle, Luke D. and Makaronidis, Janine and Tan, Rachael and Iftikhar, Sahar and Burzic, Amna and Lajeunesse Trempe, Fannie and Stanley, Moira and Bhatti, Aniqah and Scragg, Jadine and Badawy, Layla and Moqeem, Komal and Idris, Iskandar and Andrews, Rob C. and Sen Gupta, Piya and Hughes, David and McCullough, Katherine and Tan, Tricia and McGowan, Barbara",2026,Current Obesity Reports,10.1007/s13679-026-00707-6,https://www.scopus.com/pages/publications/105034957916?origin=resultslist,,15,1,Review,Cited by: 3; All Open Access; Green Open Access,True,False,True
Trevella2024457,ARTICLE,Potential kidney protective effects of glucagon-like peptide-1 receptor agonists,"Trevella, Philippa and Ekinci, Elif I. and MacIsaac, Richard J.",2024,Nephrology,10.1111/nep.14336,https://www.scopus.com/pages/publications/85196555329?origin=resultslist,457 - 469,29,8,Review,Cited by: 19; All Open Access; Hybrid Gold Open Access,True,True,False
Zheng2025,ARTICLE,A systematic review on the role of glucagon-like peptide-1 receptor agonists on alcohol-related behaviors: Potential therapeutic strategy for alcohol use disorder,"Zheng, Yang Jing and Soegiharto, Crystaleene and Au, Hezekiah C.T. and Valentino, Kyle and Le, Gia Han and Wong, Sabrina and Teopiz, Kayla M. and Rhee, Taeho Greg and Guillen-Burgos, Hernan F. and Cao, Bing and McIntyre, Roger S.",2025,Acta Neuropsychiatrica,10.1017/neu.2025.6,https://www.scopus.com/pages/publications/85219003020?origin=resultslist,,37,,Review,Cited by: 21; All Open Access; Green Open Access; Hybrid Gold Open Access,True,True,True
Liu2026,ARTICLE,"Recent advances in non-alcoholic steatohepatitis-associated hepatocellular carcinoma: immune cells, metabolic dysregulation, and therapeutic strategies","Liu, Lisi and Duan, Xun and Ju, Baozhao",2026,Frontiers in Oncology,10.3389/fonc.2025.1744299,https://www.scopus.com/pages/publications/105029160224?origin=resultslist,,15,,Review,Cited by: 1; All Open Access; Gold Open Access; Green Open Access,True,True,True
Shokravi2026646,ARTICLE,"Glucagon-Like Peptide-1 Receptor Agonists Improve Cardiovascular Outcomes in Heart Failure with Preserved Ejection Fraction, Independent of Diabetes: A Systematic Review and Meta-Analysis","Shokravi, Arveen and Singh, Rishav and Sharma, Sohat and Seth, Jayant and Mancini, G.B. John",2026,CJC Open,10.1016/j.cjco.2026.02.008,https://www.scopus.com/pages/publications/105034049188?origin=resultslist,646 - 654,8,6,Review,Cited by: 0; All Open Access; Gold Open Access; Green Open Access,True,True,True
Rossi2026333,ARTICLE,Muscle loss and GLP-1R agonists use,"Rossi, Giada and Bucciarelli, Loredana and Mananguite, Chyrell-Lyn and Giovarelli, Matteo and Fiorina, Paolo",2026,Acta Diabetologica,10.1007/s00592-025-02611-2,https://www.scopus.com/pages/publications/105021245981?origin=resultslist,333 - 342,63,2,Review,Cited by: 21; All Open Access; Green Open Access; Hybrid Gold Open Access,True,True,True
Kanbay2026,ARTICLE,Clinical outcomes of glucagon-like peptide-1 receptor agonist therapy in kidney transplant recipients: a systematic review and meta-analysis,"Kanbay, Mehmet and Abdel-Rahman, Sama Mahmoud and Guldan, Mustafa and Ozbek, Lasin and Genc, Nur I and Ak, Ahmet B and Covic, Adrian and Goren, Hayri K",2026,Clinical Kidney Journal,10.1093/ckj/sfag105,https://www.scopus.com/pages/publications/105036520465?origin=resultslist,,19,4,Review,Cited by: 2; All Open Access; Gold Open Access; Green Open Access,True,True,True
Ábel2026,ARTICLE,Semaglutide-Mediated Remodeling of Adipose Tissue in Type 2 Diabetes: Molecular Mechanisms Beyond Glycemic Control,"Ábel, Tatjana and Csobod Csajbókné, Éva",2026,International Journal of Molecular Sciences,10.3390/ijms27031186,https://www.scopus.com/pages/publications/105030038942?origin=resultslist,,27,3,Review,Cited by: 6; All Open Access; Gold Open Access; Green Open Access,True,True,True
Etrusco2024,ARTICLE,"Incretin Hormone Secretion in Women with Polycystic Ovary Syndrome: Roles of Obesity, Insulin Sensitivity and Treatment with Metformin and GLP-1s","Etrusco, Andrea and Mikuš, Mislav and D’Amato, Antonio and Barra, Fabio and Planinić, Petar and Goluža, Trpimir and Buzzaccarini, Giovanni and Marušić, Jelena and Tešanović, Mara and Laganà, Antonio Simone",2024,Biomedicines,10.3390/biomedicines12030653,https://www.scopus.com/pages/publications/85188663951?origin=resultslist,,12,3,Review,Cited by: 27; All Open Access; Gold Open Access; Green Open Access,True,True,True
Andrzejczak2026,ARTICLE,GLP-1 Receptor Agonists in Chronic Inflammatory Skin Diseases: Immunometabolic Mechanisms and Translational Perspectives,"Andrzejczak, Klara and Kucharczyk, Emilia and Korgiel, Matylda and Drozdowska, Justyna and Maj, Joanna and Ponikowska, Małgorzata",2026,Pharmaceutics,10.3390/pharmaceutics18050605,https://www.scopus.com/pages/publications/105040155143?origin=resultslist,,18,5,Review,Cited by: 3; All Open Access; Gold Open Access; Green Open Access,True,True,True
Abdelhamid2025,ARTICLE,"Glucagon-like Peptide-1 Receptor Agonists in Heart Failure: Mechanisms, Evidence and Identifying Optimal Candidates","Abdelhamid, Magdy and Abdrabou, Mostafa M. and Faris, Emanuel and Kafas, Sameh El and Hosny, Mohamed and Hassan, Ahmed",2025,Cardiac Failure Review,10.15420/cfr.2025.17,https://www.scopus.com/pages/publications/105026713438?origin=resultslist,,11,,Review,Cited by: 7; All Open Access; Gold Open Access; Green Open Access,True,True,True
Eze2026,ARTICLE,Cancer outcomes and biological mechanisms among patients with type 2 diabetes mellitus using glucagon-like peptide-1 receptor agonists: a systematic review and meta-analysis,"Eze, Ejike Daniel and Ntakirutimana, Leopold and Terkimbi, Swase Dominic and Walle, Muluken and Umar, Abdullahi Hussein and Wondimu, Diresibachew Haile and Olubiyi, Makinde Vincent and Okeke, Onyinye Cynthia and Onaadepo, Olufunke and Abdulazeez, Jimoh and Ikwuka, David Chibuike and Ani, Elemi John and Alagbonsi, Abdullateef Isiaka",2026,Frontiers in Oncology,10.3389/fonc.2026.1859759,https://www.scopus.com/pages/publications/105046545928?origin=resultslist,,16,,Review,Cited by: 2; All Open Access; Gold Open Access; Green Open Access,True,True,True
La Vignera2026,ARTICLE,Effects of Incretin-Based Therapies on Testosterone Levels and Incretin Response in Men with Hypogonadism: A Systematic Literature Review Following PRISMA 2020 Guidelines,"La Vignera, Sandro and Condorelli, Rosita",2026,Pharmaceuticals,10.3390/ph19081321,https://www.scopus.com/pages/publications/105048526120?origin=resultslist,,19,8,Review,Cited by: 0; All Open Access; Gold Open Access; Green Open Access,True,True,True
van Niekerk202414,ARTICLE,GLP-1R agonist therapy and vaccine response: Neglected implications,"van Niekerk, Gustav and Coelmont, Lotte and Alpizar, Yeranddy A. and Kelchtermans, Lara and Broeckhoven, Elias and Dallmeier, Kai",2024,Cytokine and Growth Factor Reviews,10.1016/j.cytogfr.2024.07.006,https://www.scopus.com/pages/publications/85199046925?origin=resultslist,14 - 24,78,,Review,Cited by: 8; All Open Access; Green Open Access; Hybrid Gold Open Access,True,True,True
Hu2026,ARTICLE,Glucagon-like peptide-1 receptor agonists and advanced liver outcomes in type 2 diabetes: a systematic review and exploratory meta-analysis,"Hu, Jing-Hong and Chang, Ming-Ling and Huang, Tung-Jung and Liu, Nai-Jen and Hsieh, Yung-Yu",2026,Frontiers in Endocrinology,10.3389/fendo.2026.1874720,https://www.scopus.com/pages/publications/105044494629?origin=resultslist,,17,,Review,Cited by: 0; All Open Access; Gold Open Access; Green Open Access,True,True,True
Jones202618,ARTICLE,GLP-1 receptor agonist vs aspirin for primary prevention of colorectal cancer: Evidence from a real-world head-to-head comparison.,"Jones, Colton and Obomanu, Elvis and Neely, Ariana and Byfield, Karecia and Ugwu, Chidiebube and Megiso, Muluken and Verinumbe, Tarfa and Lewis, Danielle and Deepali, Fnu and Persad, Damion and Olliverrie, Akil and Arora, Sukeshi Patel",2026,Journal of Clinical Oncology,10.1200/JCO.2026.44.2_suppl.18,https://www.scopus.com/pages/publications/105040355073?origin=resultslist,18 - 18,44,,Review,Cited by: 4; All Open Access; Bronze Open Access,True,False,False
Tirandi2024,ARTICLE,"Role of glucagon-like peptide-1 receptor agonists in the treatment of obesity, cardiovascular disease, and cerebrovascular disease","Tirandi, Amedeo and Montecucco, Fabrizio and Carbone, Federico and Liberale, Luca",2024,Polish Archives of Internal Medicine,10.20452/pamw.16658,https://www.scopus.com/pages/publications/85186751128?origin=resultslist,,134,2,Review,Cited by: 18; All Open Access; Gold Open Access; Green Open Access,True,True,True
Rajan2026,ARTICLE,Current Insights and Future Directions on the Role of GLP-1 Receptor Agonists in Chronic Kidney Disease,"Rajan, Kavya and Jutley, Arjun Krishen and Holliday Jr, Michael W and Navaneethan, Sankar D",2026,International Journal of Nephrology and Renovascular Disease,10.2147/IJNRD.S522424,https://www.scopus.com/pages/publications/105033550828?origin=resultslist,,19,,Review,Cited by: 0; All Open Access; Gold Open Access; Green Open Access,True,True,True
Hong2024,ARTICLE,Role of glucagon-like peptide-1 receptor agonists in Alzheimer’s disease and Parkinson’s disease,"Hong, Chien-Tai and Chen, Jia-Hung and Hu, Chaur-Jong",2024,Journal of Biomedical Science,10.1186/s12929-024-01090-x,https://www.scopus.com/pages/publications/85208602828?origin=resultslist,,31,1,Review,Cited by: 68; All Open Access; Gold Open Access; Green Open Access,True,True,True
Curto2026,ARTICLE,Beyond weight loss: How metabolism in human adipocytes is shaped by GLP-1R agonists and dual GIPR/GLP-1R agonists,"Curto, Roberto and Giglione, Claudia and Cannarella, Rossella and Berisha, Hygerta and Hattab, Reham and Condorelli, Rosita A. and Vignera, Sandro La and Calogero, Aldo E. and Magni, Paolo",2026,Pharmacological Research,10.1016/j.phrs.2026.108278,https://www.scopus.com/pages/publications/105040742781?origin=resultslist,,230,,Review,Cited by: 0; All Open Access; Gold Open Access,True,True,False
Botros20241273,ARTICLE,INCRETIN-BASED THERAPY AND CANCER: ARE THEY ENEMIES OR ALLIES?; [العلاجات القائمة على الإنكريتين والسرطان: هل هم أعداء أم حلفاء؟],"Botros, Sandy R. and Matouk, Asmaa I. and Heeba, Gehan H.",2024,Bulletin of Pharmaceutical Sciences. Assiut,10.21608/bfsa.2024.308996.2222,https://www.scopus.com/pages/publications/85216215418?origin=resultslist,1273 - 1295,47,2,Review,Cited by: 0; All Open Access; Gold Open Access; Green Open Access,True,True,True
Mezabrovschi2026,ARTICLE,"GLP-1 and Parkinson’s Disease: A Comprehensive Review of Biology, Mechanisms and Efficacy","Mezabrovschi, Roxana and Gegg, Matthew E. and Schapira, Anthony H. V.",2026,Cells,10.3390/cells15090804,https://www.scopus.com/pages/publications/105038777545?origin=resultslist,,15,9,Review,Cited by: 0; All Open Access; Gold Open Access; Green Open Access,True,True,True
Lee2024,ARTICLE,Glucagon-like peptide-1 receptor agonists (GLP-1RAs) as treatment for nicotine cessation in psychiatric populations: a systematic review,"Lee, Serene and Li, Maggie and Le, Gia Han and Teopiz, Kayla M. and Vinberg, Maj and Ho, Roger and Au, Hezekiah C. T. and Wong, Sabrina and Valentino, Kyle and Kwan, Angela T. H. and Rosenblat, Joshua D. and McIntyre, Roger S.",2024,Annals of General Psychiatry,10.1186/s12991-024-00527-9,https://www.scopus.com/pages/publications/85209780257?origin=resultslist,,23,1,Review,Cited by: 19; All Open Access; Gold Open Access; Green Open Access,True,True,True
Wang2024,ARTICLE,Glucagon-like peptide-1 receptor agonists: new strategies and therapeutic targets to treat atherosclerotic cardiovascular disease,"Wang, Tianyu and Ding, Juncan and Cheng, Xinyi and Yang, Qiang and Hu, Pengfei",2024,Frontiers in Pharmacology,10.3389/fphar.2024.1396656,https://www.scopus.com/pages/publications/85192347436?origin=resultslist,,15,,Review,Cited by: 20; All Open Access; Gold Open Access; Green Open Access,True,True,True
Giamundo2026,ARTICLE,Contemporary Management of Acute Coronary Syndromes in the Cardiac Intensive Care Unit: From Rapid Diagnosis to Early Secondary Prevention,"Giamundo, Domenico Mario and Andò, Giuseppe and Mamas, Mamas A. and Pathak, Atul and Rosa, Salvatore De and Bernardi, Marco and Figliozzi, Stefano and Alasnag, Mirvat and Atar, Dan and Asher, Elad and Sabouret, Pierre",2026,Journal of Cardiovascular Development and Disease,10.3390/jcdd13080393,https://www.scopus.com/pages/publications/105048616978?origin=resultslist,,13,8,Review,Cited by: 0; All Open Access; Gold Open Access; Green Open Access,True,True,True
Pantazopoulos20253621,ARTICLE,"GLP-1 Receptor Agonists, DPP-4 Inhibitors and the Skin—Diabetes Meets Dermatology: A Brief Narrative Review","Pantazopoulos, Dimitrios and Gouveri, Evanthia and Papi, Massimo and Papazoglou, Dimitrios and Papanas, Nikolaos",2025,Advances in Therapy,10.1007/s12325-025-03257-w,https://www.scopus.com/pages/publications/105007289073?origin=resultslist,3621 - 3633,42,8,Review,Cited by: 10; All Open Access; Green Open Access; Hybrid Gold Open Access,True,True,True
Hashemi202595,ARTICLE,Pharmacologic Management of Heart Failure with Preserved Ejection Fraction (HFpEF) in Older Adults,"Hashemi, Ashkan and Kwak, Min Ji and Goyal, Parag",2025,Drugs and Aging,10.1007/s40266-024-01165-2,https://www.scopus.com/pages/publications/85217185563?origin=resultslist,95 - 110,42,2,Review,Cited by: 6; All Open Access; Green Open Access; Hybrid Gold Open Access,True,True,True
Panou2026,ARTICLE,New pharmacological agents and emerging therapeutic targets for painful diabetic neuropathy,"Panou, Theodoros and Papanas, Nikolaos and Kempler, Peter",2026,Frontiers in Endocrinology,10.3389/fendo.2026.1788702,https://www.scopus.com/pages/publications/105037638718?origin=resultslist,,17,,Review,Cited by: 1; All Open Access; Gold Open Access; Green Open Access,True,True,True
Bushi2025,ARTICLE,Association Between GLP1 RAs Use and Risk of Colorectal Cancer: A Systematic Review and Meta-Analysis,"Bushi, Ganesh and Gaidhane, Shilpa and Ballal, Suhas and Kumar, Sanjay and Bhat, Mahakshit and Sharma, Shilpa and Kumar, M. Ravi and Sinha, Aashna and Khatib, Mahalaqua Nazli and Rai, Nishant and Sah, Sanjit and Lakhanpal, Sorabh and Shabil, Muhammed",2025,Health Science Reports,10.1002/hsr2.70490,https://www.scopus.com/pages/publications/85218505560?origin=resultslist,,8,2,Review,Cited by: 14; All Open Access; Gold Open Access; Green Open Access,True,True,True
Piras2026,ARTICLE,GLP-1 and GIP in Type 1 Diabetes Therapy: A Time for Reappraisal?,"Piras, Grazia and Brasili, Sara and Demontis, Davide and Della Sala, Leonardo and Cocchiara, Francesco and Maggi, Davide Carlo and Arecco, Anna",2026,Diabetology,10.3390/diabetology7030050,https://www.scopus.com/pages/publications/105033954449?origin=resultslist,,7,3,Review,Cited by: 0; All Open Access; Gold Open Access; Green Open Access,True,True,True
Lizcano2025,ARTICLE,"Hormonal modulation, mitochondria and Alzheimer’s prevention: the role of GLP-1 agonists and estrogens","Lizcano, Fernando and Sanabria, Daniela and Aviles, Eliana",2025,Frontiers in Molecular Biosciences,10.3389/fmolb.2025.1622186,https://www.scopus.com/pages/publications/105010938801?origin=resultslist,,12,,Review,Cited by: 4; All Open Access; Gold Open Access; Green Open Access,True,True,True
Becker2026649,ARTICLE,GLP-1 Receptor Agonists and Fertility: What Is Known So Far?,"Becker, Alice Scalzilli and Prauchner de Castilhos, Júlia and Shugair, Sophia Abur Said and Colombo, Talita and Hentschke, Marta Ribeiro",2026,Jornal Brasileiro de Reproducao Assistida,10.5935/1518-0557.20260028,https://www.scopus.com/pages/publications/105048335864?origin=resultslist,649 - 657,30,3,Review,Cited by: 0; All Open Access; Bronze Open Access; Green Open Access,True,False,True
Argyrakopoulou2025,ARTICLE,Obesity and the Gut-Brain Axis in Type 1 Diabetes Mellitus: Terra Incognita?,"Argyrakopoulou, Georgia and Gitsi, Evdoxia and Dalamaga, Maria and Kokkinos, Alexander",2025,Current Obesity Reports,10.1007/s13679-025-00654-8,https://www.scopus.com/pages/publications/105011686471?origin=resultslist,,14,1,Review,Cited by: 4; All Open Access; Green Open Access; Hybrid Gold Open Access,True,True,True
Goudra2025,ARTICLE,Glucose-Lowering Agents Developed in the Last Two Decades and Their Perioperative Implications,"Goudra, Basavana and Merli, Geno J. and Green, Michael",2025,Pharmaceuticals,10.3390/ph18010004,https://www.scopus.com/pages/publications/85216117234?origin=resultslist,,18,1,Review,Cited by: 2; All Open Access; Gold Open Access; Green Open Access,True,True,True
Zhang2024,ARTICLE,Binding sites and design strategies for small molecule GLP-1R agonists,"Zhang, Haibo and Wu, Tianxiao and Wu, Yong and Peng, Yuran and Wei, Xian and Lu, Tao and Jiao, Yu",2024,European Journal of Medicinal Chemistry,10.1016/j.ejmech.2024.116632,https://www.scopus.com/pages/publications/85197028686?origin=resultslist,,275,,Review,Cited by: 17; All Open Access; Green Open Access,True,False,True
Lixi2026,ARTICLE,Beyond Glycemic Control: Ocular Effects of Glucagon-like Peptide-1 Receptor Agonists,"Lixi, Filippo and Troisi, Mario and Calabresi, Valerio and Giagoni, Anina and Rossi, Costanza and Timofte-Zorila, Mihaela-Madalina and Tarași, Tudor-Corneliu and Vitiello, Livio and Tomi, Mara-Ioana and Gheorghe, Alina-Gabriela and Coco, Giulia and Lanzolla, Giulia and Giannaccare, Giuseppe",2026,Vision (Switzerland),10.3390/vision10020029,https://www.scopus.com/pages/publications/105043133070?origin=resultslist,,10,2,Review,Cited by: 0; All Open Access; Gold Open Access; Green Open Access,True,True,True
Ramírez-Mejía2025,ARTICLE,GLP-1 receptor agonists and gallbladder disease risk: insights into molecular mechanisms and clinical implications,"Ramírez-Mejía, Mariana M. and Ponciano-Rodriguez, Guadalupe and Eslam, Mohammed and Méndez-Sánchez, Nahum",2025,Therapeutic Advances in Endocrinology and Metabolism,10.1177/20420188251406456,https://www.scopus.com/pages/publications/105025459067?origin=resultslist,,16,,Review,Cited by: 12; All Open Access; Gold Open Access; Green Open Access,True,True,True
Zhu2026,ARTICLE,Efficacy and safety of novel antidiabetic drugs in patients with type 2 diabetes and chronic kidney disease: a network meta-analysis,"Zhu, Xiaojian and Wang, Xingjia and Zhang, Peiru and Yang, Zhuoshi and Zhao, Na and Li, Jiameng and Shi, Yunze and Zhao, Yichen and Ma, Jian",2026,Frontiers in Endocrinology,10.3389/fendo.2026.1750615,https://www.scopus.com/pages/publications/105041408521?origin=resultslist,,17,,Review,Cited by: 0; All Open Access; Gold Open Access; Green Open Access,True,True,True
Scheen2024797,ARTICLE,Underuse of GLP-1 receptor agonists in the management of type 2 diabetes despite a favorable benefit-safety profile,"Scheen, André J.",2024,Expert Opinion on Drug Safety,10.1080/14740338.2024.2354885,https://www.scopus.com/pages/publications/85182898718?origin=resultslist,797 - 810,23,7,Review,Cited by: 15; All Open Access; Green Open Access,True,False,True
Raza2026,ARTICLE,Efficacy and Safety of Glucagon-Like Peptide 1 Receptor Agonists in Parkinson Disease: A Systematic Review and Meta-Analysis,"Raza, Hassan and Nizam, Bakhtmeena and Padaniya, Arif and Farid, Muhammad Aqib and Nabi, Amber and Hasan, Muhammad Qasim and Salih, Muhammad and Patel, Apurva Hiteshkumar and Inam, Noora and Rehman, Mohammad Ebad Ur and Khan, Usman and Alsubari, Asma'a Munasar Ali",2026,Brain and Behavior,10.1002/brb3.71344,https://www.scopus.com/pages/publications/105033580979?origin=resultslist,,16,4,Review,Cited by: 2; All Open Access; Gold Open Access; Green Open Access,True,True,True
de Oliveira2025,ARTICLE,Investigation of clinical outcomes on the oral or injectable use of semaglutide and cardiovascular risks: a systematic review,"de Oliveira, Barbara Vanzelli and Franco, Pedro Henrique Moura and Nogueira, Márcia Caparroz and Faria, Mikaell Alexandre Gouvêa",2025,International Journal of Nutrology,10.54448/ijn25207,https://www.scopus.com/pages/publications/105003469002?origin=resultslist,,18,2,Review,Cited by: 0; All Open Access; Gold Open Access,True,True,False
Yang2025,ARTICLE,Sex Differences in the Efficacy of Glucagon-Like Peptide-1 Receptor Agonists for Weight Reduction: A Systematic Review and Meta-Analysis,"Yang, Yucheng and He, Liyun and Han, Shumeng and Yang, Na and Liu, Yiwen and Wang, Xuechen and Li, Ziyi and Ping, Fan and Xu, Lingling and Li, Wei and Zhang, Huabing and Li, Yuxiu",2025,Journal of Diabetes,10.1111/1753-0407.70063,https://www.scopus.com/pages/publications/86000048883?origin=resultslist,,17,3,Review,Cited by: 71; All Open Access; Gold Open Access; Green Open Access,True,True,True
Bhaduri2026,ARTICLE,Burden and Risk of Depression in Patients Receiving Semaglutide: A Systematic Review and Meta-Analysis,"Bhaduri, Gaurab and Roy, Shilanjan and Kalia, Anchin and Gokalani, Rutul and Saboo, Banshi",2026,Clinical Obesity,10.1111/cob.70105,https://www.scopus.com/pages/publications/105047008962?origin=resultslist,,16,5,Review,Cited by: 0; All Open Access; Green Open Access,True,False,True
Kupnicka2024,ARTICLE,GLP-1 Receptor Agonists: A Promising Therapy for Modern Lifestyle Diseases with Unforeseen Challenges,"Kupnicka, Patrycja and Król, Małgorzata and Żychowska, Justyna and Łagowski, Ryszard and Prajwos, Eryk and Surówka, Anna and Chlubek, Dariusz",2024,Pharmaceuticals,10.3390/ph17111470,https://www.scopus.com/pages/publications/85210239691?origin=resultslist,,17,11,Review,Cited by: 13; All Open Access; Gold Open Access; Green Open Access,True,True,True
Lee2026,ARTICLE,Metabolic Flux Adaptations During GLP-1 Receptor Agonist Therapy: Redox Implications,"Lee, Jaewang and You, Ji Hyeon and Park, Hyun Jin and Roh, Jong-Lyel and Paek, Sun Ha",2026,Current Obesity Reports,10.1007/s13679-026-00709-4,https://www.scopus.com/pages/publications/105034627689?origin=resultslist,,15,1,Review,Cited by: 0; All Open Access; Green Open Access; Hybrid Gold Open Access,True,True,True
Khan2026,ARTICLE,"Integrating GLP-1 Receptor Agonists into Modern Stroke Prevention: Evidence, Mechanisms, and Clinical Consideration—A Narrative Review","Khan, Shayan and Herbst, William and Tajrishi, Farbod Zahedi and Notani, Sonali and Knight, Alexander and Jamil, Zina and Ferdinand, Keith C.",2026,Biomedicines,10.3390/biomedicines14040743,https://www.scopus.com/pages/publications/105037219631?origin=resultslist,,14,4,Review,Cited by: 2; All Open Access; Gold Open Access; Green Open Access,True,True,True
Marani2026,ARTICLE,Effects of GLP-1 Receptor Agonists on Psoriasis: An “Agent-Specific” Systematic Review of the Literature,"Marani, Andrea and Neri, Eleonora and Morea, Edvige and Bertolla, Davide and Gualdi, Giulio and Borghi, Alessandro and Conti, Andrea and Amerio, Paolo",2026,Journal of Clinical Medicine,10.3390/jcm15135126,https://www.scopus.com/pages/publications/105044626871?origin=resultslist,,15,13,Review,Cited by: 0; All Open Access; Gold Open Access; Green Open Access,True,True,True
Yu2025,ARTICLE,Impact of monotherapy and combination therapy with glucagon-like peptide-1 receptor agonists on exosomal and non-exosomal MicroRNA signatures in type 2 diabetes mellitus: a systematic review,"Yu, Haifeng and Davoudi, Maryam and Sadegh-Nejadi, Sahar and Miao, Xiaolei and Bagherieh, Molood and Afrisham, Reza",2025,Journal of Translational Medicine,10.1186/s12967-025-06461-y,https://www.scopus.com/pages/publications/105003821781?origin=resultslist,,23,1,Review,Cited by: 17; All Open Access; Gold Open Access; Green Open Access,True,True,True
Shah2025191,ARTICLE,Consensus Report on Glucagon-Like Peptide-1 Receptor Agonists as Adjunctive Treatment for Individuals With Type 1 Diabetes Using an Automated Insulin Delivery System,"Shah, Viral N. and Peters, Anne L. and Umpierrez, Guillermo E. and Sherr, Jennifer L. and Akturk, Halis Kaan and Aleppo, Grazia and Bally, Lia and Cengiz, Eda and Cinar, Ali and Dungan, Kathleen and Fabris, Chiara and Jacobs, Peter G. and Lal, Rayhan A. and Mader, Julia K. and Masharani, Umesh and Prahalad, Priya and Schmidt, Signe and Zijlstra, Eric and Ho, Cindy N. and Ayers, Alessandra T. and Tian, Tiffany and Aaron, Rachel E. and Klonoff, David C.",2025,Journal of Diabetes Science and Technology,10.1177/19322968241291512,https://www.scopus.com/pages/publications/85208779034?origin=resultslist,191 - 216,19,1,Review,Cited by: 28; All Open Access; Green Open Access; Hybrid Gold Open Access,True,True,True
Liu202510383,ARTICLE,The Clinical Application of GLP-1RAs and GLP-1/GIP Dual Receptor Agonists Based on Pharmacological Mechanisms: A Review,"Liu, Zhao and Yu, Shanshan and Jin, Xinyan and Sheng, Luguang and YanMu, Mai Re and Gao, Jie and Lu, Jun and Lei, Tao",2025,"Drug Design, Development and Therapy",10.2147/DDDT.S559919,https://www.scopus.com/pages/publications/105022651372?origin=resultslist,10383 - 10409,19,,Review,Cited by: 14; All Open Access; Gold Open Access; Green Open Access,True,True,True
Melnikov2026,ARTICLE,Beyond Weight Loss: Thromboinflammation as a Candidate Mechanism for the Cardiovascular Benefit of GLP-1 Receptor Agonists,"Melnikov, Ivan and Borodko, Daria and Alekseev, Vyacheslav",2026,Cells,10.3390/cells15171578,https://www.scopus.com/pages/publications/105050212075?origin=resultslist,,15,17,Review,Cited by: 0; All Open Access; Gold Open Access; Green Open Access,True,True,True
Temperley20262244,ARTICLE,Metabolic Modulation in Cancer Care: The Potential Role of Glucagon-Like Peptide-1 Receptor Agonists,"Temperley, Hugo C. and Kelly, Michael E.",2026,Journal of Clinical Oncology,10.1200/JCO-26-00062,https://www.scopus.com/pages/publications/105044611136?origin=resultslist,2244 - 2252,44,23,Review,Cited by: 0; All Open Access; Green Open Access,True,False,True
Tongta2025,ARTICLE,Neurobiological Mechanisms and Therapeutic Potential of Glucagon-like Peptide-1 Receptor Agonists in Binge Eating Disorder: A Narrative Review,"Tongta, Sujitra and Sungkaworn, Titiwat and Pathomthongtaweechai, Nutthapoom",2025,International Journal of Molecular Sciences,10.3390/ijms262210974,https://www.scopus.com/pages/publications/105023092417?origin=resultslist,,26,22,Review,Cited by: 12; All Open Access; Gold Open Access,True,True,False
Panou2026641,ARTICLE,Glucagon-Like Peptide-1 Receptor Agonists: Their Potential Role in Prediabetes,"Panou, Theodoros and Gouveri, Evanthia and Popovic, Djordje S. and Papazoglou, Dimitrios and Papanas, Nikolaos",2026,Diabetes Therapy,10.1007/s13300-026-01865-5,https://www.scopus.com/pages/publications/105035694652?origin=resultslist,641 - 669,17,5,Review,Cited by: 1; All Open Access; Gold Open Access; Green Open Access,True,True,True
Oesterle2025,ARTICLE,Glucagon-like Peptide-1 Receptor Agonists: A New Frontier in Treating Alcohol Use Disorder,"Oesterle, Tyler S. and Ho, Ming-Fen",2025,Brain Sciences,10.3390/brainsci15070702,https://www.scopus.com/pages/publications/105011482618?origin=resultslist,,15,7,Review,Cited by: 3; All Open Access; Gold Open Access; Green Open Access,True,True,True
Sancho-Haro2026,ARTICLE,"Optimizing Weight Loss in the GLP-1 Era: Preserving Muscle Mass, Function and Metabolic Health Through Precision Nutrition and Resistance Training","Sancho-Haro, Edgar and Muñoz-López, Mario and Baz-Valle, Eneko and Villanueva-Tobaldo, Carlota Valeria and Tornero-Aguilera, José Francisco and López-Gil, José Francisco and López-Moreno, Miguel and Martín-Rodríguez, Alexandra and Clemente-Suárez, Vicente Javier",2026,Pharmaceuticals,10.3390/ph19060897,https://www.scopus.com/pages/publications/105043090873?origin=resultslist,,19,6,Review,Cited by: 1; All Open Access; Gold Open Access; Green Open Access,True,True,True
Zaitoon2025,ARTICLE,Beyond Weight Loss: Optimizing GLP-1 Receptor Agonist Use in Children,"Zaitoon, Hussein and Wauters, Aimee D. and Rodriguez, Luisa M. and Lynch, Jane L.",2025,Children,10.3390/children12111427,https://www.scopus.com/pages/publications/105023056397?origin=resultslist,,12,11,Review,Cited by: 11; All Open Access; Gold Open Access; Green Open Access,True,True,True
Nijakowski2026,ARTICLE,Relationship Between GLP-1-Based Therapies and Periodontal Health: A Systematic Review of Current Evidence and Future Perspectives,"Nijakowski, Kacper and Gruszczyński, Dawid and Łacinik, Szymon and Zdrojewski, Jakub and Ottolenghi, Livia and Mazur, Marta",2026,International Journal of Molecular Sciences,10.3390/ijms27146447,https://www.scopus.com/pages/publications/105045898189?origin=resultslist,,27,14,Review,Cited by: 0; All Open Access; Gold Open Access; Green Open Access,True,True,True
Lin2026,ARTICLE,Inflammatory mechanisms in diabetic nephropathy: emerging insights and targeted therapeutics,"Lin, Shengnan and Shu, Zheng and Zhou, Mi and Jia, Zhen and Wei, Tianshu and Zhou, Xiaojun",2026,Frontiers in Medicine,10.3389/fmed.2025.1722159,https://www.scopus.com/pages/publications/105029171659?origin=resultslist,,12,,Review,Cited by: 4; All Open Access; Gold Open Access; Green Open Access,True,True,True
Alfaris2024,ARTICLE,"GLP-1 single, dual, and triple receptor agonists for treating type 2 diabetes and obesity: a narrative review","Alfaris, Nasreen and Waldrop, Stephanie and Johnson, Veronica and Boaventura, Brunna and Kendrick, Karla and Stanford, Fatima Cody",2024,eClinicalMedicine,10.1016/j.eclinm.2024.102782,https://www.scopus.com/pages/publications/85202532510?origin=resultslist,,75,,Review,Cited by: 185; All Open Access; Gold Open Access; Green Open Access,True,True,True
Wang2025,ARTICLE,Navigating Sarcopenia Risks in GLP-1RA Therapy for Advanced Heart Failure,"Wang, Winston and Green, Danielle and Ibrahim, Ramzi and Abdelnabi, Mahmoud and Pham, Hoang Nhat and Forst, Beani and Allam, Mohamed and Sarkis, Patrick and Bcharah, George and Farina, Juan and Ayoub, Chadi and Sorajja, Dan and Arsanjani, Reza",2025,Biomedicines,10.3390/biomedicines13051108,https://www.scopus.com/pages/publications/105006528202?origin=resultslist,,13,5,Review,Cited by: 6; All Open Access; Gold Open Access; Green Open Access,True,True,True
Wu2026,ARTICLE,Spatial-Bioenergetic-Immune Axis in Type 2 Diabetes Mellitus-Associated Sarcopenia: A Review from Pathogenesis to Targeted Reconstruction,"Wu, Lingfeng and Ye, Hong and Wang, Xiaofeng and Ding, Qinggang and Zhang, Wenlong",2026,Journal of Inflammation Research,10.2147/JIR.S627857,https://www.scopus.com/pages/publications/105048843483?origin=resultslist,,19,,Review,Cited by: 0; All Open Access; Gold Open Access; Green Open Access,True,True,True
Comşa2026600,ARTICLE,Anti-inflammatory Pathways of Novel Anti-diabetic Therapies. A Literature Review,"Comşa, Adina David and Comşa, Horaţiu and Cismaru, Gabriel and Roşu, Radu and Pop, Dana",2026,In Vivo,10.21873/invivo.14224,https://www.scopus.com/pages/publications/105026521135?origin=resultslist,600 - 627,40,1,Review,Cited by: 3; All Open Access; Gold Open Access; Green Open Access,True,True,True
Luo2026,ARTICLE,GLP-1 receptor agonists in eye disease: a comprehensive review of current research and future potential,"Luo, Yu and Xia, Yanting and Gong, Xiaohong and Hao, Meiling and Wei, Qiping and Liao, Liang",2026,BMC Ophthalmology,10.1186/s12886-025-04559-x,https://www.scopus.com/pages/publications/105026978849?origin=resultslist,,26,1,Review,Cited by: 8; All Open Access; Gold Open Access; Green Open Access,True,True,True
Bojórquez-González2026,ARTICLE,Biomarkers and Endothelial Damage in Obesity: An Insight into the Pharmacological Modulation,"Bojórquez-González, Arturo Yonatan and Gómez-Sánchez, Eduardo and Suarez-Rico, Daniel Osmar and Beltrán-Ramírez, Alberto and Balleza-Alejandri, Luis Ricardo and López-Murillo, Luis Daniel and Ramírez-Lizardo, Ernesto Javier and García-Galindo, Jesús Jonathan",2026,International Journal of Molecular Sciences,10.3390/ijms27083694,https://www.scopus.com/pages/publications/105037063049?origin=resultslist,,27,8,Review,Cited by: 0; All Open Access; Gold Open Access; Green Open Access,True,True,True
Ghusn2024,ARTICLE,"Glucagon-like Receptor-1 agonists for obesity: Weight loss outcomes, tolerability, side effects, and risks","Ghusn, Wissam and Hurtado, Maria D.",2024,Obesity Pillars,10.1016/j.obpill.2024.100127,https://www.scopus.com/pages/publications/85202950470?origin=resultslist,,12,,Review,Cited by: 115; All Open Access; Gold Open Access; Green Open Access,True,True,True
Klausen2026875,ARTICLE,Therapeutic Potential of Incretin-Based Therapies for Alcohol Use Disorder: A Narrative Review of Available Clinical Evidence,"Klausen, Mette Kruse and Fink-Jensen, Anders",2026,Biological Psychiatry,10.1016/j.biopsych.2026.07.010,https://www.scopus.com/pages/publications/105047402376?origin=resultslist,875 - 885,100,8,Review,Cited by: 0; All Open Access; Hybrid Gold Open Access,True,True,False
Scheen2024,ARTICLE,Similar incidence of stroke with SGLT2 inhibitors and GLP-1 receptor agonists in real-world cohort studies among patients with type 2 diabetes,"Scheen, André J.",2024,Diabetes Epidemiology and Management,10.1016/j.deman.2023.100179,https://www.scopus.com/pages/publications/85174701329?origin=resultslist,,13,,Review,Cited by: 1; All Open Access; Gold Open Access; Green Open Access,True,True,True
Urkon2025,ARTICLE,Antidiabetic GLP-1 Receptor Agonists Have Neuroprotective Properties in Experimental Animal Models of Alzheimer’s Disease,"Urkon, Melinda and Ferencz, Elek and Szász, József Attila and Szabo, Monica Iudita Maria and Orbán-Kis, Károly and Szatmári, Szabolcs and Nagy, Előd Ernő",2025,Pharmaceuticals,10.3390/ph18050614,https://www.scopus.com/pages/publications/105006529539?origin=resultslist,,18,5,Review,Cited by: 33; All Open Access; Gold Open Access; Green Open Access,True,True,True
Febrey2025,ARTICLE,"What Are the Experiences, Views and Perceptions of Patients, Carers and Clinicians of Glucagon-like Peptide-1 Receptor Agonists (GLP-1 RAs)? A Scoping Review","Febrey, Sam and Nunns, Michael and Buckland, Jill and Abbott, Rebecca and Bethel, Alison and Whear, Rebecca and Boddy, Kate and Melendez-Torres, G.J. and Coon, Jo Thompson and Shaw, Liz",2025,Health Expectations,10.1111/hex.70251,https://www.scopus.com/pages/publications/105002459766?origin=resultslist,,28,2,Review,Cited by: 15; All Open Access; Gold Open Access; Green Open Access,True,True,True
Gianoli2025,ARTICLE,"Harnessing adiponectin for sepsis: current knowledge, clinical insights and future therapies","Gianoli, Stefano and Tang, Justin and Odegard, Kirsten C. and Yuki, Koichi and Koutsogiannaki, Sophia",2025,Critical Care,10.1186/s13054-025-05516-2,https://www.scopus.com/pages/publications/105010565854?origin=resultslist,,29,1,Review,Cited by: 9; All Open Access; Gold Open Access; Green Open Access,True,True,True
Scheen2024,ARTICLE,Paradoxical real-life underuse of GLP-1 receptor agonists in type 2 diabetes patients with atherosclerotic cardiovascular disease: Underuse of GLP-1RAs in patients with ASCVD,"Scheen, André J.",2024,Diabetes Epidemiology and Management,10.1016/j.deman.2024.100197,https://www.scopus.com/pages/publications/85182894534?origin=resultslist,,14,,Review,Cited by: 7; All Open Access; Gold Open Access; Green Open Access,True,True,True
Martinelli2024,ARTICLE,Potential role of glucagon-like peptide-1 (GLP-1) receptor agonists in substance use disorder: A systematic review of randomized trials,"Martinelli, Silvia and Mazzotta, Alessandro and Longaroni, Mattia and Petrucciani, Niccolò",2024,Drug and Alcohol Dependence,10.1016/j.drugalcdep.2024.112424,https://www.scopus.com/pages/publications/85203847719?origin=resultslist,,264,,Review,Cited by: 48; All Open Access; Green Open Access; Hybrid Gold Open Access,True,True,True
Yang2025,ARTICLE,Research Progress on the Association Between GLP-1 Receptor Agonists and Cardiomyopathy,"Yang, Xiao and Li, Xinghui",2025,Reviews in Cardiovascular Medicine,10.31083/RCM37180,https://www.scopus.com/pages/publications/105016902870?origin=resultslist,,26,8,Review,Cited by: 5; All Open Access; Gold Open Access; Green Open Access,True,True,True
Sufaru2026,ARTICLE,"GLP-1 Receptor Agonists in Periodontology: Mechanisms, Clinical Evidence, and Implications for Care","Sufaru, Irina-Georgeta and Vasiliu, Bogdan Constantin and Hancianu, Monica and Stratul, Stefan-Ioan and Tatarciuc, Monica Silvia and Iovan, Gianina and Tatarciuc, Diana and Rudnic, Ioana and Hanu, Diana and Paduraru, Sorina and Solomon, Sorina Mihaela",2026,Biomolecules,10.3390/biom16060857,https://www.scopus.com/pages/publications/105043054438?origin=resultslist,,16,6,Review,Cited by: 0; All Open Access; Gold Open Access; Green Open Access,True,True,True
Gong2026,ARTICLE,"Glucagon-like Peptide-1 Receptor Agonists and Ocular Disease: Mechanisms, Evidence and Therapeutic Perspectives","Gong, Xiaoming and Örge, Faruk H.",2026,International Journal of Molecular Sciences,10.3390/ijms27031432,https://www.scopus.com/pages/publications/105030119966?origin=resultslist,,27,3,Review,Cited by: 2; All Open Access; Gold Open Access; Green Open Access,True,True,True
Persson2025,ARTICLE,A Closer Look at the Dermatological Profile of GLP-1 Agonists,"Persson, Calista and Eaton, Allison and Mayrovitz, Harvey N.",2025,Diseases,10.3390/diseases13050127,https://www.scopus.com/pages/publications/105006413787?origin=resultslist,,13,5,Review,Cited by: 30; All Open Access; Gold Open Access; Green Open Access,True,True,True
Zarei2026,ARTICLE,"GLP-1 receptor agonists as multisystem therapies: from glycemic control to cardiorenal, neuroimmune, and metabolic disease","Zarei, Malek and Hajiani, Yasamin",2026,Diabetology and Metabolic Syndrome,10.1186/s13098-026-02196-y,https://www.scopus.com/pages/publications/105047624439?origin=resultslist,,18,1,Review,Cited by: 0; All Open Access; Gold Open Access; Green Open Access,True,True,True
Alhindi2026201,ARTICLE,Mitochondrial remodeling as a effector of glp-1 therapy in obesity and diabetes: review,"Alhindi, Yosra",2026,Journal of Advanced Pharmacy Education and Research,10.51847/BfYe5LNqZa,https://www.scopus.com/pages/publications/105038388363?origin=resultslist,201 - 210,16,1,Review,Cited by: 0; All Open Access; Hybrid Gold Open Access,True,True,False
Heisey20266533,ARTICLE,"Rates of, Reasons for, and Reactions to Discontinuation of GLP-1 Receptor Agonists: A Narrative Review","Heisey, Henry D. and Gregg, L. Parker and Verrico, Christopher D. and Villareal, Dennis T. and Fletcher, Terri L.",2026,"Diabetes, Obesity and Metabolism",10.1111/dom.70913,https://www.scopus.com/pages/publications/105040815404?origin=resultslist,6533 - 6549,28,8,Review,Cited by: 0; All Open Access; Green Open Access; Hybrid Gold Open Access,True,True,True
Danesh-Meyer2026554,ARTICLE,Is There a Causal Link Between GLP-1 Receptor Agonists and Non-Arteritic Anterior Ischaemic Optic Neuropathy? A Critique of the Clinical Evidence,"Danesh-Meyer, Helen V. and Rizzo, Joseph F.",2026,Clinical and Experimental Ophthalmology,10.1111/ceo.70096,https://www.scopus.com/pages/publications/105036219670?origin=resultslist,554 - 564,54,4,Review,Cited by: 0; All Open Access; Hybrid Gold Open Access,True,True,False
Alharbi2024,ARTICLE,Anti-inflammatory role of glucagon-like peptide 1 receptor agonists and its clinical implications,"Alharbi, Saleh Hadi",2024,Therapeutic Advances in Endocrinology and Metabolism,10.1177/20420188231222367,https://www.scopus.com/pages/publications/85183654704?origin=resultslist,,15,,Review,Cited by: 299; All Open Access; Gold Open Access; Green Open Access,True,True,True
Facciorusso2026737,ARTICLE,Practical management of glucagon-like peptide-1 receptor agonists in gastroenterology: a position paper by the Italian Society of Gastroenterology (SIGE),"Facciorusso, Antonio and Giannini, Edoardo G and Tacelli, Matteo and Zanetto, Alberto and Spada, Cristiano and Boskoski, Ivo and Furnari, Manuele and Pennisi, Grazia and Capurso, Gabriele and Vitello, Alessandro and Marasco, Giovanni and Sarnelli, Giovanni and Frulloni, Luca and Maida, Marcello",2026,Digestive and Liver Disease,10.1016/j.dld.2026.02.018,https://www.scopus.com/pages/publications/105033114468?origin=resultslist,737 - 746,58,6,Review,Cited by: 1; All Open Access; Green Open Access; Hybrid Gold Open Access,True,True,True
Sioufi2026,ARTICLE,The effect of GLP-1 receptor agonists on autophagy: insights gathered from research evaluating neurodegenerative disorders with these agents,"Sioufi, Maria-Christina and Heroiu, Isabela and Wong, Sabrina and Le, Gia Han and Dri, Christine E. and Zheng, Yang Jing and Teopiz, Kayla M. and Rhee, Taeho Greg and Lo, Heidi Ka Ying and Guillen-Burgos, Hernan F. and Mcintyre, Roger S.",2026,Acta Neuropsychiatrica,10.1017/neu.2026.10060,https://www.scopus.com/pages/publications/105030617580?origin=resultslist,,38,,Review,Cited by: 3; All Open Access; Green Open Access; Hybrid Gold Open Access,True,True,True
Mendonça2026,ARTICLE,Efficacy and safety of GLP-1 receptor agonists in Parkinson’s disease: a systematic review and meta-analysis of randomized clinical trials,"Mendonça, Miguel F. and Interaminense, Arthur C. and do R. Barros, Guilherme S. T. and Rabelo, Luciana A. and de Oliveira, Pedro G. and Sales, Rafael F. and de C. Lyra, Arine M. V. and de S. e Silva, Hugo R.",2026,Neurological Sciences,10.1007/s10072-026-09084-3,https://www.scopus.com/pages/publications/105038473409?origin=resultslist,,47,6,Review,Cited by: 1; All Open Access; Green Open Access; Hybrid Gold Open Access,True,True,True
Stougaard2025799,ARTICLE,"Combining SGLT2is, GLP1-RAs and nsMRAs in Diabetes: A Scoping Review of Current and Future Perspectives","Stougaard, Elisabeth Buur and Curovic, Viktor Rotbain and Hansen, Tine Willum",2025,Diabetes Therapy,10.1007/S13300-025-01726-7,https://www.scopus.com/pages/publications/105000132494?origin=resultslist,799 - 811,16,5,Review,Cited by: 9; All Open Access; Gold Open Access; Green Open Access,True,True,True
Elian2025,ARTICLE,Molecular Biomarkers and Therapeutic Approach of Patients with Diabetes and Obstructive Sleep Apnea,"Elian, Viviana and Popovici, Violeta and Steriade, Alexandru Tudor and Radulian, Gabriela and Ozon, Emma Adriana and Moroșan, Elena and Musat, Madalina",2025,International Journal of Molecular Sciences,10.3390/ijms262010234,https://www.scopus.com/pages/publications/105020236758?origin=resultslist,,26,20,Review,Cited by: 5; All Open Access; Gold Open Access; Green Open Access,True,True,True
Zhou2026807,ARTICLE,Effects of Glucagon-Like Peptide-1 Receptor Agonists After Treatment Withdrawal: A Systematic Review and Meta-Analysis,"Zhou, Lei and Wei, Aiming and Pan, Chongsheng and Zhang, Jing and Hu, Peiqun and Li, Xiaoyi and Zhao, Xinyu and Hu, Yushi and He, Benxiang and Liu, Yunlu and Dan, Ranlin and Xu, Wen and Liang, Xinyue and Pan, Xiongfei and Zhu, Tianmin and Li, Hui and Wang, Yang",2026,Journal of General Internal Medicine,10.1007/s11606-025-09950-4,https://www.scopus.com/pages/publications/105022297077?origin=resultslist,807 - 818,41,3,Review,Cited by: 4; All Open Access; Green Open Access,True,False,True
Agurs-Collins2026,ARTICLE,GLP-1 Receptor Agonist Use in Cancer Survivors—Challenges and Opportunities: A Narrative Review,"Agurs-Collins, Tanya and Sauter, Edward R.",2026,Cancers,10.3390/cancers18162714,https://www.scopus.com/pages/publications/105048460650?origin=resultslist,,18,16,Review,Cited by: 0; All Open Access; Gold Open Access; Green Open Access,True,True,True
Sibal2025,ARTICLE,"Macronutrient, Micronutrient Supplementation and Monitoring for Patients on GLP-1 Agonists: Can We Learn from Metabolic and Bariatric Surgery?","Sibal, Rhea and Balamurugan, G. and Langley, Jasmine and Graham, Yitka and Mahawar, Kamal",2025,Nutrients,10.3390/nu17233659,https://www.scopus.com/pages/publications/105024443788?origin=resultslist,,17,23,Review,Cited by: 14; All Open Access; Gold Open Access; Green Open Access,True,True,True
Schifano2026,ARTICLE,"GLP-1 and dual GIP/GLP-1 receptor agonists’ psychopharmacology and putative neuropsychiatric associated effects: a Bradford Hill–informed, systematic, evaluation","Schifano, F. and De Luca, M.A. and Bonaccorso, S. and Arillotta, Davide and Floresta, G. and Martinotti, G. and Papanti, G.D. and Corkery, J.M. and Chiappini, S. and Guirguis, A.",2026,Current Psychiatry Reports,10.1007/s11920-026-01709-w,https://www.scopus.com/pages/publications/105047937695?origin=resultslist,,28,1,Review,Cited by: 0; All Open Access; Green Open Access; Hybrid Gold Open Access,True,True,True
Karakasis2024,ARTICLE,Mitigating Increased Cardiovascular Risk in Patients with Obstructive Sleep Apnea Using GLP-1 Receptor Agonists and SGLT2 Inhibitors: Hype or Hope?,"Karakasis, Paschalis and Sagris, Marios and Patoulias, Dimitrios and Koufakis, Theocharis and Theofilis, Panagiotis and Klisic, Aleksandra and Fragakis, Nikolaos and El Tanani, Mohamed and Rizzo, Manfredi",2024,Biomedicines,10.3390/biomedicines12112503,https://www.scopus.com/pages/publications/85210447222?origin=resultslist,,12,11,Review,Cited by: 21; All Open Access; Gold Open Access; Green Open Access,True,True,True
Wu2026,ARTICLE,GLP-1 receptor agonists in obesity-related knee osteoarthritis: from weight loss to therapeutic pathway reconstruction,"Wu, Jincan and Lei, Ying and Sa, Ren and Zhong, Yongquan and Lu, Yunqiong",2026,Frontiers in Pharmacology,10.3389/fphar.2026.1856307,https://www.scopus.com/pages/publications/105044500742?origin=resultslist,,17,,Review,Cited by: 0; All Open Access; Gold Open Access,True,True,False
Lin2025,ARTICLE,Glucagon-like peptide 1 receptor agonists and cancer risk: advancing precision medicine through mechanistic understanding and clinical evidence,"Lin, Anqi and Ding, Yanxi and Li, Zhengrui and Jiang, Aimin and Liu, Zaoqu and Wong, Hank Z. H. and Cheng, Quan and Zhang, Jian and Luo, Peng",2025,Biomarker Research,10.1186/s40364-025-00765-3,https://www.scopus.com/pages/publications/105001399325?origin=resultslist,,13,1,Review,Cited by: 50; All Open Access; Gold Open Access; Green Open Access,True,True,True
Jalleh2026,ARTICLE,The science of safety: adverse effects of GLP-1 receptor agonists as glucose-lowering and obesity medications,"Jalleh, Ryan J. and Talley, Nicholas J. and Horowitz, Michael and Nauck, Michael A.",2026,The Journal of clinical investigation,10.1172/JCI194740,https://www.scopus.com/pages/publications/105030225807?origin=resultslist,,136,4,Review,Cited by: 19; All Open Access; Gold Open Access; Green Open Access,True,True,True
Wang2025,ARTICLE,Perioperative Considerations of Novel Antidiabetic Agents in Heart Failure Patients Undergoing Cardiac Surgery,"Wang, Ashley and Bitzas, Savannah and Perez, Dilsa and Schwartz, Jonathon and Zaidi, Saleem and Oster, Jonathan and Bergese, Sergio D.",2025,Life,10.3390/life15030427,https://www.scopus.com/pages/publications/105001328186?origin=resultslist,,15,3,Review,Cited by: 3; All Open Access; Gold Open Access; Green Open Access,True,True,True
Arredouani2025,ARTICLE,"GLP-1 receptor agonists, are we witnessing the emergence of a paradigm shift for neuro-cardio-metabolic disorders?","Arredouani, Abdelilah",2025,Pharmacology and Therapeutics,10.1016/j.pharmthera.2025.108824,https://www.scopus.com/pages/publications/85218456662?origin=resultslist,,269,,Review,Cited by: 29; All Open Access; Green Open Access; Hybrid Gold Open Access,True,True,True
Pirera2025,ARTICLE,"Efficacy of SGLT2 Inhibitors, GLP-1 Receptor Agonists, DPP-4 Inhibitors, and Sulfonylureas on Moderate-to-Severe COPD Exacerbations Among Patients with Type 2 Diabetes: A Systematic Review and Network Meta-Analysis","Pirera, Edoardo and Di Raimondo, Domenico and D’Anna, Lucio and Tuttolomondo, Antonino",2025,Pharmaceuticals,10.3390/ph18091337,https://www.scopus.com/pages/publications/105017140330?origin=resultslist,,18,9,Review,Cited by: 6; All Open Access; Gold Open Access; Green Open Access,True,True,True
